// MilkShape 3D ASCII

Frames: 30
Frame: 1

Meshes: 12
"Frame_SCE1" 0 0
320
0 -49.777802 52.013302 19.691225 0.154211 0.049151 -1
0 -52.025700 49.765400 19.691225 0.138596 0.049151 -1
0 -51.227497 48.967201 19.691225 0.144141 0.049151 -1
0 0.387300 -71.040398 20.967323 0.502690 0.000000 -1
0 0.387300 -71.785095 20.967323 0.502690 0.000000 -1
0 1.132000 -71.040398 20.967323 0.507863 0.000000 -1
0 49.959297 -50.506996 -4.994475 0.847050 1.000000 -1
0 49.432701 -51.033600 -4.994475 0.843392 1.000000 -1
0 49.432701 -51.033600 20.967323 0.843392 0.000000 -1
0 49.959297 -51.560200 -4.994475 0.847050 1.000000 -1
0 49.959297 -51.560200 20.967323 0.847050 0.000000 -1
0 50.485897 -51.033600 -4.994475 0.850708 1.000000 -1
0 49.959297 -50.506996 20.967323 0.847050 0.000000 -1
0 50.485897 -51.033600 20.967323 0.850708 0.000000 -1
0 51.052601 -49.413700 -4.994475 0.854645 1.000000 -1
0 50.526001 -49.940300 -4.994475 0.850986 1.000000 -1
0 50.526001 -49.940300 20.967323 0.850986 0.000000 -1
0 51.052601 -50.466900 -4.994475 0.854645 1.000000 -1
0 51.052601 -50.466900 20.967323 0.854645 0.000000 -1
0 51.579201 -49.940300 -4.994475 0.858303 1.000000 -1
0 51.052601 -49.413700 20.967323 0.854645 0.000000 -1
0 51.579201 -49.940300 20.967323 0.858303 0.000000 -1
0 51.215099 -48.979603 -3.718376 0.855773 0.950849 -1
0 48.967201 -51.227497 -3.718376 0.840158 0.950849 -1
0 48.967201 -51.227497 -3.389175 0.840158 0.938167 -1
0 -50.466900 51.052601 -4.994475 0.149424 1.000000 -1
0 -49.940300 50.526001 -4.994475 0.153083 1.000000 -1
0 -49.940300 50.526001 20.967323 0.153083 0.000000 -1
0 -49.940300 51.579201 -4.994475 0.153083 1.000000 -1
0 -49.413700 51.052601 -4.994475 0.156741 1.000000 -1
0 -49.940300 51.579201 20.967323 0.153083 0.000000 -1
0 -49.413700 51.052601 20.967323 0.156741 0.000000 -1
0 -50.466900 51.052601 20.967323 0.149424 0.000000 -1
0 -48.979603 51.215099 -3.718376 0.159756 0.950849 -1
0 -48.979603 51.215099 -3.389175 0.159756 0.938167 -1
0 -51.227497 48.967201 -3.389175 0.144141 0.938167 -1
0 -52.025700 49.765400 -3.718376 0.138596 0.950849 -1
0 -51.227497 48.967201 -3.718376 0.144141 0.950849 -1
0 -49.777802 52.013302 -3.718376 0.154211 0.950849 -1
0 -49.777802 52.013302 -3.389175 0.154211 0.938167 -1
0 -52.025700 49.765400 -3.389175 0.138596 0.938167 -1
0 -48.979603 51.215099 19.362024 0.159756 0.061833 -1
0 -48.979603 51.215099 19.691225 0.159756 0.049151 -1
0 -52.025700 49.765400 19.362024 0.138596 0.061833 -1
0 -51.227497 48.967201 19.362024 0.144141 0.061833 -1
0 -49.777802 52.013302 19.362024 0.154211 0.061833 -1
0 49.765400 -52.025700 -3.718376 0.845703 0.950849 -1
0 49.765400 -52.025700 -3.389175 0.845703 0.938167 -1
0 51.215099 -48.979603 -3.389175 0.855773 0.938167 -1
0 52.013302 -49.777802 -3.718376 0.861318 0.950849 -1
0 52.013302 -49.777802 -3.389175 0.861318 0.938167 -1
0 51.215099 -48.979603 19.691225 0.855773 0.049151 -1
0 51.215099 -48.979603 19.362024 0.855773 0.061833 -1
0 48.967201 -51.227497 19.691225 0.840158 0.049151 -1
0 48.967201 -51.227497 19.362024 0.840158 0.061833 -1
0 49.765400 -52.025700 19.362024 0.845703 0.061833 -1
0 52.013302 -49.777802 19.362024 0.861318 0.061833 -1
0 52.013302 -49.777802 19.691225 0.861318 0.049151 -1
0 49.765400 -52.025700 19.691225 0.845703 0.049151 -1
0 51.215099 -48.979603 8.596424 0.855773 0.476505 -1
0 51.215099 -48.979603 8.267124 0.855773 0.489186 -1
0 48.967201 -51.227497 8.596424 0.840158 0.476505 -1
0 48.967201 -51.227497 8.267124 0.840158 0.489186 -1
0 49.765400 -52.025700 8.267124 0.845703 0.489186 -1
0 52.013302 -49.777802 8.267124 0.861318 0.489186 -1
0 52.013302 -49.777802 8.596424 0.861318 0.476505 -1
0 49.765400 -52.025700 8.596424 0.845703 0.476505 -1
0 -51.033600 49.432701 -4.994475 0.145488 1.000000 -1
0 -50.506996 49.959297 -4.994475 0.149146 1.000000 -1
0 -51.033600 49.432701 20.967323 0.145488 0.000000 -1
0 -51.560200 49.959297 20.967323 0.141830 0.000000 -1
0 -51.560200 49.959297 -4.994475 0.141830 1.000000 -1
0 -51.033600 50.485897 -4.994475 0.145488 1.000000 -1
0 -50.506996 49.959297 20.967323 0.149146 0.000000 -1
0 -51.033600 50.485897 20.967323 0.145488 0.000000 -1
0 -51.227497 48.967201 8.267124 0.144141 0.489186 -1
0 -48.979603 51.215099 8.267124 0.159756 0.489186 -1
0 -51.227497 48.967201 8.596424 0.144141 0.476505 -1
0 -52.025700 49.765400 8.596424 0.138596 0.476505 -1
0 -52.025700 49.765400 8.267124 0.138596 0.489186 -1
0 -49.777802 52.013302 8.267124 0.154211 0.489186 -1
0 -48.979603 51.215099 8.596424 0.159756 0.476505 -1
0 -49.777802 52.013302 8.596424 0.154211 0.476505 -1
0 50.506996 49.959297 20.967323 0.850854 0.000000 -1
0 50.506996 49.959297 -4.994475 0.850854 1.000000 -1
0 51.033600 49.432701 20.967323 0.854512 0.000000 -1
0 51.033600 49.432701 -4.994475 0.854512 1.000000 -1
0 51.560200 49.959297 -4.994475 0.858170 1.000000 -1
0 51.033600 50.485897 -4.994475 0.854512 1.000000 -1
0 51.033600 50.485897 20.967323 0.854512 0.000000 -1
0 51.560200 49.959297 20.967323 0.858170 0.000000 -1
0 49.413700 51.052601 20.967323 0.843259 0.000000 -1
0 49.413700 51.052601 -4.994475 0.843259 1.000000 -1
0 49.940300 50.526001 20.967323 0.846917 0.000000 -1
0 49.940300 50.526001 -4.994475 0.846917 1.000000 -1
0 50.466900 51.052601 -4.994475 0.850576 1.000000 -1
0 49.940300 51.579201 -4.994475 0.846917 1.000000 -1
0 49.940300 51.579201 20.967323 0.846917 0.000000 -1
0 50.466900 51.052601 20.967323 0.850576 0.000000 -1
0 48.979603 51.215099 -3.389175 0.840244 0.938167 -1
0 48.979603 51.215099 -3.718376 0.840244 0.950849 -1
0 51.227497 48.967201 -3.389175 0.855859 0.938167 -1
0 51.227497 48.967201 -3.718376 0.855859 0.950849 -1
0 52.025700 49.765400 -3.718376 0.861404 0.950849 -1
0 49.777802 52.013302 -3.718376 0.845789 0.950849 -1
0 49.777802 52.013302 -3.389175 0.845789 0.938167 -1
0 52.025700 49.765400 -3.389175 0.861404 0.938167 -1
0 48.979603 51.215099 19.691225 0.840244 0.049151 -1
0 48.979603 51.215099 19.362024 0.840244 0.061833 -1
0 51.227497 48.967201 19.691225 0.855859 0.049151 -1
0 51.227497 48.967201 19.362024 0.855859 0.061833 -1
0 52.025700 49.765400 19.362024 0.861404 0.061833 -1
0 49.777802 52.013302 19.362024 0.845789 0.061833 -1
0 49.777802 52.013302 19.691225 0.845789 0.049151 -1
0 52.025700 49.765400 19.691225 0.861404 0.049151 -1
0 48.979603 51.215099 8.596424 0.840244 0.476505 -1
0 48.979603 51.215099 8.267124 0.840244 0.489186 -1
0 51.227497 48.967201 8.596424 0.855859 0.476505 -1
0 51.227497 48.967201 8.267124 0.855859 0.489186 -1
0 52.025700 49.765400 8.267124 0.861404 0.489186 -1
0 49.777802 52.013302 8.267124 0.845789 0.489186 -1
0 49.777802 52.013302 8.596424 0.845789 0.476505 -1
0 52.025700 49.765400 8.596424 0.861404 0.476505 -1
0 -49.432701 -51.033600 -4.994475 0.156608 1.000000 -1
0 -49.959297 -50.506996 -4.994475 0.152950 1.000000 -1
0 -49.432701 -51.033600 20.967323 0.156608 0.000000 -1
0 -49.959297 -51.560200 20.967323 0.152950 0.000000 -1
0 -49.959297 -51.560200 -4.994475 0.152950 1.000000 -1
0 -50.485897 -51.033600 -4.994475 0.149292 1.000000 -1
0 -49.959297 -50.506996 20.967323 0.152950 0.000000 -1
0 -50.485897 -51.033600 20.967323 0.149292 0.000000 -1
0 -50.526001 -49.940300 -4.994475 0.149014 1.000000 -1
0 -51.052601 -49.413700 -4.994475 0.145355 1.000000 -1
0 -50.526001 -49.940300 20.967323 0.149014 0.000000 -1
0 -51.052601 -50.466900 20.967323 0.145355 0.000000 -1
0 -51.052601 -50.466900 -4.994475 0.145355 1.000000 -1
0 -51.579201 -49.940300 -4.994475 0.141697 1.000000 -1
0 -51.052601 -49.413700 20.967323 0.145355 0.000000 -1
0 -51.579201 -49.940300 20.967323 0.141697 0.000000 -1
0 -48.967201 -51.227497 -3.718376 0.159842 0.950849 -1
0 -51.215099 -48.979603 -3.718376 0.144227 0.950849 -1
0 -48.967201 -51.227497 -3.389175 0.159842 0.938167 -1
0 -49.765400 -52.025700 -3.389175 0.154297 0.938167 -1
0 -49.765400 -52.025700 -3.718376 0.154297 0.950849 -1
0 -52.013302 -49.777802 -3.718376 0.138682 0.950849 -1
0 -51.215099 -48.979603 -3.389175 0.144227 0.938167 -1
0 -52.013302 -49.777802 -3.389175 0.138682 0.938167 -1
0 -48.967201 -51.227497 19.362024 0.159842 0.061833 -1
0 -51.215099 -48.979603 19.362024 0.144227 0.061833 -1
0 -48.967201 -51.227497 19.691225 0.159842 0.049151 -1
0 -49.765400 -52.025700 19.691225 0.154297 0.049151 -1
0 -49.765400 -52.025700 19.362024 0.154297 0.061833 -1
0 -52.013302 -49.777802 19.362024 0.138682 0.061833 -1
0 -51.215099 -48.979603 19.691225 0.144227 0.049151 -1
0 -52.013302 -49.777802 19.691225 0.138682 0.049151 -1
0 -48.967201 -51.227497 8.267124 0.159842 0.489186 -1
0 -51.215099 -48.979603 8.267124 0.144227 0.489186 -1
0 -48.967201 -51.227497 8.596424 0.159842 0.476505 -1
0 -49.765400 -52.025700 8.596424 0.154297 0.476505 -1
0 -49.765400 -52.025700 8.267124 0.154297 0.489186 -1
0 -52.013302 -49.777802 8.267124 0.138682 0.489186 -1
0 -51.215099 -48.979603 8.596424 0.144227 0.476505 -1
0 -52.013302 -49.777802 8.596424 0.138682 0.476505 -1
0 71.040398 -0.387300 20.967323 0.993492 0.000000 -1
0 71.040398 -0.387300 -4.994475 0.993492 1.000000 -1
0 71.040398 -1.132000 20.967323 0.993493 0.000000 -1
0 71.040398 -1.132000 -4.994475 0.993493 1.000000 -1
0 71.785095 -1.132000 -4.994475 0.998666 1.000000 -1
0 71.785095 -0.387300 -4.994475 0.998666 1.000000 -1
0 71.785095 -0.387300 20.967323 0.998666 0.000000 -1
0 71.785095 -1.132000 20.967323 0.998666 0.000000 -1
0 71.040398 1.158900 20.967323 0.993492 0.000000 -1
0 71.040398 1.158900 -4.994475 0.993492 1.000000 -1
0 71.040398 0.414200 20.967323 0.993493 0.000000 -1
0 71.040398 0.414200 -4.994475 0.993493 1.000000 -1
0 71.785095 0.414200 -4.994475 0.998666 1.000000 -1
0 71.785095 1.158900 -4.994475 0.998666 1.000000 -1
0 71.785095 1.158900 20.967323 0.998666 0.000000 -1
0 71.785095 0.414200 20.967323 0.998666 0.000000 -1
0 70.848396 1.580700 -3.389175 0.992159 0.938167 -1
0 70.848396 1.580700 -3.718376 0.992159 0.950849 -1
0 70.848396 -1.598200 -3.389175 0.992159 0.938167 -1
0 70.848396 -1.598200 -3.718376 0.992159 0.950849 -1
0 71.977196 -1.598200 -3.718376 1.000000 0.950849 -1
0 71.977196 1.580700 -3.718376 1.000000 0.950849 -1
0 71.977196 1.580700 -3.389175 1.000000 0.938167 -1
0 71.977196 -1.598200 -3.389175 1.000000 0.938167 -1
0 70.848396 1.580700 19.691225 0.992159 0.049151 -1
0 70.848396 1.580700 19.362024 0.992159 0.061833 -1
0 70.848396 -1.598200 19.691225 0.992159 0.049151 -1
0 70.848396 -1.598200 19.362024 0.992159 0.061833 -1
0 71.977196 -1.598200 19.362024 1.000000 0.061833 -1
0 71.977196 1.580700 19.362024 1.000000 0.061833 -1
0 71.977196 1.580700 19.691225 1.000000 0.049151 -1
0 71.977196 -1.598200 19.691225 1.000000 0.049151 -1
0 70.848396 1.580700 8.596424 0.992159 0.476505 -1
0 70.848396 1.580700 8.267124 0.992159 0.489186 -1
0 70.848396 -1.598200 8.596424 0.992159 0.476505 -1
0 70.848396 -1.598200 8.267124 0.992159 0.489186 -1
0 71.977196 -1.598200 8.267124 1.000000 0.489186 -1
0 71.977196 1.580700 8.267124 1.000000 0.489186 -1
0 71.977196 1.580700 8.596424 1.000000 0.476505 -1
0 71.977196 -1.598200 8.596424 1.000000 0.476505 -1
0 -71.040398 -1.132000 -4.994475 0.006507 1.000000 -1
0 -71.040398 -0.387300 -4.994475 0.006507 1.000000 -1
0 -71.040398 -1.132000 20.967323 0.006507 0.000000 -1
0 -71.785095 -1.132000 20.967323 0.001334 0.000000 -1
0 -71.785095 -1.132000 -4.994475 0.001334 1.000000 -1
0 -71.785095 -0.387300 -4.994475 0.001334 1.000000 -1
0 -71.040398 -0.387300 20.967323 0.006507 0.000000 -1
0 -71.785095 -0.387300 20.967323 0.001334 0.000000 -1
0 -71.040398 0.414200 -4.994475 0.006507 1.000000 -1
0 -71.040398 1.158900 -4.994475 0.006507 1.000000 -1
0 -71.040398 0.414200 20.967323 0.006507 0.000000 -1
0 -71.785095 0.414200 20.967323 0.001334 0.000000 -1
0 -71.785095 0.414200 -4.994475 0.001334 1.000000 -1
0 -71.785095 1.158900 -4.994475 0.001334 1.000000 -1
0 -71.040398 1.158900 20.967323 0.006507 0.000000 -1
0 -71.785095 1.158900 20.967323 0.001334 0.000000 -1
0 -70.848396 -1.598200 -3.718376 0.007841 0.950849 -1
0 -70.848396 1.580700 -3.718376 0.007841 0.950849 -1
0 -70.848396 -1.598200 -3.389175 0.007841 0.938167 -1
0 -71.977196 -1.598200 -3.389175 0.000000 0.938167 -1
0 -71.977196 -1.598200 -3.718376 0.000000 0.950849 -1
0 -71.977196 1.580700 -3.718376 0.000000 0.950849 -1
0 -70.848396 1.580700 -3.389175 0.007841 0.938167 -1
0 -71.977196 1.580700 -3.389175 0.000000 0.938167 -1
0 -70.848396 -1.598200 19.362024 0.007841 0.061833 -1
0 -70.848396 1.580700 19.362024 0.007841 0.061833 -1
0 -70.848396 -1.598200 19.691225 0.007841 0.049151 -1
0 -71.977196 -1.598200 19.691225 0.000000 0.049151 -1
0 -71.977196 -1.598200 19.362024 0.000000 0.061833 -1
0 -71.977196 1.580700 19.362024 0.000000 0.061833 -1
0 -70.848396 1.580700 19.691225 0.007841 0.049151 -1
0 -71.977196 1.580700 19.691225 0.000000 0.049151 -1
0 -70.848396 -1.598200 8.267124 0.007841 0.489186 -1
0 -70.848396 1.580700 8.267124 0.007841 0.489186 -1
0 -70.848396 -1.598200 8.596424 0.007841 0.476505 -1
0 -71.977196 -1.598200 8.596424 0.000000 0.476505 -1
0 -71.977196 -1.598200 8.267124 0.000000 0.489186 -1
0 -71.977196 1.580700 8.267124 0.000000 0.489186 -1
0 -70.848396 1.580700 8.596424 0.007841 0.476505 -1
0 -71.977196 1.580700 8.596424 0.000000 0.476505 -1
0 0.387300 71.040398 20.967323 0.502690 0.000000 -1
0 0.387300 71.040398 -4.994475 0.502690 1.000000 -1
0 1.132000 71.040398 20.967323 0.507863 0.000000 -1
0 1.132000 71.040398 -4.994475 0.507863 1.000000 -1
0 1.132000 71.785095 -4.994475 0.507863 1.000000 -1
0 0.387300 71.785095 -4.994475 0.502690 1.000000 -1
0 0.387300 71.785095 20.967323 0.502690 0.000000 -1
0 1.132000 71.785095 20.967323 0.507863 0.000000 -1
0 -1.158900 71.040398 20.967323 0.491949 0.000000 -1
0 -1.158900 71.040398 -4.994475 0.491949 1.000000 -1
0 -0.414200 71.040398 20.967323 0.497123 0.000000 -1
0 -0.414200 71.040398 -4.994475 0.497123 1.000000 -1
0 -0.414200 71.785095 -4.994475 0.497123 1.000000 -1
0 -1.158900 71.785095 -4.994475 0.491949 1.000000 -1
0 -1.158900 71.785095 20.967323 0.491949 0.000000 -1
0 -0.414200 71.785095 20.967323 0.497123 0.000000 -1
0 -1.580700 70.848396 -3.389175 0.489019 0.938167 -1
0 -1.580700 70.848396 -3.718376 0.489019 0.950849 -1
0 1.598200 70.848396 -3.389175 0.511102 0.938167 -1
0 1.598200 70.848396 -3.718376 0.511102 0.950849 -1
0 1.598200 71.977196 -3.718376 0.511102 0.950849 -1
0 -1.580700 71.977196 -3.718376 0.489019 0.950849 -1
0 -1.580700 71.977196 -3.389175 0.489019 0.938167 -1
0 1.598200 71.977196 -3.389175 0.511102 0.938167 -1
0 -1.580700 70.848396 19.691225 0.489019 0.049151 -1
0 -1.580700 70.848396 19.362024 0.489019 0.061833 -1
0 1.598200 70.848396 19.691225 0.511102 0.049151 -1
0 1.598200 70.848396 19.362024 0.511102 0.061833 -1
0 1.598200 71.977196 19.362024 0.511102 0.061833 -1
0 -1.580700 71.977196 19.362024 0.489019 0.061833 -1
0 -1.580700 71.977196 19.691225 0.489019 0.049151 -1
0 1.598200 71.977196 19.691225 0.511102 0.049151 -1
0 -1.580700 70.848396 8.596424 0.489019 0.476505 -1
0 -1.580700 70.848396 8.267124 0.489019 0.489186 -1
0 1.598200 70.848396 8.596424 0.511102 0.476505 -1
0 1.598200 70.848396 8.267124 0.511102 0.489186 -1
0 1.598200 71.977196 8.267124 0.511102 0.489186 -1
0 -1.580700 71.977196 8.267124 0.489019 0.489186 -1
0 -1.580700 71.977196 8.596424 0.489019 0.476505 -1
0 1.598200 71.977196 8.596424 0.511102 0.476505 -1
0 1.132000 -71.040398 -4.994475 0.507863 1.000000 -1
0 0.387300 -71.040398 -4.994475 0.502690 1.000000 -1
0 1.132000 -71.785095 20.967323 0.507863 0.000000 -1
0 1.132000 -71.785095 -4.994475 0.507863 1.000000 -1
0 0.387300 -71.785095 -4.994475 0.502690 1.000000 -1
0 -0.414200 -71.040398 -4.994475 0.497123 1.000000 -1
0 -1.158900 -71.040398 -4.994475 0.491949 1.000000 -1
0 -0.414200 -71.040398 20.967323 0.497123 0.000000 -1
0 -0.414200 -71.785095 20.967323 0.497123 0.000000 -1
0 -0.414200 -71.785095 -4.994475 0.497123 1.000000 -1
0 -1.158900 -71.785095 -4.994475 0.491949 1.000000 -1
0 -1.158900 -71.040398 20.967323 0.491949 0.000000 -1
0 -1.158900 -71.785095 20.967323 0.491949 0.000000 -1
0 1.598200 -70.848396 -3.718376 0.511102 0.950849 -1
0 -1.580700 -70.848396 -3.718376 0.489019 0.950849 -1
0 1.598200 -70.848396 -3.389175 0.511102 0.938167 -1
0 1.598200 -71.977196 -3.389175 0.511102 0.938167 -1
0 1.598200 -71.977196 -3.718376 0.511102 0.950849 -1
0 -1.580700 -71.977196 -3.718376 0.489019 0.950849 -1
0 -1.580700 -70.848396 -3.389175 0.489019 0.938167 -1
0 -1.580700 -71.977196 -3.389175 0.489019 0.938167 -1
0 1.598200 -70.848396 19.362024 0.511102 0.061833 -1
0 -1.580700 -70.848396 19.362024 0.489019 0.061833 -1
0 1.598200 -70.848396 19.691225 0.511102 0.049151 -1
0 1.598200 -71.977196 19.691225 0.511102 0.049151 -1
0 1.598200 -71.977196 19.362024 0.511102 0.061833 -1
0 -1.580700 -71.977196 19.362024 0.489019 0.061833 -1
0 -1.580700 -70.848396 19.691225 0.489019 0.049151 -1
0 -1.580700 -71.977196 19.691225 0.489019 0.049151 -1
0 1.598200 -70.848396 8.267124 0.511102 0.489186 -1
0 -1.580700 -70.848396 8.267124 0.489019 0.489186 -1
0 1.598200 -70.848396 8.596424 0.511102 0.476505 -1
0 1.598200 -71.977196 8.596424 0.511102 0.476505 -1
0 1.598200 -71.977196 8.267124 0.511102 0.489186 -1
0 -1.580700 -71.977196 8.267124 0.489019 0.489186 -1
0 -1.580700 -70.848396 8.596424 0.489019 0.476505 -1
0 -1.580700 -71.977196 8.596424 0.489019 0.476505 -1
122
0.000000 0.577350 0.816497
-0.866026 0.288674 0.408249
0.000001 -0.816497 0.577350
-0.816497 0.408248 0.408248
-0.408248 -0.408248 0.816497
0.577350 0.577350 0.577350
-0.288679 0.866023 -0.408250
-0.577352 -0.000001 -0.816495
-0.816498 -0.000001 0.577348
-0.288678 -0.866024 -0.408249
0.288674 -0.866025 0.408249
0.816497 -0.000001 -0.577350
0.288676 0.866024 0.408250
0.577351 -0.000001 0.816496
-0.288675 0.866025 -0.408248
-0.577350 0.000000 -0.816497
-0.816497 0.000000 0.577350
-0.288675 -0.866025 -0.408248
0.288675 -0.866025 0.408248
0.816497 0.000000 -0.577350
0.288675 0.866025 0.408248
0.577350 0.000000 0.816497
-0.288675 0.866026 -0.408248
-0.577351 0.000001 -0.816496
-0.816497 0.000001 0.577350
-0.866025 -0.288675 -0.408248
0.000000 -0.577350 -0.816497
0.000000 -0.816497 0.577350
0.000000 0.816497 -0.577350
0.866025 -0.288675 -0.408248
0.000000 0.577350 0.816497
0.866025 0.288675 0.408248
-0.866025 0.288675 0.408248
0.866026 -0.288675 -0.408248
0.866026 0.288674 0.408248
-0.866025 -0.288677 -0.408248
0.000001 -0.577351 -0.816496
0.000001 0.816496 -0.577351
-0.288677 -0.866025 -0.408248
0.288674 -0.866026 0.408249
0.288674 0.866026 0.408248
0.816496 0.000001 -0.577351
0.577350 0.000000 0.816497
-0.288675 0.866026 -0.408248
-0.816497 0.000001 0.577350
-0.577351 0.000001 -0.816496
-0.000001 -0.577352 -0.816495
0.866023 -0.288679 -0.408250
-0.000001 -0.816498 0.577348
-0.866025 0.288674 0.408249
-0.866024 -0.288678 -0.408249
-0.000001 0.816497 -0.577350
0.866024 0.288676 0.408250
-0.000001 0.577351 0.816496
0.000001 -0.577351 -0.816496
0.000001 -0.816497 0.577350
-0.866024 0.288676 0.408250
-0.866023 -0.288679 -0.408250
0.000001 -0.816498 0.577348
0.000001 -0.577352 -0.816495
0.866024 -0.288678 -0.408249
0.000001 0.816497 -0.577350
0.000001 0.577351 0.816496
0.866025 0.288674 0.408249
-0.866026 0.288674 0.408248
-0.866026 -0.288675 -0.408248
-0.000001 -0.816497 0.577350
-0.000001 -0.577351 -0.816496
0.866025 -0.288677 -0.408248
-0.000001 0.816496 -0.577351
-0.000000 0.577350 0.816497
0.866026 0.288674 0.408249
-0.866026 -0.288675 -0.408248
-0.000001 -0.816497 0.577350
-0.000001 -0.577351 -0.816496
0.577352 -0.000001 -0.816495
0.288679 0.866023 -0.408250
0.816498 -0.000001 0.577348
-0.288674 -0.866025 0.408249
0.288678 -0.866024 -0.408249
-0.816497 -0.000001 -0.577350
-0.288676 0.866024 0.408250
-0.577351 -0.000001 0.816496
0.577350 0.000000 -0.816497
0.288675 0.866025 -0.408248
0.816497 0.000000 0.577350
-0.288675 -0.866025 0.408248
0.288675 -0.866025 -0.408248
-0.816497 0.000000 -0.577350
-0.288675 0.866025 0.408248
-0.577350 0.000000 0.816497
0.577351 0.000001 -0.816496
0.288675 0.866026 -0.408248
0.816497 0.000001 0.577350
-0.288674 -0.866026 0.408249
0.288677 -0.866025 -0.408248
-0.816496 0.000001 -0.577351
-0.288674 0.866026 0.408248
-0.577350 0.000000 0.816497
0.577351 0.000001 -0.816496
0.816497 0.000001 0.577350
-0.408248 0.816497 0.408248
-0.816497 0.408248 -0.408248
-0.577350 -0.577350 0.577350
-0.408248 -0.408248 -0.816497
0.408248 -0.816497 -0.408248
0.577350 0.577350 -0.577350
0.408248 0.408248 0.816497
0.816497 -0.408248 0.408248
0.408248 -0.408248 -0.816497
0.816497 0.408248 -0.408248
0.577350 -0.577350 0.577350
-0.816497 -0.408248 0.408248
-0.408248 -0.816497 -0.408248
-0.577350 0.577350 -0.577350
0.408248 0.816497 0.408248
-0.408248 0.408248 0.816497
0.408248 0.408248 -0.816497
-0.408248 0.816497 -0.408248
0.408248 -0.816497 0.408248
0.816497 -0.408248 -0.408248
-0.577350 -0.577350 -0.577350
480
0 0 1 2 0 1 2 1
0 3 4 5 3 4 5 1
0 6 7 8 6 7 8 1
0 9 10 8 9 10 8 1
0 11 9 7 11 9 7 1
0 11 6 12 11 6 12 1
0 13 12 8 13 12 8 1
0 11 13 10 11 13 10 1
0 14 15 16 14 15 16 1
0 17 18 16 17 18 16 1
0 19 17 15 19 17 15 1
0 19 14 20 19 14 20 1
0 21 20 16 21 20 16 1
0 19 21 18 19 21 18 1
0 22 23 24 22 23 24 1
0 25 26 27 25 26 27 1
0 28 29 26 28 29 26 1
0 28 30 31 28 30 31 1
0 30 32 27 30 32 27 1
0 28 25 32 28 25 32 1
0 33 34 35 33 34 2 1
0 36 37 35 35 36 2 1
0 38 33 37 37 33 36 1
0 38 39 34 37 0 34 1
0 39 40 35 0 1 2 1
0 38 36 40 37 35 1 1
0 41 42 2 33 34 2 1
0 43 44 2 35 36 2 1
0 45 41 44 37 33 36 1
0 45 0 42 37 0 34 1
0 45 43 1 37 35 1 1
0 46 47 24 38 39 24 1
0 12 6 8 12 6 8 1
0 7 9 8 7 9 8 1
0 6 11 7 6 11 7 1
0 13 11 12 13 11 12 1
0 10 13 8 10 13 8 1
0 9 11 10 9 11 10 1
0 20 14 16 20 14 16 1
0 15 17 16 15 17 16 1
0 14 19 15 14 19 15 1
0 21 19 20 21 19 20 1
0 18 21 16 18 21 16 1
0 17 19 18 17 19 18 1
0 48 22 24 40 22 24 1
0 23 46 24 23 38 24 1
0 22 49 23 22 41 23 1
0 50 49 48 42 41 40 1
0 47 50 24 39 42 24 1
0 46 49 47 38 41 39 1
0 51 52 53 40 22 24 1
0 54 55 53 23 38 24 1
0 52 56 54 22 41 23 1
0 57 56 51 42 41 40 1
0 58 57 53 39 42 24 1
0 55 56 58 38 41 39 1
0 59 60 61 40 43 44 1
0 62 63 61 45 38 44 1
0 60 64 62 43 41 45 1
0 65 64 59 42 41 40 1
0 66 65 61 39 42 44 1
0 63 64 66 38 41 39 1
0 67 68 69 46 47 48 1
0 70 71 69 49 50 48 1
0 71 72 67 50 51 46 1
0 68 72 73 47 51 52 1
0 73 74 69 52 53 48 1
0 74 72 70 53 51 49 1
0 26 29 27 26 29 27 1
0 32 25 27 32 25 27 1
0 25 28 26 25 28 26 1
0 29 28 31 29 28 31 1
0 31 30 27 31 30 27 1
0 30 28 32 30 28 32 1
0 37 33 35 36 33 2 1
0 40 36 35 1 35 2 1
0 36 38 37 35 37 36 1
0 33 38 34 33 37 34 1
0 34 39 35 34 0 2 1
0 39 38 40 0 37 1 1
0 44 41 2 36 33 2 1
0 1 43 2 1 35 2 1
0 43 45 44 35 37 36 1
0 41 45 42 33 37 34 1
0 42 0 2 34 0 2 1
0 0 45 1 0 37 1 1
0 75 76 77 54 33 55 1
0 78 79 77 1 35 55 1
0 79 80 75 35 37 54 1
0 76 80 81 33 37 34 1
0 81 82 77 34 0 55 1
0 82 80 78 0 37 1 1
0 83 84 85 56 57 58 1
0 86 87 85 59 60 58 1
0 84 88 86 57 61 59 1
0 89 88 83 62 61 56 1
0 90 89 85 63 62 58 1
0 87 88 90 60 61 63 1
0 91 92 93 32 25 27 1
0 94 95 93 26 29 27 1
0 92 96 94 25 28 26 1
0 97 96 91 30 28 32 1
0 98 97 93 31 30 27 1
0 95 96 98 29 28 31 1
0 99 100 101 64 65 66 1
0 102 103 101 67 68 66 1
0 100 104 102 65 69 67 1
0 105 104 99 70 69 64 1
0 106 105 101 71 70 66 1
0 103 104 106 68 69 71 1
0 107 108 109 64 65 66 1
0 110 111 109 67 68 66 1
0 108 112 110 65 69 67 1
0 113 112 107 70 69 64 1
0 114 113 109 71 70 66 1
0 111 112 114 68 69 71 1
0 115 116 117 64 72 73 1
0 118 119 117 74 68 73 1
0 116 120 118 72 69 74 1
0 121 120 115 70 69 64 1
0 122 121 117 71 70 73 1
0 119 120 122 68 69 71 1
0 123 124 125 75 76 77 1
0 126 127 125 78 79 77 1
0 127 128 123 79 80 75 1
0 124 128 129 76 80 81 1
0 129 130 125 81 82 77 1
0 130 128 126 82 80 78 1
0 131 132 133 83 84 85 1
0 134 135 133 86 87 85 1
0 135 136 131 87 88 83 1
0 132 136 137 84 88 89 1
0 137 138 133 89 90 85 1
0 138 136 134 90 88 86 1
0 139 140 141 91 92 93 1
0 142 143 141 94 95 93 1
0 143 144 139 95 96 91 1
0 140 144 145 92 96 97 1
0 145 146 141 97 98 93 1
0 146 144 142 98 96 94 1
0 147 148 149 91 92 93 1
0 150 151 149 94 95 93 1
0 151 152 147 95 96 91 1
0 148 152 153 92 96 97 1
0 153 154 149 97 98 93 1
0 154 152 150 98 96 94 1
0 155 156 157 99 92 100 1
0 158 159 157 94 95 100 1
0 159 160 155 95 96 99 1
0 156 160 161 92 96 97 1
0 161 162 157 97 98 100 1
0 162 160 158 98 96 94 1
0 163 164 165 101 102 103 1
0 166 167 165 104 105 103 1
0 164 168 166 102 106 104 1
0 169 168 163 107 106 101 1
0 170 169 165 108 107 103 1
0 167 168 170 105 106 108 1
0 171 172 173 101 102 103 1
0 174 175 173 104 105 103 1
0 172 176 174 102 106 104 1
0 177 176 171 107 106 101 1
0 178 177 173 108 107 103 1
0 175 176 178 105 106 108 1
0 179 180 181 101 102 103 1
0 182 183 181 104 105 103 1
0 180 184 182 102 106 104 1
0 185 184 179 107 106 101 1
0 186 185 181 108 107 103 1
0 183 184 186 105 106 108 1
0 187 188 189 101 102 103 1
0 190 191 189 104 105 103 1
0 188 192 190 102 106 104 1
0 193 192 187 107 106 101 1
0 194 193 189 108 107 103 1
0 191 192 194 105 106 108 1
0 195 196 197 101 102 103 1
0 198 199 197 104 105 103 1
0 196 200 198 102 106 104 1
0 201 200 195 107 106 101 1
0 202 201 197 108 107 103 1
0 199 200 202 105 106 108 1
0 203 204 205 109 110 111 1
0 206 207 205 112 113 111 1
0 207 208 203 113 114 109 1
0 204 208 209 110 114 115 1
0 209 210 205 115 116 111 1
0 210 208 206 116 114 112 1
0 211 212 213 109 110 111 1
0 214 215 213 112 113 111 1
0 215 216 211 113 114 109 1
0 212 216 217 110 114 115 1
0 217 218 213 115 116 111 1
0 218 216 214 116 114 112 1
0 219 220 221 109 110 111 1
0 222 223 221 112 113 111 1
0 223 224 219 113 114 109 1
0 220 224 225 110 114 115 1
0 225 226 221 115 116 111 1
0 226 224 222 116 114 112 1
0 227 228 229 109 110 111 1
0 230 231 229 112 113 111 1
0 231 232 227 113 114 109 1
0 228 232 233 110 114 115 1
0 233 234 229 115 116 111 1
0 234 232 230 116 114 112 1
0 235 236 237 109 110 111 1
0 238 239 237 112 113 111 1
0 239 240 235 113 114 109 1
0 236 240 241 110 114 115 1
0 241 242 237 115 116 111 1
0 242 240 238 116 114 112 1
0 243 244 245 112 113 111 1
0 246 247 245 109 110 111 1
0 244 248 246 113 114 109 1
0 249 248 243 116 114 112 1
0 250 249 245 115 116 111 1
0 247 248 250 110 114 115 1
0 251 252 253 112 113 111 1
0 254 255 253 109 110 111 1
0 252 256 254 113 114 109 1
0 257 256 251 116 114 112 1
0 258 257 253 115 116 111 1
0 255 256 258 110 114 115 1
0 259 260 261 112 113 111 1
0 262 263 261 109 110 111 1
0 260 264 262 113 114 109 1
0 265 264 259 116 114 112 1
0 266 265 261 115 116 111 1
0 263 264 266 110 114 115 1
0 267 268 269 112 113 111 1
0 270 271 269 109 110 111 1
0 268 272 270 113 114 109 1
0 273 272 267 116 114 112 1
0 274 273 269 115 116 111 1
0 271 272 274 110 114 115 1
0 275 276 277 112 113 111 1
0 278 279 277 109 110 111 1
0 276 280 278 113 114 109 1
0 281 280 275 116 114 112 1
0 282 281 277 115 116 111 1
0 279 280 282 110 114 115 1
0 283 284 5 117 118 5 1
0 285 286 5 119 120 5 1
0 286 287 283 120 121 117 1
0 284 287 3 118 121 3 1
0 127 123 125 79 75 77 1
0 4 287 285 4 121 119 1
0 288 289 290 117 118 5 1
0 291 292 290 119 120 5 1
0 292 293 288 120 121 117 1
0 289 293 294 118 121 3 1
0 294 295 290 3 4 5 1
0 295 293 291 4 121 119 1
0 296 297 298 117 118 5 1
0 299 300 298 119 120 5 1
0 300 301 296 120 121 117 1
0 297 301 302 118 121 3 1
0 302 303 298 3 4 5 1
0 303 301 299 4 121 119 1
0 304 305 306 117 118 5 1
0 307 308 306 119 120 5 1
0 308 309 304 120 121 117 1
0 305 309 310 118 121 3 1
0 310 311 306 3 4 5 1
0 311 309 307 4 121 119 1
0 312 313 314 117 118 5 1
0 315 316 314 119 120 5 1
0 316 317 312 120 121 117 1
0 313 317 318 118 121 3 1
0 318 319 314 3 4 5 1
0 319 317 315 4 121 119 1
0 248 247 246 114 110 109 1
0 29 31 27 29 31 27 1
0 247 250 245 110 115 111 1
0 244 246 245 113 109 111 1
0 128 130 129 80 82 81 1
0 76 81 77 33 34 55 1
0 79 75 77 35 54 55 1
0 80 76 75 37 33 54 1
0 80 82 81 37 0 34 1
0 82 78 77 0 1 55 1
0 80 79 78 37 35 1 1
0 84 86 85 57 59 58 1
0 49 46 23 41 38 23 1
0 87 90 85 60 63 58 1
0 88 87 86 61 60 59 1
0 88 84 83 61 57 56 1
0 89 83 85 62 56 58 1
0 88 89 90 61 62 63 1
0 92 94 93 25 26 27 1
0 95 98 93 29 31 27 1
0 96 95 94 28 29 26 1
0 49 22 48 41 22 40 1
0 50 48 24 42 40 24 1
0 49 50 47 41 42 39 1
0 52 54 53 22 23 24 1
0 55 58 53 38 39 24 1
0 56 55 54 41 38 23 1
0 116 118 117 72 74 73 1
0 56 52 51 41 22 40 1
0 57 51 53 42 40 24 1
0 56 57 58 41 42 39 1
0 60 62 61 43 45 44 1
0 63 66 61 38 39 44 1
0 64 63 62 41 38 45 1
0 96 92 91 28 25 32 1
0 97 91 93 30 32 27 1
0 96 97 98 28 30 31 1
0 100 102 101 65 67 66 1
0 103 106 101 68 71 66 1
0 104 103 102 69 68 67 1
0 104 100 99 69 65 64 1
0 105 99 101 70 64 66 1
0 104 105 106 69 70 71 1
0 108 110 109 65 67 66 1
0 111 114 109 68 71 66 1
0 112 111 110 69 68 67 1
0 112 108 107 69 65 64 1
0 68 73 69 47 52 48 1
0 71 67 69 50 46 48 1
0 132 137 133 84 89 85 1
0 135 131 133 87 83 85 1
0 128 127 126 80 79 78 1
0 317 316 315 121 120 119 1
0 319 315 314 4 119 5 1
0 317 319 318 121 4 3 1
0 317 313 312 121 118 117 1
0 316 312 314 120 117 5 1
0 313 318 314 118 3 5 1
0 309 308 307 121 120 119 1
0 311 307 306 4 119 5 1
0 309 311 310 121 4 3 1
0 309 305 304 121 118 117 1
0 308 304 306 120 117 5 1
0 305 310 306 118 3 5 1
0 301 300 299 121 120 119 1
0 303 299 298 4 119 5 1
0 301 303 302 121 4 3 1
0 301 297 296 121 118 117 1
0 300 296 298 120 117 5 1
0 297 302 298 118 3 5 1
0 293 292 291 121 120 119 1
0 295 291 290 4 119 5 1
0 293 295 294 121 4 3 1
0 293 289 288 121 118 117 1
0 292 288 290 120 117 5 1
0 289 294 290 118 3 5 1
0 287 286 285 121 120 119 1
0 4 285 5 4 119 5 1
0 287 4 3 121 4 3 1
0 287 284 283 121 118 117 1
0 286 283 5 120 117 5 1
0 284 3 5 118 3 5 1
0 280 281 282 114 116 115 1
0 281 275 277 116 112 111 1
0 280 276 275 114 113 112 1
0 280 279 278 114 110 109 1
0 279 282 277 110 115 111 1
0 276 278 277 113 109 111 1
0 272 273 274 114 116 115 1
0 273 267 269 116 112 111 1
0 272 268 267 114 113 112 1
0 272 271 270 114 110 109 1
0 271 274 269 110 115 111 1
0 268 270 269 113 109 111 1
0 264 265 266 114 116 115 1
0 265 259 261 116 112 111 1
0 264 260 259 114 113 112 1
0 264 263 262 114 110 109 1
0 263 266 261 110 115 111 1
0 260 262 261 113 109 111 1
0 256 257 258 114 116 115 1
0 257 251 253 116 112 111 1
0 256 252 251 114 113 112 1
0 256 255 254 114 110 109 1
0 255 258 253 110 115 111 1
0 252 254 253 113 109 111 1
0 248 249 250 114 116 115 1
0 249 243 245 116 112 111 1
0 248 244 243 114 113 112 1
0 200 201 202 106 107 108 1
0 130 126 125 82 78 77 1
0 128 124 123 80 76 75 1
0 240 239 238 114 113 112 1
0 242 238 237 116 112 111 1
0 240 242 241 114 116 115 1
0 240 236 235 114 110 109 1
0 239 235 237 113 109 111 1
0 236 241 237 110 115 111 1
0 199 202 197 105 108 103 1
0 113 107 109 70 64 66 1
0 112 113 114 69 70 71 1
0 192 193 194 106 107 108 1
0 119 122 117 68 71 73 1
0 120 119 118 69 68 74 1
0 120 116 115 69 72 64 1
0 121 115 117 70 64 73 1
0 120 121 122 69 70 71 1
0 124 129 125 76 81 77 1
0 64 60 59 41 43 40 1
0 65 59 61 42 40 44 1
0 64 65 66 41 42 39 1
0 188 190 189 102 104 103 1
0 191 194 189 105 108 103 1
0 72 68 67 51 47 46 1
0 72 74 73 51 53 52 1
0 74 70 69 53 49 48 1
0 72 71 70 51 50 49 1
0 232 231 230 114 113 112 1
0 234 230 229 116 112 111 1
0 232 234 233 114 116 115 1
0 232 228 227 114 110 109 1
0 231 227 229 113 109 111 1
0 228 233 229 110 115 111 1
0 224 223 222 114 113 112 1
0 226 222 221 116 112 111 1
0 224 226 225 114 116 115 1
0 224 220 219 114 110 109 1
0 223 219 221 113 109 111 1
0 220 225 221 110 115 111 1
0 216 215 214 114 113 112 1
0 218 214 213 116 112 111 1
0 216 218 217 114 116 115 1
0 216 212 211 114 110 109 1
0 215 211 213 113 109 111 1
0 212 217 213 110 115 111 1
0 208 207 206 114 113 112 1
0 210 206 205 116 112 111 1
0 208 210 209 114 116 115 1
0 208 204 203 114 110 109 1
0 207 203 205 113 109 111 1
0 204 209 205 110 115 111 1
0 169 163 165 107 101 103 1
0 201 195 197 107 101 103 1
0 200 196 195 106 102 101 1
0 200 199 198 106 105 104 1
0 168 167 166 106 105 104 1
0 196 198 197 102 104 103 1
0 167 170 165 105 108 103 1
0 193 187 189 107 101 103 1
0 192 188 187 106 102 101 1
0 192 191 190 106 105 104 1
0 136 138 137 88 90 89 1
0 136 132 131 88 84 83 1
0 184 185 186 106 107 108 1
0 185 179 181 107 101 103 1
0 184 180 179 106 102 101 1
0 184 183 182 106 105 104 1
0 183 186 181 105 108 103 1
0 180 182 181 102 104 103 1
0 176 177 178 106 107 108 1
0 177 171 173 107 101 103 1
0 176 172 171 106 102 101 1
0 176 175 174 106 105 104 1
0 175 178 173 105 108 103 1
0 172 174 173 102 104 103 1
0 168 169 170 106 107 108 1
0 154 150 149 98 94 93 1
0 168 164 163 106 102 101 1
0 152 154 153 96 98 97 1
0 152 148 147 96 92 91 1
0 164 166 165 102 104 103 1
0 160 159 158 96 95 94 1
0 162 158 157 98 94 100 1
0 160 162 161 96 98 97 1
0 160 156 155 96 92 99 1
0 159 155 157 95 99 100 1
0 156 161 157 92 97 100 1
0 152 151 150 96 95 94 1
0 146 142 141 98 94 93 1
0 144 146 145 96 98 97 1
0 151 147 149 95 91 93 1
0 148 153 149 92 97 93 1
0 144 143 142 96 95 94 1
0 136 135 134 88 87 86 1
0 138 134 133 90 86 85 1
0 144 140 139 96 92 91 1
0 143 139 141 95 91 93 1
0 140 145 141 92 97 93 1
"Frame_SCE2" 0 1
16
0 -49.428600 49.428703 27.761124 -1.147621 -1.147622 -1
0 -69.902702 0.000000 27.761124 -1.830089 0.500000 -1
0 49.428703 49.428703 27.761124 2.147622 -1.147622 -1
0 0.000000 69.902702 27.761124 0.500001 -1.830090 -1
0 69.902702 0.000000 21.961124 2.830089 0.500000 -1
0 49.428703 -49.428600 21.961124 2.147622 2.147621 -1
0 49.428703 49.428703 21.961124 2.147622 -1.147622 -1
0 -49.428600 49.428703 21.961124 -1.147621 -1.147622 -1
0 0.000000 69.902702 21.961124 0.500001 -1.830090 -1
0 -69.902702 0.000000 21.961124 -1.830089 0.500000 -1
0 0.000000 -69.902702 21.961124 0.500001 2.830090 -1
0 -49.428600 -49.428600 21.961124 -1.147621 2.147621 -1
0 -49.428600 -49.428600 27.761124 -1.147621 2.147621 -1
0 0.000000 -69.902702 27.761124 0.500001 2.830090 -1
0 49.428703 -49.428600 27.761124 2.147622 2.147621 -1
0 69.902702 0.000000 27.761124 2.830089 0.500000 -1
2
0.000000 0.000000 1.000000
0.000000 0.000000 -1.000000
12
0 0 1 2 0 0 0 1
0 3 0 2 0 0 0 1
0 4 5 6 1 1 1 1
0 7 8 6 1 1 1 1
0 9 7 6 1 1 1 1
0 5 10 6 1 1 1 1
0 11 9 6 1 1 1 1
0 10 11 6 1 1 1 1
0 12 13 2 0 0 0 1
0 14 15 2 0 0 0 1
0 13 14 2 0 0 0 1
0 1 12 2 0 0 0 1
"Frame_SCE3" 0 2
32
0 -22.384600 19.897499 -2.052176 0.008454 0.567544 -1
0 -22.769600 19.950699 -2.343775 0.000000 0.706637 -1
0 -22.769600 -19.950699 -2.343775 0.000000 0.706637 -1
0 22.384600 -19.897499 -2.052176 0.991546 0.567544 -1
0 22.384600 -19.897499 -0.862476 0.991546 0.000000 -1
0 19.897499 -22.384600 -2.052176 0.936930 0.567544 -1
0 19.897499 -22.384600 -0.862476 0.936930 0.000000 -1
0 -19.897499 -22.384600 -0.862476 0.063070 0.000000 -1
0 -22.384600 -19.897499 -0.862476 0.008454 0.000000 -1
0 -19.897499 -22.384600 -2.052176 0.063070 0.567544 -1
0 -22.384600 19.897499 -0.862476 0.008454 0.000000 -1
0 -22.384600 -19.897499 -2.052176 0.008454 0.567544 -1
0 -19.897499 22.384600 -0.862476 0.063070 0.000000 -1
0 -19.897499 22.384600 -2.052176 0.063070 0.567544 -1
0 19.897499 22.384600 -2.052176 0.936930 0.567544 -1
0 19.897499 22.384600 -0.862476 0.936930 0.000000 -1
0 22.384600 19.897499 -2.052176 0.991546 0.567544 -1
0 22.769600 -19.950699 -2.958776 1.000000 1.000000 -1
0 19.950699 -22.769600 -2.958776 0.938098 1.000000 -1
0 22.769600 19.950699 -2.958776 1.000000 1.000000 -1
0 -19.950699 22.769600 -2.958776 0.061902 1.000000 -1
0 19.950699 22.769600 -2.958776 0.938098 1.000000 -1
0 -22.769600 19.950699 -2.958776 0.000000 1.000000 -1
0 -22.769600 -19.950699 -2.958776 0.000000 1.000000 -1
0 -19.950699 -22.769600 -2.958776 0.061902 1.000000 -1
0 22.384600 19.897499 -0.862476 0.991546 0.000000 -1
0 22.769600 -19.950699 -2.343775 1.000000 0.706637 -1
0 22.769600 19.950699 -2.343775 1.000000 0.706637 -1
0 19.950699 22.769600 -2.343775 0.938098 0.706637 -1
0 -19.950699 22.769600 -2.343775 0.061902 0.706637 -1
0 -19.950699 -22.769600 -2.343775 0.061902 0.706637 -1
0 19.950699 -22.769600 -2.343775 0.938098 0.706637 -1
32
-0.807470 0.373381 0.456705
-0.836056 0.327445 0.440216
-0.807470 -0.373381 0.456705
0.836056 -0.327445 0.440216
0.862856 -0.505449 0.000000
0.370925 -0.879559 0.297978
0.382683 -0.923880 0.000000
-0.252725 -0.967538 0.000000
-0.862856 -0.505449 0.000000
-0.373381 -0.807470 0.456705
-0.967538 0.252725 0.000000
-0.836056 -0.327445 0.440216
-0.382683 0.923880 0.000000
-0.388187 0.759575 0.521878
0.279504 0.814322 0.508682
0.505449 0.862856 0.000000
0.807470 0.373381 0.456705
0.911095 -0.237982 -0.336557
0.336557 -0.812520 -0.475963
0.364668 0.213618 -0.906303
-0.205599 0.787122 -0.581522
0.336557 0.812520 -0.475963
-0.701960 0.411198 -0.581522
-0.787122 -0.205599 -0.581522
-0.411198 -0.701960 -0.581522
0.967538 0.252725 0.000000
0.807470 -0.373381 0.456705
0.836056 0.327445 0.440216
0.370925 0.879559 0.297978
-0.373381 0.807470 0.456705
-0.327445 -0.836056 0.440216
0.321408 -0.744672 0.584945
54
0 0 1 2 0 1 2 1
0 3 4 5 3 4 5 1
0 6 7 5 6 7 5 1
0 7 8 9 7 8 9 1
0 8 10 11 8 10 11 1
0 10 12 0 10 12 0 1
0 13 12 14 13 12 14 1
0 14 15 16 14 15 16 1
0 17 18 19 17 18 19 1
0 20 21 19 20 21 19 1
0 22 20 19 22 20 19 1
0 23 22 19 23 22 19 1
0 24 23 19 24 23 19 1
0 18 24 19 18 24 19 1
0 15 25 16 15 25 16 1
0 12 15 14 12 15 14 1
0 12 13 0 12 13 0 1
0 10 0 11 10 0 11 1
0 8 11 9 8 11 9 1
0 7 9 5 7 9 5 1
0 4 6 5 4 6 5 1
0 25 4 3 25 4 3 1
0 16 3 26 16 3 26 1
0 14 16 27 14 16 27 1
0 14 28 29 14 28 29 1
0 13 29 1 13 29 1 1
0 16 25 3 16 25 3 1
0 11 2 30 11 2 30 1
0 9 30 31 9 30 31 1
0 3 5 31 3 5 31 1
0 28 21 20 28 21 20 1
0 29 20 22 29 20 22 1
0 1 22 23 1 22 23 1
0 2 23 24 2 23 24 1
0 30 24 18 30 24 18 1
0 26 31 18 26 31 18 1
0 27 26 17 27 26 17 1
0 27 16 26 27 16 26 1
0 28 14 27 28 14 27 1
0 13 14 29 13 14 29 1
0 0 13 1 0 13 1 1
0 11 0 2 11 0 2 1
0 9 11 30 9 11 30 1
0 5 9 31 5 9 31 1
0 26 3 31 26 3 31 1
0 21 28 19 21 28 19 1
0 29 28 20 29 28 20 1
0 1 29 22 1 29 22 1
0 2 1 23 2 1 23 1
0 30 2 24 30 2 24 1
0 31 30 18 31 30 18 1
0 17 26 18 17 26 18 1
0 19 27 17 19 27 17 1
0 28 27 19 28 27 19 1
"Frame_SCE4" 0 3
48
0 -19.525499 -21.486799 0.035425 0.063863 -0.000001 -1
0 19.525499 -21.486799 0.035425 0.936137 -0.000001 -1
0 21.486799 19.525499 0.035425 0.979944 -0.000001 -1
0 -21.486799 19.525499 0.035425 0.020056 -0.000001 -1
0 -19.525499 21.486799 0.035425 0.063863 -0.000001 -1
0 -22.384600 19.897499 -0.862476 0.000000 0.999999 -1
0 -21.486799 -19.525499 0.035425 0.020056 -0.000001 -1
0 -22.384600 -19.897499 -0.862476 0.000000 0.999999 -1
0 -19.897499 -22.384600 -0.862476 0.055555 0.999999 -1
0 19.897499 -22.384600 -0.862476 0.944445 0.999999 -1
0 22.384600 -19.897499 -0.862476 1.000000 0.999999 -1
0 21.486799 -19.525499 0.035425 0.979944 -0.000001 -1
0 22.384600 19.897499 -0.862476 1.000000 0.999999 -1
0 19.897499 22.384600 -0.862476 0.944445 0.999999 -1
0 19.525499 21.486799 0.035425 0.936137 -0.000001 -1
0 -19.897499 22.384600 -0.862476 0.055555 0.999999 -1
0 0.000000 -78.237801 -1.960176 0.500000 0.000000 -1
0 55.322498 -55.322498 -1.960176 0.853553 0.000000 -1
0 0.000000 -74.990601 -4.960176 0.500000 1.000000 -1
0 -74.990601 0.000000 -4.960176 0.020752 1.000000 -1
0 -78.237801 0.000000 -1.960176 0.000000 0.000000 -1
0 -53.026402 -53.026402 -4.960176 0.161120 1.000000 -1
0 -53.026402 53.026402 -4.960176 0.161120 1.000000 -1
0 -55.322498 55.322498 -1.960176 0.146447 0.000000 -1
0 78.237801 0.000000 -1.960176 1.000000 0.000000 -1
0 55.322498 55.322498 -1.960176 0.853553 0.000000 -1
0 74.990601 0.000000 -4.960176 0.979248 1.000000 -1
0 53.026402 -53.026402 -4.960176 0.838880 1.000000 -1
0 0.000000 78.237801 -1.960176 0.500000 0.000000 -1
0 53.026402 53.026402 -4.960176 0.838880 1.000000 -1
0 0.000000 74.990601 -4.960176 0.500000 1.000000 -1
0 -55.322498 -55.322498 -1.960176 0.146447 0.000000 -1
0 75.222000 75.222000 20.933025 0.853553 0.000000 -1
0 0.000000 106.379997 20.933025 0.500000 0.000000 -1
0 75.222000 75.222000 6.039824 0.853553 1.000000 -1
0 106.379997 0.000000 20.933025 1.000000 0.000000 -1
0 106.379997 0.000000 6.039824 1.000000 1.000000 -1
0 -75.222000 75.222000 6.039824 0.146447 1.000000 -1
0 -75.222000 75.222000 20.933025 0.146447 0.000000 -1
0 -106.379997 0.000000 6.039824 0.000000 1.000000 -1
0 0.000000 106.379997 6.039824 0.500000 1.000000 -1
0 0.000000 -106.379997 20.933025 0.500000 0.000000 -1
0 75.222000 -75.222000 20.933025 0.853553 0.000000 -1
0 0.000000 -106.379997 6.039824 0.500000 1.000000 -1
0 -75.222000 -75.222000 6.039824 0.146447 1.000000 -1
0 -75.222000 -75.222000 20.933025 0.146447 0.000000 -1
0 75.222000 -75.222000 6.039824 0.853553 1.000000 -1
0 -106.379997 0.000000 20.933025 0.000000 0.000000 -1
46
-0.109373 -0.418741 0.901495
0.136776 -0.330215 0.933943
0.229017 0.059818 0.971583
-0.418741 0.109373 0.901495
-0.218745 0.373429 0.901500
-0.588528 0.344745 0.731290
-0.373429 -0.218745 0.901500
-0.659939 -0.172373 0.731279
-0.344745 -0.588528 0.731290
0.259691 -0.626968 0.734487
0.659939 -0.172373 0.731279
0.461955 -0.270602 0.844613
0.588528 0.344745 0.731290
0.259691 0.626968 0.734487
0.215743 0.520863 0.825928
-0.172373 0.659939 0.731279
0.000000 0.678596 0.734512
-0.411785 0.543712 0.731307
-0.000000 0.678597 0.734510
0.675638 -0.093286 0.731308
0.675638 0.093286 0.731308
0.543712 0.411785 0.731307
0.411785 -0.543712 0.731307
0.543712 -0.411785 0.731307
-0.675638 0.093286 0.731308
-0.543712 -0.411785 0.731307
-0.675638 -0.093286 0.731308
-0.543712 0.411785 0.731307
0.000000 -0.678597 0.734510
-0.411785 -0.543712 0.731307
0.000000 -0.678596 0.734512
0.411785 0.543712 0.731307
-0.797175 -0.603748 0.000000
0.000000 -1.000000 0.000000
-0.603748 -0.797175 0.000000
-0.990602 0.136774 0.000000
-0.990602 -0.136774 0.000000
0.603748 -0.797175 0.000000
0.797175 -0.603748 0.000000
0.990602 -0.136774 0.000000
0.000000 1.000000 0.000000
-0.603748 0.797175 0.000000
0.797175 0.603748 0.000000
0.603748 0.797175 0.000000
-0.797175 0.603748 0.000000
0.990602 0.136774 0.000000
54
0 0 1 2 0 1 2 1
0 3 4 5 3 4 5 1
0 6 3 7 6 3 7 1
0 0 6 8 0 6 8 1
0 1 0 9 1 0 9 1
0 10 11 9 10 11 9 1
0 12 2 10 12 2 10 1
0 13 14 12 13 14 12 1
0 14 4 2 14 4 2 1
0 1 11 2 1 11 2 1
0 4 14 15 4 14 15 1
0 6 0 2 6 0 2 1
0 3 6 2 3 6 2 1
0 4 3 2 4 3 2 1
0 14 2 12 14 2 12 1
0 11 1 9 11 1 9 1
0 0 8 9 0 8 9 1
0 6 7 8 6 7 8 1
0 3 5 7 3 5 7 1
0 4 15 5 4 15 5 1
0 14 13 15 14 13 15 1
0 2 11 10 2 11 10 1
0 16 17 18 16 17 18 1
0 19 20 21 19 20 21 1
0 22 23 19 22 23 19 1
0 24 25 26 24 25 26 1
0 17 24 27 17 24 27 1
0 25 28 29 25 28 29 1
0 28 30 29 28 30 29 1
0 17 27 18 17 27 18 1
0 31 16 18 31 16 18 1
0 20 31 21 20 31 21 1
0 23 20 19 23 20 19 1
0 28 23 22 28 23 22 1
0 21 31 18 21 31 18 1
0 25 29 26 25 29 26 1
0 24 26 27 24 26 27 1
0 30 28 22 30 28 22 1
0 32 33 34 32 33 34 1
0 35 32 36 35 32 36 1
0 37 38 39 37 38 39 1
0 40 33 37 33 33 37 1
0 41 42 43 40 41 40 1
0 44 45 43 42 43 40 1
0 42 35 46 41 35 44 1
0 32 34 36 32 34 36 1
0 33 40 34 33 33 34 1
0 39 47 44 39 45 42 1
0 38 47 39 38 45 39 1
0 47 45 44 45 43 42 1
0 33 38 37 33 38 37 1
0 42 46 43 41 44 40 1
0 35 36 46 35 36 44 1
0 45 41 43 43 40 40 1
"Frame_SCE5" 0 4
160
0 -102.144096 0.000000 8.950325 0.022691 0.946250 -1
0 -102.144096 0.000000 18.022524 0.022691 0.053750 -1
0 -72.226799 -72.226799 8.950325 0.162492 0.946250 -1
0 104.859993 0.000000 8.403925 0.990000 1.000000 -1
0 104.859993 0.000000 18.568924 0.990000 0.000000 -1
0 74.147202 -74.147202 8.403925 0.846482 1.000000 -1
0 102.144096 0.000000 18.022524 0.977309 0.053750 -1
0 74.147202 -74.147202 18.568924 0.846482 0.000000 -1
0 72.226799 -72.226799 18.022524 0.837508 0.053750 -1
0 72.226799 -72.226799 8.950325 0.837508 0.946250 -1
0 0.000000 -102.144096 8.950325 0.500000 0.946250 -1
0 0.000000 -104.859993 8.403925 0.500000 1.000000 -1
0 0.000000 -104.859993 18.568924 0.500000 0.000000 -1
0 0.000000 -102.144096 18.022524 0.500000 0.053750 -1
0 -74.147202 -74.147202 8.403925 0.153518 1.000000 -1
0 -74.147202 -74.147202 18.568924 0.153518 0.000000 -1
0 -72.226799 -72.226799 18.022524 0.162492 0.053750 -1
0 -104.859993 0.000000 8.403925 0.010000 1.000000 -1
0 -104.859993 0.000000 18.568924 0.010000 0.000000 -1
0 102.144096 0.000000 8.950325 0.977309 0.946250 -1
0 -74.147202 74.147202 8.403925 0.153518 1.000000 -1
0 -74.147202 74.147202 18.568924 0.153518 0.000000 -1
0 -72.226799 72.226799 18.022524 0.162492 0.053750 -1
0 -72.226799 72.226799 8.950325 0.162492 0.946250 -1
0 0.000000 104.859993 8.403925 0.500000 1.000000 -1
0 0.000000 104.859993 18.568924 0.500000 0.000000 -1
0 0.000000 102.144096 18.022524 0.500000 0.053750 -1
0 0.000000 102.144096 8.950325 0.500000 0.946250 -1
0 72.226799 72.226799 8.950325 0.837508 0.946250 -1
0 74.147202 74.147202 8.403925 0.846482 1.000000 -1
0 74.147202 74.147202 18.568924 0.846482 0.000000 -1
0 72.226799 72.226799 18.022524 0.837508 0.053750 -1
0 26.747999 27.971601 1.686424 4.958008 0.923810 -1
0 25.600000 28.200001 1.686424 4.766666 0.923810 -1
0 26.747999 27.971601 19.486423 4.958008 0.076190 -1
0 24.452000 22.428400 1.686424 4.575325 0.923810 -1
0 24.452000 22.428400 19.486423 4.575325 0.076190 -1
0 23.478701 23.078699 19.486423 4.413114 0.076190 -1
0 23.478701 27.321301 1.686424 4.413114 0.923810 -1
0 22.828400 26.348099 1.686424 4.304727 0.923810 -1
0 23.478701 27.321301 19.486423 4.413114 0.076190 -1
0 25.600000 22.200001 1.686424 4.766666 0.923810 -1
0 25.600000 22.200001 19.486423 4.766666 0.076190 -1
0 -25.600000 -28.200001 1.686424 -3.766666 0.923810 -1
0 -24.452000 -27.971601 1.686424 -3.575325 0.923810 -1
0 -25.600000 -28.200001 19.486423 -3.766666 0.076190 -1
0 23.478701 23.078699 1.686424 4.413114 0.923810 -1
0 22.828400 24.051901 19.486423 4.304727 0.076190 -1
0 22.828400 24.051901 1.686424 4.304727 0.923810 -1
0 22.600000 25.200001 19.486423 4.266667 0.076190 -1
0 28.371599 26.348099 1.686424 5.228606 0.923810 -1
0 27.721300 27.321301 1.686424 5.120220 0.923810 -1
0 28.371599 26.348099 19.486423 5.228606 0.076190 -1
0 27.721300 27.321301 19.486423 5.120220 0.076190 -1
0 24.452000 27.971601 1.686424 4.575325 0.923810 -1
0 24.452000 27.971601 19.486423 4.575325 0.076190 -1
0 26.747999 22.428400 1.686424 4.958008 0.923810 -1
0 26.747999 22.428400 19.486423 4.958008 0.076190 -1
0 25.600000 28.200001 19.486423 4.766666 0.076190 -1
0 27.721300 23.078699 1.686424 5.120220 0.923810 -1
0 27.721300 23.078699 19.486423 5.120220 0.076190 -1
0 22.600000 25.200001 1.686424 4.266667 0.923810 -1
0 22.828400 26.348099 19.486423 4.304727 0.076190 -1
0 28.371599 24.051901 1.686424 5.228606 0.923810 -1
0 28.371599 24.051901 19.486423 5.228606 0.076190 -1
0 27.721300 -23.078699 1.686424 5.120220 0.923810 -1
0 26.747999 -22.428400 1.686424 4.958008 0.923810 -1
0 26.747999 -22.428400 19.486423 4.958008 0.076190 -1
0 28.600002 25.200001 1.686424 5.266666 0.923810 -1
0 28.600002 25.200001 19.486423 5.266666 0.076190 -1
0 -26.747999 -22.428400 1.686424 -3.958008 0.923810 -1
0 -27.721300 -23.078699 1.686424 -4.120220 0.923810 -1
0 -26.747999 -22.428400 19.486423 -3.958008 0.076190 -1
0 -26.747999 22.428400 19.486423 -3.958008 0.076190 -1
0 -26.747999 22.428400 1.686424 -3.958008 0.923810 -1
0 -25.600000 22.200001 19.486423 -3.766666 0.076190 -1
0 -22.600000 -25.200001 1.686424 -3.266667 0.923810 -1
0 -22.828400 -24.051901 1.686424 -3.304727 0.923810 -1
0 -22.600000 -25.200001 19.486423 -3.266667 0.076190 -1
0 23.478701 -23.078699 1.686424 4.413114 0.923810 -1
0 22.828400 -24.051901 1.686424 4.304727 0.923810 -1
0 22.828400 -24.051901 19.486423 4.304727 0.076190 -1
0 -23.478701 -23.078699 1.686424 -3.413114 0.923810 -1
0 -22.828400 -24.051901 19.486423 -3.304727 0.076190 -1
0 -24.452000 -22.428400 1.686424 -3.575325 0.923810 -1
0 -23.478701 -23.078699 19.486423 -3.413114 0.076190 -1
0 22.600000 -25.200001 1.686424 4.266667 0.923810 -1
0 22.600000 -25.200001 19.486423 4.266667 0.076190 -1
0 -25.600000 -22.200001 1.686424 -3.766666 0.923810 -1
0 -24.452000 -22.428400 19.486423 -3.575325 0.076190 -1
0 24.452000 -22.428400 1.686424 4.575325 0.923810 -1
0 23.478701 -23.078699 19.486423 4.413114 0.076190 -1
0 -25.600000 -22.200001 19.486423 -3.766666 0.076190 -1
0 25.600000 -22.200001 1.686424 4.766666 0.923810 -1
0 24.452000 -22.428400 19.486423 4.575325 0.076190 -1
0 -28.371599 -24.051901 1.686424 -4.228606 0.923810 -1
0 -27.721300 -23.078699 19.486423 -4.120220 0.076190 -1
0 25.600000 -22.200001 19.486423 4.766666 0.076190 -1
0 -28.600002 -25.200001 1.686424 -4.266666 0.923810 -1
0 -28.371599 -24.051901 19.486423 -4.228606 0.076190 -1
0 28.371599 -24.051901 1.686424 5.228606 0.923810 -1
0 27.721300 -23.078699 19.486423 5.120220 0.076190 -1
0 -28.371599 -26.348099 1.686424 -4.228606 0.923810 -1
0 -28.600002 -25.200001 19.486423 -4.266666 0.076190 -1
0 -27.721300 -27.321301 1.686424 -4.120220 0.923810 -1
0 -26.747999 -27.971601 1.686424 -3.958008 0.923810 -1
0 -27.721300 -27.321301 19.486423 -4.120220 0.076190 -1
0 -28.371599 -26.348099 19.486423 -4.228606 0.076190 -1
0 28.600002 -25.200001 1.686424 5.266666 0.923810 -1
0 28.371599 -24.051901 19.486423 5.228606 0.076190 -1
0 27.721300 -27.321301 1.686424 5.120220 0.923810 -1
0 28.371599 -26.348099 1.686424 5.228606 0.923810 -1
0 28.371599 -26.348099 19.486423 5.228606 0.076190 -1
0 28.600002 -25.200001 19.486423 5.266666 0.076190 -1
0 -26.747999 -27.971601 19.486423 -3.958008 0.076190 -1
0 -25.600000 22.200001 1.686424 -3.766666 0.923810 -1
0 -24.452000 22.428400 19.486423 -3.575325 0.076190 -1
0 -24.452000 22.428400 1.686424 -3.575325 0.923810 -1
0 -23.478701 23.078699 19.486423 -3.413114 0.076190 -1
0 -22.600000 25.200001 19.486423 -3.266667 0.076190 -1
0 -22.600000 25.200001 1.686424 -3.266667 0.923810 -1
0 -22.828400 26.348099 19.486423 -3.304727 0.076190 -1
0 26.747999 -27.971601 1.686424 4.958008 0.923810 -1
0 27.721300 -27.321301 19.486423 5.120220 0.076190 -1
0 -22.828400 26.348099 1.686424 -3.304727 0.923810 -1
0 -23.478701 27.321301 19.486423 -3.413114 0.076190 -1
0 -23.478701 27.321301 1.686424 -3.413114 0.923810 -1
0 -24.452000 27.971601 19.486423 -3.575325 0.076190 -1
0 -23.478701 -27.321301 1.686424 -3.413114 0.923810 -1
0 -24.452000 -27.971601 19.486423 -3.575325 0.076190 -1
0 25.600000 -28.200001 1.686424 4.766666 0.923810 -1
0 26.747999 -27.971601 19.486423 4.958008 0.076190 -1
0 -22.828400 -26.348099 1.686424 -3.304727 0.923810 -1
0 -23.478701 -27.321301 19.486423 -3.413114 0.076190 -1
0 24.452000 -27.971601 1.686424 4.575325 0.923810 -1
0 25.600000 -28.200001 19.486423 4.766666 0.076190 -1
0 -22.828400 -26.348099 19.486423 -3.304727 0.076190 -1
0 23.478701 -27.321301 1.686424 4.413114 0.923810 -1
0 24.452000 -27.971601 19.486423 4.575325 0.076190 -1
0 -27.721300 23.078699 19.486423 -4.120220 0.076190 -1
0 -27.721300 23.078699 1.686424 -4.120220 0.923810 -1
0 22.828400 -26.348099 1.686424 4.304727 0.923810 -1
0 23.478701 -27.321301 19.486423 4.413114 0.076190 -1
0 -23.478701 23.078699 1.686424 -3.413114 0.923810 -1
0 -22.828400 24.051901 19.486423 -3.304727 0.076190 -1
0 22.828400 -26.348099 19.486423 4.304727 0.076190 -1
0 -22.828400 24.051901 1.686424 -3.304727 0.923810 -1
0 -28.371599 26.348099 1.686424 -4.228606 0.923810 -1
0 -28.600002 25.200001 1.686424 -4.266666 0.923810 -1
0 -28.600002 25.200001 19.486423 -4.266666 0.076190 -1
0 -28.371599 24.051901 1.686424 -4.228606 0.923810 -1
0 -28.371599 24.051901 19.486423 -4.228606 0.076190 -1
0 -25.600000 28.200001 1.686424 -3.766666 0.923810 -1
0 -26.747999 27.971601 1.686424 -3.958008 0.923810 -1
0 -26.747999 27.971601 19.486423 -3.958008 0.076190 -1
0 -27.721300 27.321301 1.686424 -4.120220 0.923810 -1
0 -27.721300 27.321301 19.486423 -4.120220 0.076190 -1
0 -24.452000 27.971601 1.686424 -3.575325 0.923810 -1
0 -25.600000 28.200001 19.486423 -3.766666 0.076190 -1
0 -28.371599 26.348099 19.486423 -4.228606 0.076190 -1
152
0.671419 -0.072216 -0.737551
0.671419 0.072216 0.737551
0.579372 0.484064 -0.655752
0.595074 0.082162 -0.799460
0.592334 -0.125995 0.795780
0.478878 -0.362683 -0.799460
-0.749628 0.103502 0.653716
0.329752 -0.507935 0.795780
-0.456880 0.603254 0.653716
-0.579372 0.484064 -0.655751
0.000000 0.902242 -0.431231
0.000000 -0.597092 -0.802172
-0.000000 -0.262085 0.965045
0.000000 0.753676 0.657246
-0.478878 -0.362683 -0.799460
-0.329752 -0.507935 0.795780
0.456880 0.603254 0.653716
-0.766752 0.123366 -0.629978
-0.766752 -0.123366 0.629978
-0.751963 -0.067393 -0.655752
-0.329752 0.507935 -0.795780
-0.478878 0.362683 0.799460
0.579372 -0.484064 0.655751
0.456880 -0.603254 -0.653716
0.000000 0.262085 -0.965045
0.000000 0.597092 0.802172
0.000000 -0.902242 0.431231
0.000000 -0.753676 -0.657246
-0.423701 -0.525829 -0.737551
0.454943 0.629408 -0.629978
0.629408 0.454943 0.629978
-0.525829 -0.423701 0.737551
0.442963 0.896540 0.000000
0.066173 0.997808 0.000000
0.320740 0.947167 0.000000
-0.442963 -0.896540 0.000000
-0.320739 -0.947168 0.000000
-0.658757 -0.752355 0.000000
-0.658758 0.752355 0.000000
-0.896528 0.442987 0.000000
-0.752324 0.658793 0.000000
-0.066173 -0.997808 0.000000
0.066173 -0.997808 0.000000
-0.066173 -0.997808 0.000000
0.320740 -0.947167 0.000000
0.066173 -0.997808 0.000000
-0.752324 -0.658793 0.000000
-0.896528 -0.442987 0.000000
-0.947166 -0.320743 0.000000
-0.997809 -0.066167 0.000000
0.947166 0.320745 0.000000
0.752325 0.658792 0.000000
0.896528 0.442987 0.000000
0.658758 0.752355 0.000000
-0.320740 0.947167 0.000000
-0.442964 0.896539 0.000000
0.320739 -0.947168 0.000000
0.442963 -0.896540 0.000000
-0.066173 0.997808 0.000000
0.658757 -0.752356 0.000000
0.752325 -0.658793 0.000000
-0.997809 0.066167 0.000000
-0.947166 0.320744 0.000000
0.896528 -0.442987 0.000000
0.947166 -0.320745 0.000000
0.658757 0.752356 0.000000
0.320739 0.947168 0.000000
0.442963 0.896540 0.000000
0.997809 -0.066168 0.000000
0.997808 0.066168 0.000000
-0.320739 0.947168 0.000000
-0.658757 0.752356 0.000000
-0.442963 0.896540 0.000000
-0.442963 -0.896540 0.000000
-0.320739 -0.947168 0.000000
0.997809 -0.066167 0.000000
0.947166 0.320743 0.000000
0.997809 0.066167 0.000000
-0.752324 0.658793 0.000000
-0.947166 0.320743 0.000000
-0.896528 0.442987 0.000000
0.752324 0.658793 0.000000
0.896528 0.442987 0.000000
0.442963 0.896540 0.000000
0.658757 0.752355 0.000000
-0.997809 -0.066167 0.000000
-0.997809 0.066167 0.000000
0.066173 0.997808 0.000000
0.320739 0.947168 0.000000
-0.442963 0.896540 0.000000
-0.658757 0.752355 0.000000
-0.066173 0.997808 0.000000
-0.320739 0.947168 0.000000
-0.896528 0.442987 0.000000
-0.752325 0.658793 0.000000
-0.997809 0.066168 0.000000
-0.947166 0.320745 0.000000
0.896528 0.442987 0.000000
0.752325 0.658793 0.000000
-0.947166 -0.320745 0.000000
-0.997808 -0.066168 0.000000
-0.752325 -0.658792 0.000000
-0.442963 -0.896540 0.000000
-0.658758 -0.752355 0.000000
-0.896528 -0.442987 0.000000
0.997809 0.066168 0.000000
0.947166 0.320745 0.000000
0.752325 -0.658792 0.000000
0.947166 -0.320745 0.000000
0.896528 -0.442987 0.000000
0.997808 -0.066168 0.000000
-0.320740 -0.947167 0.000000
0.320739 -0.947168 0.000000
0.442963 -0.896540 0.000000
0.658757 -0.752355 0.000000
0.997809 -0.066167 0.000000
0.997809 0.066167 0.000000
0.947166 0.320744 0.000000
0.442963 -0.896540 0.000000
0.658758 -0.752355 0.000000
0.896528 0.442987 0.000000
0.752324 0.658793 0.000000
0.658758 0.752355 0.000000
0.442964 0.896539 0.000000
0.658758 -0.752355 0.000000
0.442964 -0.896539 0.000000
0.320740 -0.947167 0.000000
0.896528 -0.442987 0.000000
0.752324 -0.658793 0.000000
-0.320740 -0.947167 0.000000
0.947166 -0.320744 0.000000
-0.658758 -0.752355 0.000000
-0.442964 -0.896539 0.000000
-0.752325 -0.658793 0.000000
-0.658757 -0.752356 0.000000
-0.896528 -0.442987 0.000000
-0.752324 -0.658793 0.000000
0.752324 -0.658793 0.000000
0.896528 -0.442987 0.000000
-0.947166 -0.320744 0.000000
0.947166 -0.320743 0.000000
-0.947166 0.320745 0.000000
-0.997809 -0.066168 0.000000
-0.997808 0.066168 0.000000
-0.896528 -0.442987 0.000000
-0.947166 -0.320745 0.000000
-0.442963 0.896540 0.000000
-0.320740 0.947167 0.000000
-0.752325 0.658792 0.000000
-0.658758 0.752355 0.000000
0.320740 0.947167 0.000000
-0.896528 0.442987 0.000000
192
0 0 1 2 0 1 2 1
0 3 4 5 3 4 5 1
0 4 6 7 4 6 7 1
0 8 6 9 8 6 9 1
0 10 9 11 10 9 11 1
0 5 7 11 5 7 11 1
0 7 8 12 7 8 12 1
0 13 8 10 13 8 10 1
0 14 2 11 14 2 11 1
0 12 15 11 12 15 11 1
0 13 16 12 13 16 12 1
0 2 16 10 2 16 10 1
0 17 0 14 17 0 14 1
0 15 18 14 15 18 14 1
0 16 1 15 16 1 15 1
0 9 19 5 9 19 5 1
0 17 20 0 17 20 0 1
0 18 21 17 18 21 17 1
0 22 21 1 22 21 1 1
0 23 22 0 23 22 0 1
0 20 24 23 20 24 23 1
0 21 25 20 21 25 20 1
0 26 25 22 26 25 22 1
0 27 26 23 27 26 23 1
0 27 24 28 27 24 28 1
0 24 25 29 24 25 29 1
0 30 25 31 30 25 31 1
0 31 26 28 31 26 28 1
0 19 28 3 19 28 3 1
0 29 30 3 29 30 3 1
0 6 31 19 6 31 19 1
0 1 18 15 1 18 15 1
0 30 31 4 30 31 4 1
0 19 3 5 19 3 5 1
0 4 7 5 4 7 5 1
0 6 8 7 6 8 7 1
0 6 19 9 6 19 9 1
0 9 5 11 9 5 11 1
0 7 12 11 7 12 11 1
0 8 13 12 8 13 12 1
0 8 9 10 8 9 10 1
0 2 10 11 2 10 11 1
0 15 14 11 15 14 11 1
0 16 15 12 16 15 12 1
0 16 13 10 16 13 10 1
0 0 2 14 0 2 14 1
0 18 17 14 18 17 14 1
0 31 28 19 31 28 19 1
0 1 16 2 1 16 2 1
0 20 23 0 20 23 0 1
0 21 20 17 21 20 17 1
0 21 18 1 21 18 1 1
0 22 1 0 22 1 0 1
0 24 27 23 24 27 23 1
0 25 24 20 25 24 20 1
0 25 21 22 25 21 22 1
0 26 22 23 26 22 23 1
0 24 29 28 24 29 28 1
0 25 30 29 25 30 29 1
0 25 26 31 25 26 31 1
0 26 27 28 26 27 28 1
0 28 29 3 28 29 3 1
0 30 4 3 30 4 3 1
0 31 6 4 31 6 4 1
0 32 33 34 32 33 34 1
0 35 36 37 35 36 37 1
0 38 39 40 38 39 40 1
0 41 42 36 41 42 36 1
0 43 44 45 43 44 45 1
0 46 37 47 46 37 47 1
0 48 47 49 48 47 49 1
0 50 51 52 50 51 52 1
0 51 32 53 51 32 53 1
0 54 38 55 54 38 55 1
0 56 57 42 56 57 42 1
0 33 54 58 33 54 58 1
0 59 60 57 59 60 57 1
0 39 61 62 39 61 62 1
0 63 64 60 63 64 60 1
0 65 66 67 65 66 67 1
0 68 69 64 68 69 64 1
0 70 71 72 70 71 72 1
0 50 52 69 50 52 69 1
0 73 74 75 73 74 43 1
0 51 53 52 51 53 52 1
0 76 77 78 75 76 77 1
0 32 34 53 32 34 53 1
0 79 80 81 78 79 80 1
0 33 58 34 33 58 34 1
0 77 82 83 76 81 82 1
0 54 55 58 54 55 58 1
0 82 84 85 81 83 84 1
0 38 40 55 38 40 55 1
0 80 86 87 79 85 86 1
0 39 62 40 39 62 40 1
0 84 88 89 83 87 88 1
0 61 49 62 61 49 62 1
0 90 79 91 89 78 90 1
0 68 50 69 68 50 69 1
0 88 70 92 87 70 91 1
0 63 68 64 63 68 64 1
0 93 90 94 58 89 92 1
0 59 63 60 59 63 60 1
0 71 95 96 71 93 94 1
0 56 59 57 56 59 57 1
0 66 93 97 66 58 33 1
0 41 56 42 41 56 42 1
0 95 98 99 93 95 96 1
0 35 41 36 35 41 36 1
0 100 65 101 97 65 98 1
0 46 35 37 46 35 37 1
0 98 102 103 95 99 100 1
0 48 46 47 48 46 47 1
0 104 105 106 101 102 103 1
0 102 104 107 99 101 104 1
0 108 100 109 105 97 106 1
0 110 111 112 107 108 109 1
0 111 108 113 108 105 110 1
0 105 43 114 102 43 111 1
0 75 115 116 43 45 112 1
0 116 117 118 112 113 114 1
0 119 120 121 115 116 117 1
0 122 110 123 118 107 119 1
0 121 124 125 117 120 121 1
0 81 80 87 80 79 86 1
0 125 126 127 121 122 123 1
0 44 128 129 44 124 125 1
0 130 122 131 42 118 126 1
0 128 132 133 124 127 128 1
0 134 130 135 129 42 41 1
0 132 76 136 127 75 130 1
0 137 134 138 131 129 132 1
0 139 140 73 133 134 73 1
0 141 137 142 135 131 136 1
0 118 143 144 114 137 138 1
0 86 141 145 85 135 139 1
0 144 146 119 138 140 115 1
0 147 148 149 141 142 143 1
0 109 100 101 106 97 98 1
0 113 108 109 110 105 106 1
0 77 83 78 76 82 77 1
0 148 150 151 142 144 145 1
0 82 85 83 81 84 82 1
0 150 140 139 144 134 133 1
0 84 89 85 83 88 84 1
0 140 74 73 134 74 73 1
0 88 92 89 87 91 88 1
0 74 115 75 74 45 43 1
0 70 72 92 70 72 91 1
0 115 117 116 45 113 112 1
0 71 96 72 71 94 72 1
0 117 143 118 113 137 114 1
0 95 99 96 93 96 94 1
0 143 146 144 137 140 138 1
0 98 103 99 95 100 96 1
0 146 120 119 140 116 115 1
0 102 107 103 99 104 100 1
0 91 79 81 90 78 80 1
0 104 106 107 101 103 104 1
0 94 90 91 92 89 90 1
0 105 114 106 102 111 103 1
0 67 66 97 67 66 33 1
0 43 45 114 43 45 111 1
0 152 153 154 91 146 147 1
0 44 129 45 44 125 45 1
0 153 155 156 146 148 149 1
0 128 133 129 124 128 125 1
0 127 157 158 123 150 87 1
0 132 136 133 127 130 128 1
0 126 157 127 122 150 123 1
0 76 78 136 75 77 130 1
0 124 126 125 120 122 121 1
0 61 48 49 61 48 49 1
0 101 65 67 98 65 67 1
0 151 150 139 145 144 133 1
0 87 86 145 86 85 139 1
0 145 141 142 139 135 136 1
0 142 137 138 136 131 132 1
0 138 134 135 132 129 41 1
0 135 130 131 41 42 126 1
0 131 122 123 126 118 119 1
0 123 110 112 119 107 109 1
0 112 111 113 109 108 110 1
0 155 147 159 148 141 151 1
0 158 152 154 87 91 147 1
0 149 148 151 143 142 145 1
0 157 152 158 150 91 87 1
0 120 124 121 116 120 117 1
0 97 93 94 33 58 92 1
0 159 147 149 151 141 143 1
0 154 153 156 147 146 149 1
0 156 155 159 149 148 151 1
"Frame_SCE6" 0 5
16
0 -106.379997 0.000000 6.039824 0.000000 0.500000 -1
0 -75.222000 -75.222000 6.039824 0.146447 0.853553 -1
0 -55.322498 -55.322498 -1.960176 0.239977 0.760023 -1
0 0.000000 -106.379997 6.039824 0.500000 1.000000 -1
0 0.000000 -78.237801 -1.960176 0.500000 0.867728 -1
0 75.222000 -75.222000 6.039824 0.853553 0.853553 -1
0 55.322498 -55.322498 -1.960176 0.760023 0.760023 -1
0 -75.222000 75.222000 6.039824 0.146447 0.146447 -1
0 -78.237801 0.000000 -1.960176 0.132272 0.500000 -1
0 0.000000 106.379997 6.039824 0.500000 0.000000 -1
0 0.000000 78.237801 -1.960176 0.500000 0.132272 -1
0 55.322498 55.322498 -1.960176 0.760023 0.239977 -1
0 75.222000 75.222000 6.039824 0.853553 0.146447 -1
0 78.237801 0.000000 -1.960176 0.867728 0.500000 -1
0 106.379997 0.000000 6.039824 1.000000 0.500000 -1
0 -55.322498 55.322498 -1.960176 0.239977 0.239977 -1
16
0.273243 0.037727 0.961205
0.166535 0.219889 0.961205
0.219889 0.166535 0.961205
0.000000 0.273437 0.961890
0.000000 0.273437 0.961890
-0.166535 0.219889 0.961205
-0.219889 0.166535 0.961205
0.219889 -0.166535 0.961205
0.273243 -0.037727 0.961205
0.000000 -0.273437 0.961890
0.000000 -0.273437 0.961890
-0.166535 -0.219889 0.961205
-0.219889 -0.166535 0.961205
-0.273243 -0.037727 0.961205
-0.273243 0.037727 0.961205
0.166535 -0.219889 0.961205
16
0 0 1 2 0 1 2 1
0 1 3 4 1 3 4 1
0 5 6 4 5 6 4 1
0 7 0 8 7 0 8 1
0 9 10 11 9 10 11 1
0 12 11 13 12 11 13 1
0 14 13 6 14 13 6 1
0 5 14 6 5 14 6 1
0 14 12 13 14 12 13 1
0 12 9 11 12 9 11 1
0 10 9 15 10 9 15 1
0 15 7 8 15 7 8 1
0 8 0 2 8 0 2 1
0 2 1 4 2 1 4 1
0 3 5 4 3 5 4 1
0 9 7 15 9 7 15 1
"Frame_SCE7" 0 6
216
0 0.930000 103.880203 5.258324 0.504476 0.000000 -1
0 0.558000 103.280197 5.997824 0.502686 0.002888 -1
0 0.930000 80.519798 -1.441675 0.504476 0.112439 -1
0 -0.558000 80.519798 -0.502176 0.497314 0.112439 -1
0 -0.558000 103.280197 5.997824 0.497314 0.002888 -1
0 -0.930000 80.519798 -1.441675 0.495524 0.112439 -1
0 0.558000 80.519798 -0.502176 0.502686 0.112439 -1
0 -0.930000 103.880203 5.258324 0.495524 0.000000 -1
0 0.558000 -80.519798 -0.502176 0.502686 0.887561 -1
0 0.558000 -103.280197 5.997824 0.502686 0.997112 -1
0 0.930000 -80.519798 -1.441675 0.504476 0.887561 -1
0 0.930000 -103.880203 5.258324 0.504476 1.000000 -1
0 -0.930000 -103.880203 5.258324 0.495524 1.000000 -1
0 -0.558000 -103.280197 5.997824 0.497314 0.997112 -1
0 -0.930000 -80.519798 -1.441675 0.495524 0.887561 -1
0 -0.558000 -80.519798 -0.502176 0.497314 0.887561 -1
0 -103.880203 0.930000 5.258324 0.000000 0.495524 -1
0 -103.280197 0.558000 5.997824 0.002888 0.497314 -1
0 -80.519798 0.930000 -1.441675 0.112439 0.495524 -1
0 -103.280197 -0.558000 5.997824 0.002888 0.502686 -1
0 -80.519798 0.558000 -0.502176 0.112439 0.497314 -1
0 -80.519798 -0.558000 -0.502176 0.112439 0.502686 -1
0 -103.880203 -0.930000 5.258324 0.000000 0.504476 -1
0 -80.519798 -0.930000 -1.441675 0.112439 0.504476 -1
0 80.519798 0.558000 -0.502176 0.887561 0.497314 -1
0 103.280197 0.558000 5.997824 0.997112 0.497314 -1
0 80.519798 0.930000 -1.441675 0.887561 0.495524 -1
0 80.519798 -0.558000 -0.502176 0.887561 0.502686 -1
0 103.280197 -0.558000 5.997824 0.997112 0.502686 -1
0 80.519798 -0.930000 -1.441675 0.887561 0.504476 -1
0 103.880203 0.930000 5.258324 1.000000 0.495524 -1
0 103.880203 -0.930000 5.258324 1.000000 0.504476 -1
0 74.112000 -72.796799 5.258324 0.856719 0.850388 -1
0 72.796799 -74.112000 5.258324 0.850388 0.856719 -1
0 57.593697 -56.278503 -1.441675 0.777212 0.770882 -1
0 56.278503 -57.593697 -1.441675 0.770882 0.777212 -1
0 56.541504 -57.330696 -0.502176 0.772148 0.775946 -1
0 72.635605 -73.424706 5.997824 0.849612 0.853410 -1
0 73.424706 -72.635605 5.997824 0.853410 0.849612 -1
0 57.330696 -56.541504 -0.502176 0.775946 0.772148 -1
0 -57.593697 56.278503 -1.441675 0.222788 0.229118 -1
0 -74.112000 72.796799 5.258324 0.143281 0.149612 -1
0 -56.278503 57.593697 -1.441675 0.229118 0.222788 -1
0 -56.541504 57.330696 -0.502176 0.227852 0.224054 -1
0 -57.330696 56.541504 -0.502176 0.224054 0.227852 -1
0 -73.424706 72.635605 5.997824 0.146590 0.150388 -1
0 -72.796799 74.112000 5.258324 0.149612 0.143281 -1
0 -72.635605 73.424706 5.997824 0.150388 0.146590 -1
0 72.796799 74.112000 5.258324 0.850388 0.143281 -1
0 74.112000 72.796799 5.258324 0.856719 0.149612 -1
0 56.278503 57.593697 -1.441675 0.770882 0.222788 -1
0 57.593697 56.278503 -1.441675 0.777212 0.229118 -1
0 57.330696 56.541504 -0.502176 0.775946 0.227852 -1
0 -72.635605 -73.424706 5.997824 0.150388 0.853410 -1
0 -56.541504 -57.330696 -0.502176 0.227852 0.775946 -1
0 -57.330696 -56.541504 -0.502176 0.224054 0.772148 -1
0 -73.424706 -72.635605 5.997824 0.146590 0.849612 -1
0 -57.593697 -56.278503 -1.441675 0.222788 0.770882 -1
0 -74.112000 -72.796799 5.258324 0.143281 0.850388 -1
0 -72.796799 -74.112000 5.258324 0.149612 0.856719 -1
0 -56.278503 -57.593697 -1.441675 0.229118 0.777212 -1
0 73.424706 72.635605 5.997824 0.853410 0.150388 -1
0 72.635605 73.424706 5.997824 0.849612 0.146590 -1
0 56.541504 57.330696 -0.502176 0.772148 0.224054 -1
0 20.037500 -22.735800 -1.082475 0.700375 0.727358 -1
0 20.037500 -22.735800 -1.709675 0.700375 0.727358 -1
0 22.735800 -20.037500 -1.709675 0.727358 0.700375 -1
0 18.720800 -22.735800 -1.709675 0.687208 0.727358 -1
0 18.345200 -22.336000 -1.709675 0.683452 0.723360 -1
0 19.846401 -22.336000 -1.709675 0.698464 0.723360 -1
0 22.336000 -19.846401 -1.709675 0.723360 0.698464 -1
0 22.735800 -20.037500 -1.082475 0.727358 0.700375 -1
0 22.735800 -18.690001 -1.082475 0.727358 0.686900 -1
0 22.336000 -18.375999 -1.082475 0.723360 0.683760 -1
0 18.720800 -22.735800 -1.082475 0.687208 0.727358 -1
0 22.336000 -19.846401 -1.082475 0.723360 0.698464 -1
0 22.336000 -18.375999 -1.709675 0.723360 0.683760 -1
0 22.735800 -18.690001 -1.709675 0.727358 0.686900 -1
0 18.345200 -22.336000 -1.082475 0.683452 0.723360 -1
0 -19.846401 -22.336000 -1.082475 0.301536 0.723360 -1
0 -20.037500 -22.735800 -1.082475 0.299625 0.727358 -1
0 -18.720800 -22.735800 -1.082475 0.312792 0.727358 -1
0 -22.336000 -19.846401 -1.082475 0.276640 0.698464 -1
0 -22.735800 -20.037500 -1.082475 0.272642 0.700375 -1
0 19.846401 -22.336000 -1.082475 0.698464 0.723360 -1
0 -20.037500 -22.735800 -1.709675 0.299625 0.727358 -1
0 -18.720800 -22.735800 -1.709675 0.312792 0.727358 -1
0 -22.735800 -20.037500 -1.709675 0.272642 0.700375 -1
0 -19.846401 -22.336000 -1.709675 0.301536 0.723360 -1
0 -18.345200 -22.336000 -1.709675 0.316548 0.723360 -1
0 -22.336000 -18.375999 -1.082475 0.276640 0.683760 -1
0 -22.336000 -19.846401 -1.709675 0.276640 0.698464 -1
0 -22.336000 -18.375999 -1.709675 0.276640 0.683760 -1
0 -22.735800 -18.690001 -1.082475 0.272642 0.686900 -1
0 -22.735800 -18.690001 -1.709675 0.272642 0.686900 -1
0 -18.345200 -22.336000 -1.082475 0.316548 0.723360 -1
0 18.345200 22.336000 -1.709675 0.683452 0.276640 -1
0 19.846401 22.336000 -1.709675 0.698464 0.276640 -1
0 18.345200 22.336000 -1.082475 0.683452 0.276640 -1
0 22.336000 19.846401 -1.082475 0.723360 0.301536 -1
0 19.846401 22.336000 -1.082475 0.698464 0.276640 -1
0 22.336000 19.846401 -1.709675 0.723360 0.301536 -1
0 20.037500 22.735800 -1.082475 0.700375 0.272642 -1
0 22.735800 20.037500 -1.082475 0.727358 0.299625 -1
0 18.720800 22.735800 -1.082475 0.687208 0.272642 -1
0 18.720800 22.735800 -1.709675 0.687208 0.272642 -1
0 20.037500 22.735800 -1.709675 0.700375 0.272642 -1
0 22.735800 20.037500 -1.709675 0.727358 0.299625 -1
0 22.336000 18.375999 -1.082475 0.723360 0.316240 -1
0 22.336000 18.375999 -1.709675 0.723360 0.316240 -1
0 22.735800 18.690001 -1.709675 0.727358 0.313100 -1
0 22.735800 18.690001 -1.082475 0.727358 0.313100 -1
0 -20.037500 22.735800 -1.082475 0.299625 0.272642 -1
0 -19.846401 22.336000 -1.082475 0.301536 0.276640 -1
0 -18.720800 22.735800 -1.082475 0.312792 0.272642 -1
0 -22.336000 19.846401 -1.082475 0.276640 0.301536 -1
0 -22.735800 20.037500 -1.082475 0.272642 0.299625 -1
0 -19.846401 22.336000 -1.709675 0.301536 0.276640 -1
0 -18.345200 22.336000 -1.082475 0.316548 0.276640 -1
0 -22.336000 19.846401 -1.709675 0.276640 0.301536 -1
0 -20.037500 22.735800 -1.709675 0.299625 0.272642 -1
0 -18.720800 22.735800 -1.709675 0.312792 0.272642 -1
0 -22.735800 20.037500 -1.709675 0.272642 0.299625 -1
0 -18.345200 22.336000 -1.709675 0.316548 0.276640 -1
0 -22.336000 18.375999 -1.082475 0.276640 0.316240 -1
0 -22.336000 18.375999 -1.709675 0.276640 0.316240 -1
0 -22.735800 18.690001 -1.082475 0.272642 0.313100 -1
0 -22.735800 18.690001 -1.709675 0.272642 0.313100 -1
0 4.926800 -12.764200 27.619625 0.542344 0.607299 -1
0 5.322700 -12.604300 27.619625 0.545747 0.605954 -1
0 1.516600 -3.183700 27.619625 0.513035 0.526763 -1
0 -22.613800 55.230801 27.303226 0.305643 0.035719 -1
0 -22.554600 55.254700 27.619625 0.306152 0.035519 -1
0 -22.158701 55.414700 27.619625 0.309555 0.034174 -1
0 -18.352499 45.994099 27.619625 0.342267 0.113365 -1
0 5.381900 -12.580400 27.303226 0.546255 0.605753 -1
0 4.867700 -12.788100 27.303226 0.541836 0.607499 -1
0 1.575700 -3.159800 27.303226 0.513543 0.526562 -1
0 -54.075096 -21.458399 22.948223 0.035246 0.680384 -1
0 -54.115498 -21.358500 23.264626 0.034899 0.679543 -1
0 53.804600 22.127800 22.948223 0.962430 0.313990 -1
0 -12.567100 -5.414700 27.303226 0.391991 0.545517 -1
0 -12.801400 -4.834800 27.303226 0.389977 0.540643 -1
0 -3.380800 -1.028700 27.303226 0.470943 0.508647 -1
0 -1.575700 3.159800 27.303226 0.486457 0.473438 -1
0 -5.381900 12.580400 27.303226 0.453745 0.394247 -1
0 -1.061500 3.367600 27.303226 0.490877 0.471692 -1
0 -12.774401 -4.901500 27.619625 0.390209 0.541203 -1
0 -3.353900 -1.095400 27.619625 0.471175 0.509208 -1
0 -4.867700 12.788100 27.303226 0.458164 0.392501 -1
0 -1.120600 3.343700 27.619625 0.490369 0.471892 -1
0 12.801400 4.834800 27.303226 0.610023 0.459357 -1
0 12.567100 5.414700 27.303226 0.608009 0.454483 -1
0 12.594099 5.348000 27.619625 0.608241 0.455044 -1
0 -4.926800 12.764200 27.619625 0.457656 0.392701 -1
0 -18.807600 45.810299 27.303226 0.338356 0.114910 -1
0 -18.748499 45.834198 27.619625 0.338864 0.114709 -1
0 -5.322700 12.604300 27.619625 0.454253 0.394046 -1
0 -1.516600 3.183700 27.619625 0.486965 0.473237 -1
0 -18.293400 46.018002 27.303226 0.342775 0.113164 -1
0 -3.146600 -1.608500 27.303226 0.472957 0.513522 -1
0 -12.594099 -5.348000 27.619625 0.391759 0.544956 -1
0 -3.173500 -1.541900 27.619625 0.472725 0.512961 -1
0 -45.797001 -18.840399 27.303226 0.106393 0.658376 -1
0 -55.217598 -22.646601 27.303226 0.025427 0.690372 -1
0 -46.031300 -18.260599 27.303226 0.104379 0.653502 -1
0 -55.451797 -22.066700 27.303226 0.023413 0.685497 -1
0 -46.004303 -18.327301 27.619625 0.104611 0.654063 -1
0 -55.424900 -22.133400 27.619625 0.023645 0.686058 -1
0 -55.244499 -22.579899 27.619625 0.025195 0.689811 -1
0 -45.823898 -18.773800 27.619625 0.106161 0.657816 -1
0 18.293400 -46.018002 27.303226 0.657225 0.886836 -1
0 22.099600 -55.438602 27.303226 0.689937 0.966027 -1
0 18.352499 -45.994099 27.619625 0.657733 0.886635 -1
0 22.158701 -55.414700 27.619625 0.690445 0.965826 -1
0 22.554600 -55.254700 27.619625 0.693848 0.964481 -1
0 18.807600 -45.810299 27.303226 0.661644 0.885090 -1
0 18.748499 -45.834198 27.619625 0.661136 0.885290 -1
0 22.613800 -55.230801 27.303226 0.694357 0.964281 -1
0 1.120600 -3.343700 27.619625 0.509631 0.528108 -1
0 1.061500 -3.367600 27.303226 0.509123 0.528308 -1
0 3.146600 1.608500 27.303226 0.527043 0.486478 -1
0 3.173500 1.541900 27.619625 0.527275 0.487039 -1
0 12.774401 4.901500 27.619625 0.609791 0.458797 -1
0 3.380800 1.028700 27.303226 0.529057 0.491353 -1
0 3.353900 1.095400 27.619625 0.528825 0.490792 -1
0 55.217598 22.646601 27.303226 0.974573 0.309628 -1
0 55.451797 22.066700 27.303226 0.976587 0.314503 -1
0 45.797001 18.840399 27.303226 0.893607 0.341624 -1
0 55.244499 22.579899 27.619625 0.974805 0.310189 -1
0 45.823898 18.773800 27.619625 0.893839 0.342184 -1
0 55.424900 22.133400 27.619625 0.976355 0.313942 -1
0 -22.597399 55.021297 24.153225 0.305784 0.037481 -1
0 -21.965799 55.276501 24.153225 0.311213 0.035335 -1
0 -1.634400 3.136100 24.153225 0.485953 0.473637 -1
0 46.031300 18.260599 27.303226 0.895621 0.346498 -1
0 46.004303 18.327301 27.619625 0.895389 0.345937 -1
0 -53.764301 -22.227800 23.264626 0.037917 0.686851 -1
0 54.115498 21.358500 23.264626 0.965101 0.320457 -1
0 53.764301 22.227800 23.264626 0.962083 0.313149 -1
0 -53.804600 -22.127800 22.948223 0.037570 0.686010 -1
0 54.075096 21.458399 22.948223 0.964754 0.319616 -1
0 -1.002800 3.391300 24.153225 0.491381 0.471492 -1
0 -0.908500 3.429400 24.469624 0.492192 0.471172 -1
0 -21.871399 55.314602 24.469624 0.312024 0.035015 -1
0 -22.691799 54.983200 24.469624 0.304973 0.037801 -1
0 -1.728800 3.098000 24.469624 0.485142 0.473958 -1
0 1.634400 -3.136100 24.153225 0.514047 0.526363 -1
0 22.597399 -55.021297 24.153225 0.694216 0.962519 -1
0 1.002800 -3.391300 24.153225 0.508619 0.528508 -1
0 0.908500 -3.429400 24.469624 0.507808 0.528828 -1
0 1.728800 -3.098000 24.469624 0.514858 0.526042 -1
0 22.691799 -54.983200 24.469624 0.695027 0.962199 -1
0 21.965799 -55.276501 24.153225 0.688787 0.964665 -1
0 -22.099600 55.438602 27.303226 0.310063 0.033973 -1
0 21.871399 -55.314602 24.469624 0.687976 0.964985 -1
216
0.516451 0.684609 -0.514381
0.418524 0.179549 0.890281
0.886726 -0.450102 -0.105478
-0.311166 -0.556519 0.770365
-0.617349 0.096909 0.780698
-0.671195 -0.604172 -0.429503
0.321380 -0.826907 0.461453
-0.445754 0.833433 0.326638
0.321380 0.826907 0.461453
0.418524 -0.179549 0.890281
0.886726 0.450101 -0.105478
0.516451 -0.684609 -0.514381
-0.445754 -0.833433 0.326638
-0.617349 -0.096909 0.780698
-0.671195 0.604172 -0.429503
-0.311166 0.556519 0.770365
-0.833433 0.445754 0.326638
-0.096909 0.617349 0.780698
0.604172 0.671195 -0.429503
-0.179549 -0.418524 0.890281
0.556519 0.311166 0.770365
0.826907 -0.321380 0.461453
-0.684609 -0.516451 -0.514381
0.450101 -0.886726 -0.105478
-0.556519 0.311166 0.770365
0.096909 0.617349 0.780698
-0.604172 0.671195 -0.429503
-0.826907 -0.321380 0.461453
0.179549 -0.418524 0.890281
-0.450102 -0.886726 -0.105478
0.833433 0.445754 0.326638
0.684609 -0.516451 -0.514381
0.904525 -0.274142 0.326620
0.118913 -0.849276 -0.514384
0.047400 0.901815 -0.429515
-0.945275 -0.308749 -0.105497
-0.811972 0.357455 0.461440
-0.168978 -0.422918 0.890273
0.505074 0.368008 0.780686
-0.173484 0.613556 0.770359
-0.308749 -0.945275 -0.105497
-0.849276 0.118913 -0.514384
0.901815 0.047400 -0.429515
0.613556 -0.173484 0.770359
0.357455 -0.811972 0.461440
-0.422918 -0.168978 0.890273
-0.274142 0.904525 0.326620
0.368008 0.505074 0.780686
0.274142 0.904525 0.326620
0.849276 0.118913 -0.514384
-0.901815 0.047400 -0.429515
0.308749 -0.945275 -0.105497
-0.357455 -0.811972 0.461440
0.168978 -0.422918 0.890273
0.811972 0.357455 0.461440
0.173484 0.613556 0.770359
-0.505074 0.368008 0.780686
-0.047400 0.901815 -0.429515
-0.904525 -0.274142 0.326620
-0.118913 -0.849276 -0.514384
0.945275 -0.308749 -0.105497
0.422918 -0.168978 0.890273
-0.368008 0.505074 0.780686
-0.613556 -0.173484 0.770359
0.336557 -0.812520 0.475963
0.200690 -0.484508 -0.851455
0.717284 -0.297109 -0.630262
-0.383090 -0.885534 -0.262816
-0.338690 0.146520 -0.929420
-0.172371 0.659908 -0.731307
-0.588510 0.344741 -0.731307
0.387437 -0.160482 0.907821
0.899406 0.270213 0.343590
0.092098 0.615547 0.782701
-0.268475 -0.620594 0.736739
-0.787122 0.205599 0.581522
-0.735811 0.418619 -0.532297
0.660006 0.464409 -0.590521
-0.776665 0.335992 0.532824
0.289713 0.494570 0.819431
-0.336557 -0.812520 0.475963
0.268475 -0.620594 0.736739
0.787122 0.205599 0.581522
-0.387437 -0.160482 0.907821
-0.289713 0.494570 0.819431
-0.200690 -0.484508 -0.851455
0.383090 -0.885534 -0.262816
-0.717284 -0.297109 -0.630262
0.172371 0.659908 -0.731307
0.338690 0.146520 -0.929420
-0.092098 0.615547 0.782701
0.588510 0.344741 -0.731307
0.735811 0.418619 -0.532297
-0.899406 0.270213 0.343590
-0.660006 0.464409 -0.590521
0.776665 0.335992 0.532824
-0.338690 -0.146520 -0.929420
-0.172371 -0.659908 -0.731307
-0.776665 -0.335992 0.532824
-0.787122 -0.205599 0.581522
-0.289713 -0.494570 0.819431
-0.588510 -0.344741 -0.731307
0.336557 0.812520 0.475963
0.387437 0.160482 0.907821
-0.268475 0.620594 0.736739
-0.383090 0.885534 -0.262816
0.200690 0.484508 -0.851455
0.717284 0.297109 -0.630262
0.092098 -0.615547 0.782701
-0.735811 -0.418619 -0.532297
0.660006 -0.464409 -0.590521
0.899406 -0.270213 0.343590
-0.336557 0.812520 0.475963
0.289713 -0.494570 0.819431
0.268475 0.620594 0.736739
0.787122 -0.205599 0.581522
-0.387437 0.160482 0.907821
0.172371 -0.659908 -0.731307
0.776665 -0.335992 0.532824
0.588510 -0.344741 -0.731307
-0.200690 0.484508 -0.851455
0.383090 0.885534 -0.262816
-0.717284 0.297109 -0.630262
0.338690 -0.146520 -0.929420
-0.092098 -0.615547 0.782701
0.735811 -0.418619 -0.532297
-0.899406 -0.270213 0.343590
-0.660006 -0.464409 -0.590521
-0.205080 -0.496743 0.843320
0.655571 -0.588090 0.473685
0.289939 0.702473 0.649974
-0.795317 0.346937 -0.497097
-0.492526 0.214859 0.843359
0.063084 0.878478 0.473599
0.696553 -0.303941 0.649949
0.960561 -0.084469 -0.264929
-0.331099 -0.802004 -0.497155
0.234061 0.567101 -0.789691
-0.856862 0.049821 -0.513133
-0.753995 0.636195 0.163546
0.299889 0.655876 -0.692743
-0.351426 -0.799677 -0.486843
-0.733130 0.634007 -0.246081
0.248516 0.565489 -0.786424
-0.067421 -0.938381 -0.338961
-0.795261 0.347007 -0.497137
0.562341 -0.245300 -0.789684
-0.874434 0.061080 0.481285
0.302813 0.689071 0.658396
0.632311 0.727982 -0.265000
0.696611 -0.303884 0.649914
0.808330 -0.331204 -0.486731
0.086933 0.965285 -0.246309
0.586661 0.651265 0.481336
0.063223 0.878488 0.473563
-0.067564 -0.938379 -0.338939
-0.553843 -0.637620 0.535442
-0.492472 0.214901 0.843379
-0.553807 -0.637633 0.535464
0.562284 -0.245331 -0.789714
0.941601 -0.065765 -0.330247
-0.214162 -0.487230 0.846606
0.631735 -0.546333 0.549937
0.941567 -0.065704 -0.330355
-0.351413 -0.799681 -0.486846
0.248477 0.565498 -0.786429
-0.733091 0.634014 -0.246178
0.302805 0.689127 0.658342
-0.874440 0.061075 0.481273
-0.214109 -0.487254 0.846605
0.631749 -0.546350 0.549904
-0.700298 0.628225 -0.338992
-0.331013 -0.802017 -0.497191
-0.841374 0.073996 0.535364
-0.205011 -0.496731 0.843344
0.655674 -0.587997 0.473657
0.234121 0.567117 -0.789662
0.290018 0.702477 0.649935
0.960573 -0.084433 -0.264897
-0.841390 0.073957 0.535344
-0.700402 0.628126 -0.338961
-0.571522 0.234194 -0.786458
-0.696523 0.285383 0.658341
0.492477 -0.201811 0.846604
-0.631732 -0.701371 -0.330142
-0.074922 -0.831756 0.550062
0.086961 0.965295 -0.246259
0.808320 -0.331190 -0.486756
-0.571503 0.234138 -0.786488
0.586666 0.651305 0.481274
-0.696575 0.285377 0.658288
0.492536 -0.201787 0.846576
-0.634582 0.582460 -0.507982
0.188996 0.477623 -0.857996
-0.267288 -0.675451 -0.687258
-0.631678 -0.701386 -0.330213
-0.074925 -0.831807 0.549985
-0.373131 -0.816062 0.441379
0.954605 -0.055505 0.292659
0.263877 0.577064 0.772894
-0.212040 -0.463754 -0.860216
0.606058 -0.511354 -0.609270
0.796147 -0.079594 -0.599845
0.703039 -0.645234 0.299013
0.328801 0.830820 0.449030
-0.979278 0.097937 0.177264
-0.232487 -0.587484 0.775121
0.517370 0.610292 -0.599894
0.467716 -0.212259 -0.858014
-0.661525 0.300209 -0.687211
-0.575317 0.261081 0.775143
0.057477 0.952543 0.298929
0.813671 -0.369285 0.448964
-0.051893 -0.859795 -0.507995
0.632282 0.727997 -0.265026
-0.636413 -0.750660 0.177449
340
0 0 1 2 0 1 2 1
0 3 4 5 3 4 5 1
0 6 1 3 6 1 3 1
0 2 6 5 2 6 5 1
0 4 1 7 4 1 7 1
0 8 9 10 8 9 10 1
0 11 9 12 11 9 12 1
0 12 13 14 12 13 14 1
0 13 9 15 13 9 15 1
0 16 17 18 16 17 18 1
0 7 0 5 7 0 5 1
0 17 19 20 17 19 20 1
0 20 21 18 20 21 18 1
0 22 19 16 22 19 16 1
0 21 19 23 21 19 23 1
0 24 25 26 24 25 26 1
0 23 22 18 23 22 18 1
0 27 28 24 27 28 24 1
0 29 27 26 29 27 26 1
0 25 28 30 25 28 30 1
0 31 28 29 31 28 29 1
0 10 11 14 10 11 14 1
0 15 8 14 15 8 14 1
0 30 31 26 30 31 26 1
0 32 33 34 32 33 34 1
0 35 36 34 35 36 34 1
0 33 37 35 33 37 35 1
0 38 37 32 38 37 32 1
0 39 38 34 39 38 34 1
0 36 37 39 36 37 39 1
0 13 15 14 13 15 14 1
0 9 13 12 9 13 12 1
0 9 11 10 9 11 10 1
0 8 10 14 8 10 14 1
0 11 12 14 11 12 14 1
0 1 4 3 1 4 3 1
0 4 7 5 4 7 5 1
0 1 0 7 1 0 7 1
0 40 41 42 40 41 42 1
0 43 44 42 43 44 42 1
0 44 45 40 44 45 40 1
0 41 45 46 41 45 46 1
0 46 47 42 46 47 42 1
0 47 45 43 47 45 43 1
0 48 49 50 48 49 50 1
0 51 52 50 51 52 50 1
0 1 6 2 1 6 2 1
0 6 3 5 6 3 5 1
0 0 2 5 0 2 5 1
0 19 21 20 19 21 20 1
0 17 20 18 17 20 18 1
0 19 17 16 19 17 16 1
0 19 22 23 19 22 23 1
0 21 23 18 21 23 18 1
0 22 16 18 22 16 18 1
0 28 25 24 28 25 24 1
0 25 30 26 25 30 26 1
0 28 31 30 28 31 30 1
0 28 27 29 28 27 29 1
0 27 24 26 27 24 26 1
0 31 29 26 31 29 26 1
0 53 54 55 53 54 55 1
0 56 55 57 56 55 57 1
0 53 56 58 53 56 58 1
0 53 59 60 53 59 60 1
0 54 60 57 54 60 57 1
0 59 58 57 59 58 57 1
0 61 62 63 61 62 63 1
0 62 48 50 62 48 50 1
0 61 49 48 61 49 48 1
0 61 52 51 61 52 51 1
0 52 63 50 52 63 50 1
0 49 51 50 49 51 50 1
0 45 44 43 45 44 43 1
0 47 43 42 47 43 42 1
0 45 47 46 45 47 46 1
0 45 41 40 45 41 40 1
0 44 40 42 44 40 42 1
0 41 46 42 41 46 42 1
0 37 38 39 37 38 39 1
0 38 32 34 38 32 34 1
0 37 33 32 37 33 32 1
0 37 36 35 37 36 35 1
0 36 39 34 36 39 34 1
0 62 61 48 62 61 48 1
0 63 62 50 63 62 50 1
0 49 61 51 49 61 51 1
0 60 59 57 60 59 57 1
0 55 54 57 55 54 57 1
0 52 61 63 52 61 63 1
0 33 35 34 33 35 34 1
0 54 53 60 54 53 60 1
0 9 8 15 9 8 15 1
0 58 56 57 58 56 57 1
0 56 53 55 56 53 55 1
0 59 53 58 59 53 58 1
0 64 65 66 64 65 66 1
0 65 67 68 65 67 68 1
0 69 70 66 69 70 66 1
0 71 72 73 71 72 73 1
0 64 74 67 64 74 67 1
0 75 73 76 75 73 76 1
0 66 77 72 66 77 72 1
0 70 76 77 70 76 77 1
0 73 72 77 73 72 77 1
0 78 68 67 78 68 67 1
0 79 80 81 79 80 81 1
0 79 82 83 79 82 83 1
0 69 68 78 69 68 78 1
0 84 75 70 84 75 70 1
0 80 85 86 80 85 86 1
0 80 83 87 80 83 87 1
0 85 88 89 85 88 89 1
0 88 85 87 88 85 87 1
0 83 82 90 83 82 90 1
0 82 91 92 82 91 92 1
0 87 83 93 87 83 93 1
0 91 87 94 91 87 94 1
0 90 92 94 90 92 94 1
0 95 81 86 95 81 86 1
0 96 97 98 96 97 98 1
0 99 100 101 99 100 101 1
0 84 64 71 84 64 71 1
0 84 78 74 84 78 74 1
0 102 100 103 102 100 103 1
0 95 79 81 95 79 81 1
0 98 100 104 98 100 104 1
0 80 79 83 80 79 83 1
0 88 79 95 88 79 95 1
0 79 88 91 79 88 91 1
0 89 95 86 89 95 86 1
0 89 88 95 89 88 95 1
0 104 102 105 104 102 105 1
0 106 102 107 106 102 107 1
0 108 99 109 108 99 109 1
0 93 90 94 93 90 94 1
0 109 101 110 109 101 110 1
0 111 108 110 111 108 110 1
0 96 98 105 96 98 105 1
0 112 113 114 112 113 114 1
0 115 113 116 115 113 116 1
0 113 117 118 113 117 118 1
0 117 113 119 117 113 119 1
0 120 112 121 120 112 121 1
0 76 73 77 76 73 77 1
0 116 112 122 116 112 122 1
0 117 120 123 117 120 123 1
0 120 117 122 120 117 122 1
0 115 116 124 115 116 124 1
0 119 115 125 119 115 125 1
0 116 122 126 116 122 126 1
0 122 119 127 122 119 127 1
0 125 124 127 125 124 127 1
0 114 118 121 114 118 121 1
0 64 84 74 64 84 74 1
0 75 84 71 75 84 71 1
0 84 69 78 84 69 78 1
0 69 84 70 69 84 70 1
0 65 64 67 65 64 67 1
0 71 64 66 71 64 66 1
0 69 65 68 69 65 68 1
0 65 69 66 65 69 66 1
0 75 71 73 75 71 73 1
0 70 75 76 70 75 76 1
0 71 66 72 71 66 72 1
0 66 70 77 66 70 77 1
0 82 79 91 82 79 91 1
0 81 80 86 81 80 86 1
0 85 80 87 85 80 87 1
0 86 85 89 86 85 89 1
0 91 88 87 91 88 87 1
0 93 83 90 93 83 90 1
0 90 82 92 90 82 92 1
0 74 78 67 74 78 67 1
0 94 87 93 94 87 93 1
0 92 91 94 92 91 94 1
0 118 123 121 118 123 121 1
0 113 115 119 113 115 119 1
0 117 123 118 117 123 118 1
0 113 112 116 113 112 116 1
0 113 118 114 113 118 114 1
0 98 104 105 98 104 105 1
0 108 109 110 108 109 110 1
0 101 107 110 101 107 110 1
0 107 103 111 107 103 111 1
0 112 114 121 112 114 121 1
0 112 120 122 112 120 122 1
0 120 121 123 120 121 123 1
0 117 119 122 117 119 122 1
0 116 126 124 116 126 124 1
0 115 124 125 115 124 125 1
0 122 127 126 122 127 126 1
0 119 125 127 119 125 127 1
0 124 126 127 124 126 127 1
0 110 107 111 110 107 111 1
0 99 101 109 99 101 109 1
0 103 99 108 103 99 108 1
0 97 106 107 97 106 107 1
0 106 97 96 106 97 96 1
0 102 103 107 102 103 107 1
0 102 106 105 102 106 105 1
0 100 97 101 100 97 101 1
0 97 100 98 97 100 98 1
0 100 99 103 100 99 103 1
0 100 102 104 100 102 104 1
0 111 103 108 111 103 108 1
0 101 97 107 101 97 107 1
0 105 106 96 105 106 96 1
0 128 129 130 128 129 130 1
0 131 132 133 131 132 133 1
0 133 132 134 133 132 134 1
0 135 136 137 135 136 137 1
0 138 139 140 138 139 140 1
0 141 142 143 141 142 143 1
0 144 145 146 144 145 146 1
0 142 147 148 142 147 148 1
0 146 149 150 146 149 150 1
0 151 152 153 151 152 153 1
0 149 145 154 149 145 154 1
0 131 155 156 131 155 156 1
0 157 145 158 157 145 158 1
0 155 159 134 155 159 134 1
0 143 142 148 143 142 148 1
0 158 144 150 158 144 150 1
0 160 141 143 160 141 143 1
0 142 141 147 142 141 147 1
0 161 141 162 161 141 162 1
0 162 160 148 162 160 148 1
0 147 161 148 147 161 148 1
0 163 164 165 163 164 165 1
0 165 166 167 165 166 167 1
0 166 164 168 166 164 168 1
0 169 164 170 169 164 170 1
0 171 172 173 171 172 173 1
0 174 172 175 174 172 175 1
0 176 171 177 176 171 177 1
0 178 172 176 178 172 176 1
0 179 128 130 179 128 130 1
0 175 178 177 175 178 177 1
0 180 136 179 180 136 179 1
0 128 136 129 128 136 129 1
0 137 180 130 137 180 130 1
0 173 174 177 173 174 177 1
0 168 169 167 168 169 167 1
0 152 151 181 152 151 181 1
0 153 152 182 153 152 182 1
0 183 151 153 183 151 153 1
0 174 175 177 174 175 177 1
0 181 184 182 181 184 182 1
0 184 151 185 184 151 185 1
0 171 173 177 171 173 177 1
0 185 183 182 185 183 182 1
0 186 187 188 186 187 188 1
0 189 186 190 189 186 190 1
0 191 187 189 191 187 189 1
0 172 174 173 172 174 173 1
0 192 193 194 192 193 194 1
0 154 157 150 154 157 150 1
0 151 183 185 151 183 185 1
0 184 185 182 184 185 182 1
0 183 153 182 183 153 182 1
0 187 195 188 187 195 188 1
0 186 188 190 186 188 190 1
0 187 186 189 187 186 189 1
0 187 191 196 187 191 196 1
0 195 196 190 195 196 190 1
0 191 189 190 191 189 190 1
0 197 198 199 197 198 199 1
0 139 199 140 139 199 140 1
0 197 139 138 197 139 138 1
0 197 200 201 197 200 201 1
0 132 156 134 132 156 134 1
0 202 203 194 202 203 194 1
0 136 180 137 136 180 137 1
0 193 204 202 193 204 202 1
0 135 137 130 135 137 130 1
0 205 204 192 205 204 192 1
0 136 135 129 136 135 129 1
0 206 205 194 206 205 194 1
0 136 128 179 136 128 179 1
0 203 204 206 203 204 206 1
0 204 205 206 204 205 206 1
0 207 208 209 207 208 209 1
0 205 192 194 205 192 194 1
0 210 211 209 210 211 209 1
0 204 193 192 204 193 192 1
0 211 212 207 211 212 207 1
0 180 179 130 180 179 130 1
0 208 212 213 208 212 213 1
0 204 203 202 204 203 202 1
0 145 149 146 145 149 146 1
0 149 154 150 149 154 150 1
0 145 157 154 145 157 154 1
0 145 144 158 145 144 158 1
0 144 146 150 144 146 150 1
0 157 158 150 157 158 150 1
0 131 214 159 131 214 159 1
0 214 133 134 214 133 134 1
0 213 215 209 213 215 209 1
0 198 201 140 198 201 140 1
0 200 138 140 200 138 140 1
0 212 211 210 212 211 210 1
0 215 210 209 215 210 209 1
0 212 215 213 212 215 213 1
0 212 208 207 212 208 207 1
0 211 207 209 211 207 209 1
0 208 213 209 208 213 209 1
0 172 171 176 172 171 176 1
0 178 176 177 178 176 177 1
0 172 178 175 172 178 175 1
0 188 195 190 188 195 190 1
0 195 187 196 195 187 196 1
0 169 170 167 169 170 167 1
0 151 184 181 151 184 181 1
0 163 165 167 163 165 167 1
0 196 191 190 196 191 190 1
0 170 163 167 170 163 167 1
0 139 197 199 139 197 199 1
0 200 197 138 200 197 138 1
0 164 163 170 164 163 170 1
0 199 198 140 199 198 140 1
0 198 197 201 198 197 201 1
0 164 169 168 164 169 168 1
0 201 200 140 201 200 140 1
0 215 212 210 215 212 210 1
0 129 135 130 129 135 130 1
0 156 155 134 156 155 134 1
0 132 131 156 132 131 156 1
0 141 161 147 141 161 147 1
0 141 160 162 141 160 162 1
0 160 143 148 160 143 148 1
0 161 162 148 161 162 148 1
0 164 166 165 164 166 165 1
0 166 168 167 166 168 167 1
0 214 131 133 214 131 133 1
0 203 206 194 203 206 194 1
0 152 181 182 152 181 182 1
0 155 131 159 155 131 159 1
0 159 214 134 159 214 134 1
0 193 202 194 193 202 194 1
"Frame_SCE8" 0 7
720
0 -5.316200 9.350901 27.158825 0.446838 0.286776 -1
0 -5.187600 9.032499 27.158825 0.448124 0.286776 -1
0 -5.187600 9.032499 26.815424 0.448124 0.290210 -1
0 -61.671799 -13.788600 27.158825 -0.116718 0.286776 -1
0 -61.671799 -13.788600 26.815424 -0.116718 0.290210 -1
0 -5.316200 9.350901 26.815424 0.446838 0.290210 -1
0 -61.800404 -13.470200 26.815424 -0.118004 0.290210 -1
0 -61.800404 -13.470200 27.158825 -0.118004 0.286776 -1
0 -4.950600 8.446000 27.158825 0.450494 0.286776 -1
0 -61.434799 -14.375099 27.158825 -0.114348 0.286776 -1
0 -61.306202 -14.693501 27.158825 -0.113062 0.286776 -1
0 -4.950600 8.446000 26.815424 0.450494 0.290210 -1
0 -61.434799 -14.375099 26.815424 -0.114348 0.290210 -1
0 -4.822000 8.127600 27.158825 0.451780 0.286776 -1
0 -4.822000 8.127600 26.815424 0.451780 0.290210 -1
0 -61.306202 -14.693501 26.815424 -0.113062 0.290210 -1
0 -5.681800 10.255800 26.815424 0.443182 0.290210 -1
0 -5.553200 9.937401 26.815424 0.444468 0.290210 -1
0 -62.037403 -12.883700 26.815424 -0.120374 0.290210 -1
0 -4.585000 7.541100 27.158825 0.454150 0.286776 -1
0 -4.456300 7.222700 27.158825 0.455437 0.286776 -1
0 -4.456300 7.222700 26.815424 0.455437 0.290210 -1
0 -60.940598 -15.598400 27.158825 -0.109406 0.286776 -1
0 -60.940598 -15.598400 26.815424 -0.109406 0.290210 -1
0 -4.585000 7.541100 26.815424 0.454150 0.290210 -1
0 56.532001 -1.519100 24.101124 1.065320 0.317353 -1
0 42.444500 -33.014400 24.101124 0.924445 0.317353 -1
0 41.921600 -32.912701 25.023724 0.919216 0.308127 -1
0 56.009800 -1.414600 25.023724 1.060098 0.308127 -1
0 56.054298 -0.817000 25.023724 1.060543 0.308127 -1
0 56.583298 -0.755000 24.101124 1.065833 0.317353 -1
0 57.576603 -1.728000 24.101124 1.075766 0.317353 -1
0 43.490402 -33.217701 24.101124 0.934904 0.317353 -1
0 58.098900 -1.832500 25.023724 1.080989 0.308127 -1
0 44.013302 -33.319302 25.023724 0.940133 0.308127 -1
0 57.641296 -0.630900 24.101124 1.076413 0.317353 -1
0 58.170300 -0.568900 25.023724 1.081703 0.308127 -1
0 57.641296 -0.630900 25.946424 1.076413 0.298900 -1
0 -61.069202 -15.280000 27.158825 -0.110692 0.286776 -1
0 -61.069202 -15.280000 26.815424 -0.110692 0.290210 -1
0 56.532001 -1.519100 25.946424 1.065320 0.298900 -1
0 42.444500 -33.014400 25.946424 0.924445 0.298900 -1
0 57.576603 -1.728000 25.946424 1.075766 0.298900 -1
0 56.423401 -0.000900 24.101124 1.064234 0.317353 -1
0 57.901402 0.605600 25.023724 1.079014 0.308127 -1
0 57.408703 0.403400 25.946424 1.074087 0.298900 -1
0 56.423401 -0.000900 25.946424 1.064234 0.298900 -1
0 56.583298 -0.755000 25.946424 1.065833 0.298900 -1
0 55.930698 -0.203100 25.023724 1.059307 0.308127 -1
0 48.543400 17.994999 25.023724 0.985434 0.308127 -1
0 49.037300 18.194599 24.101124 0.990373 0.317353 -1
0 50.025200 18.593700 24.101124 1.000252 0.317353 -1
0 57.408703 0.403400 24.101124 1.074087 0.317353 -1
0 50.519104 18.793200 25.023724 1.005191 0.308127 -1
0 50.025200 18.593700 25.946424 1.000252 0.298900 -1
0 41.845200 -34.264500 24.101124 0.918452 0.317353 -1
0 40.779202 -35.161800 24.101124 0.907792 0.317353 -1
0 40.579700 -34.667797 25.023724 0.905797 0.308127 -1
0 41.419800 -33.943901 25.023724 0.914198 0.308127 -1
0 42.696102 -34.905701 24.101124 0.926961 0.317353 -1
0 41.178398 -36.149601 24.101124 0.911784 0.317353 -1
0 43.121498 -35.226299 25.023724 0.931216 0.308127 -1
0 41.377899 -36.643600 25.023724 0.913779 0.308127 -1
0 42.696102 -34.905701 25.946424 0.926961 0.298900 -1
0 41.178398 -36.149601 25.946424 0.911784 0.298900 -1
0 43.490402 -33.217701 25.946424 0.934904 0.298900 -1
0 41.845200 -34.264500 25.946424 0.918452 0.298900 -1
0 40.779202 -35.161800 25.946424 0.907792 0.298900 -1
0 28.068600 -41.446301 24.101124 0.780686 0.317353 -1
0 27.669502 -40.458500 24.101124 0.776695 0.317353 -1
0 28.268200 -41.940300 25.023724 0.782682 0.308127 -1
0 27.669502 -40.458500 25.946424 0.776695 0.298900 -1
0 27.469900 -39.964500 25.023724 0.774699 0.308127 -1
0 38.133499 -3.769100 25.023724 0.881335 0.308127 -1
0 37.639599 -3.968600 24.101124 0.876396 0.317353 -1
0 31.541100 11.125601 24.101124 0.815411 0.317353 -1
0 38.188099 -6.635300 25.023724 0.881881 0.308127 -1
0 36.651798 -4.367700 24.101124 0.866518 0.317353 -1
0 30.553299 10.726501 24.101124 0.805533 0.317353 -1
0 36.157799 -4.567300 25.023724 0.861578 0.308127 -1
0 30.059401 10.526999 25.023724 0.800594 0.308127 -1
0 36.624802 -6.302999 24.101124 0.866248 0.317353 -1
0 36.651798 -4.367700 25.946424 0.866518 0.298900 -1
0 30.553299 10.726501 25.946424 0.805533 0.298900 -1
0 36.103802 -6.192200 25.023724 0.861038 0.308127 -1
0 37.639599 -3.968600 25.946424 0.876396 0.298900 -1
0 31.541100 11.125601 25.946424 0.815411 0.298900 -1
0 36.624802 -6.302999 25.946424 0.866248 0.298900 -1
0 32.035099 11.325200 25.023724 0.820351 0.308127 -1
0 37.667000 -6.524500 25.946424 0.876670 0.298900 -1
0 37.667000 -6.524500 24.101124 0.876670 0.317353 -1
0 37.028999 -9.222301 25.023724 0.870290 0.308127 -1
0 36.672501 -8.826401 24.101124 0.866725 0.317353 -1
0 35.959602 -8.034700 24.101124 0.859596 0.317353 -1
0 35.603100 -7.638800 25.023724 0.856031 0.308127 -1
0 35.959602 -8.034700 25.946424 0.859596 0.298900 -1
0 36.672501 -8.826401 25.946424 0.866725 0.298900 -1
0 35.004799 -10.965400 25.023724 0.850048 0.308127 -1
0 34.805302 -10.471499 24.101124 0.848053 0.317353 -1
0 34.406200 -9.483700 24.101124 0.844062 0.317353 -1
0 34.206600 -8.989700 25.023724 0.842066 0.308127 -1
0 34.406200 -9.483700 25.946424 0.844062 0.298900 -1
0 34.805302 -10.471499 25.946424 0.848053 0.298900 -1
0 18.461500 -17.649401 25.023724 0.684615 0.308127 -1
0 18.262001 -17.155500 24.101124 0.682620 0.317353 -1
0 17.862801 -16.167601 24.101124 0.678628 0.317353 -1
0 17.663300 -15.673700 25.023724 0.676633 0.308127 -1
0 17.862801 -16.167601 25.946424 0.678628 0.298900 -1
0 18.262001 -17.155500 25.946424 0.682620 0.298900 -1
0 28.068600 -41.446301 25.946424 0.780686 0.298900 -1
0 31.825102 -54.528999 26.250225 0.818251 0.295862 -1
0 31.166500 -54.795097 25.020023 0.811665 0.308164 -1
0 33.800800 -53.730797 25.020023 0.838008 0.308164 -1
0 31.825102 -54.528999 23.789724 0.818251 0.320467 -1
0 33.142200 -53.996902 23.789724 0.831422 0.320467 -1
0 10.957200 2.809200 25.020023 0.609572 0.308164 -1
0 10.298600 2.543100 23.789724 0.602986 0.320467 -1
0 8.322900 1.744900 25.020023 0.583229 0.308164 -1
0 8.981500 2.010900 23.789724 0.589815 0.320467 -1
0 8.981500 2.010900 26.250225 0.589815 0.295862 -1
0 10.298600 2.543100 26.250225 0.602986 0.295862 -1
0 33.142200 -53.996902 26.250225 0.831422 0.295862 -1
0 -5.681800 10.255800 27.158825 0.443182 0.286776 -1
0 -5.553200 9.937401 27.158825 0.444468 0.286776 -1
0 -62.037403 -12.883700 27.158825 -0.120374 0.286776 -1
0 -39.610500 -40.363197 24.101124 0.103895 0.317353 -1
0 -39.307400 -39.925201 25.023724 0.106926 0.308127 -1
0 -7.292799 -52.796600 25.023724 0.427072 0.308127 -1
0 -40.178200 -39.849201 24.101124 0.098218 0.317353 -1
0 -18.262001 17.155500 25.946424 0.317380 0.298900 -1
0 -17.862801 16.167601 25.946424 0.321372 0.298900 -1
0 -18.461500 17.649401 25.023724 0.315385 0.308127 -1
0 -10.298600 -2.543100 23.789724 0.397014 0.320467 -1
0 -8.981500 -2.010900 23.789724 0.410185 0.320467 -1
0 -10.957200 -2.809200 25.020023 0.390428 0.308164 -1
0 -10.298600 -2.543100 26.250225 0.397014 0.295862 -1
0 -33.800800 53.730797 25.020023 0.161992 0.308164 -1
0 -33.142200 53.996902 26.250225 0.168578 0.295862 -1
0 -31.825102 54.528999 26.250225 0.181749 0.295862 -1
0 -8.981500 -2.010900 26.250225 0.410185 0.295862 -1
0 -31.166500 54.795097 25.020023 0.188335 0.308164 -1
0 -8.322900 -1.744900 25.020023 0.416771 0.308164 -1
0 -31.825102 54.528999 23.789724 0.181749 0.320467 -1
0 -33.142200 53.996902 23.789724 0.168578 0.320467 -1
0 -27.669502 40.458500 24.101124 0.223305 0.317353 -1
0 -28.068600 41.446301 24.101124 0.219314 0.317353 -1
0 -27.469900 39.964500 25.023724 0.225301 0.308127 -1
0 -49.037300 -18.194599 25.946424 0.009627 0.298900 -1
0 -50.025200 -18.593700 25.946424 -0.000252 0.298900 -1
0 -48.543400 -17.994999 25.023724 0.014566 0.308127 -1
0 -35.004799 10.965400 25.023724 0.149952 0.308127 -1
0 -34.406200 9.483700 25.946424 0.155938 0.298900 -1
0 -17.663300 15.673700 25.023724 0.323367 0.308127 -1
0 -34.206600 8.989700 25.023724 0.157934 0.308127 -1
0 -17.862801 16.167601 24.101124 0.321372 0.317353 -1
0 -34.406200 9.483700 24.101124 0.155938 0.317353 -1
0 -18.262001 17.155500 24.101124 0.317380 0.317353 -1
0 -34.805302 10.471499 24.101124 0.151947 0.317353 -1
0 -37.028999 9.222301 25.023724 0.129710 0.308127 -1
0 -36.672501 8.826401 25.946424 0.133275 0.298900 -1
0 -34.805302 10.471499 25.946424 0.151947 0.298900 -1
0 -35.959602 8.034700 25.946424 0.140404 0.298900 -1
0 -35.603100 7.638800 25.023724 0.143969 0.308127 -1
0 -35.959602 8.034700 24.101124 0.140404 0.317353 -1
0 -36.672501 8.826401 24.101124 0.133275 0.317353 -1
0 -38.188099 6.635300 25.023724 0.118119 0.308127 -1
0 -37.667000 6.524500 25.946424 0.123330 0.298900 -1
0 -36.624802 6.302999 25.946424 0.133752 0.298900 -1
0 -36.103802 6.192200 25.023724 0.138962 0.308127 -1
0 -36.624802 6.302999 24.101124 0.133752 0.317353 -1
0 -37.667000 6.524500 24.101124 0.123330 0.317353 -1
0 -38.133499 3.769100 25.023724 0.118665 0.308127 -1
0 -31.541100 -11.125601 25.946424 0.184589 0.298900 -1
0 -37.639599 3.968600 25.946424 0.123604 0.298900 -1
0 -32.035099 -11.325200 25.023724 0.179649 0.308127 -1
0 -30.553299 -10.726501 25.946424 0.194467 0.298900 -1
0 -36.651798 4.367700 25.946424 0.133482 0.298900 -1
0 -30.059401 -10.526999 25.023724 0.199406 0.308127 -1
0 -36.157799 4.567300 25.023724 0.138422 0.308127 -1
0 -30.553299 -10.726501 24.101124 0.194467 0.317353 -1
0 -36.651798 4.367700 24.101124 0.133482 0.317353 -1
0 -31.541100 -11.125601 24.101124 0.184589 0.317353 -1
0 -37.639599 3.968600 24.101124 0.123604 0.317353 -1
0 -65.564499 -4.153800 26.815424 -0.155645 0.290210 -1
0 -9.080299 18.667299 26.815424 0.409197 0.290210 -1
0 -65.435898 -4.472200 26.815424 -0.154359 0.290210 -1
0 -8.951600 18.348900 26.815424 0.410484 0.290210 -1
0 -8.951600 18.348900 27.158825 0.410484 0.286776 -1
0 -9.080299 18.667299 27.158825 0.409197 0.286776 -1
0 -65.564499 -4.153800 27.158825 -0.155645 0.286776 -1
0 -65.435898 -4.472200 27.158825 -0.154359 0.286776 -1
0 -65.930099 -3.248900 26.815424 -0.159301 0.290210 -1
0 -9.445900 19.572300 26.815424 0.405541 0.290210 -1
0 -65.801498 -3.567300 26.815424 -0.158015 0.290210 -1
0 -9.317200 19.253799 26.815424 0.406828 0.290210 -1
0 -9.317200 19.253799 27.158825 0.406828 0.286776 -1
0 -9.445900 19.572300 27.158825 0.405541 0.286776 -1
0 -65.930099 -3.248900 27.158825 -0.159301 0.286776 -1
0 -65.801498 -3.567300 27.158825 -0.158015 0.286776 -1
0 -66.295700 -2.344000 26.815424 -0.162957 0.290210 -1
0 -9.811500 20.477100 26.815424 0.401885 0.290210 -1
0 -66.167099 -2.662400 26.815424 -0.161671 0.290210 -1
0 -9.682800 20.158701 26.815424 0.403172 0.290210 -1
0 -9.682800 20.158701 27.158825 0.403172 0.286776 -1
0 -9.811500 20.477100 27.158825 0.401885 0.286776 -1
0 -66.295700 -2.344000 27.158825 -0.162957 0.286776 -1
0 -66.167099 -2.662400 27.158825 -0.161671 0.286776 -1
0 -66.661301 -1.439100 26.815424 -0.166613 0.290210 -1
0 -10.177099 21.382000 26.815424 0.398229 0.290210 -1
0 -66.532700 -1.757500 26.815424 -0.165327 0.290210 -1
0 -10.048400 21.063601 26.815424 0.399516 0.290210 -1
0 -10.048400 21.063601 27.158825 0.399516 0.286776 -1
0 -10.177099 21.382000 27.158825 0.398229 0.286776 -1
0 -66.661301 -1.439100 27.158825 -0.166613 0.286776 -1
0 -66.532700 -1.757500 27.158825 -0.165327 0.286776 -1
0 -40.779202 35.161800 25.946424 0.092208 0.298900 -1
0 -40.579700 34.667797 25.023724 0.094203 0.308127 -1
0 -27.669502 40.458500 25.946424 0.223305 0.298900 -1
0 -28.068600 41.446301 25.946424 0.219314 0.298900 -1
0 -41.178398 36.149601 25.946424 0.088216 0.298900 -1
0 -28.268200 41.940300 25.023724 0.217318 0.308127 -1
0 -41.377899 36.643600 25.023724 0.086221 0.308127 -1
0 -41.178398 36.149601 24.101124 0.088216 0.317353 -1
0 -40.779202 35.161800 24.101124 0.092208 0.317353 -1
0 -41.419800 33.943901 25.023724 0.085802 0.308127 -1
0 -41.845200 34.264500 25.946424 0.081548 0.298900 -1
0 -41.921600 32.912701 25.023724 0.080784 0.308127 -1
0 -42.696102 34.905701 25.946424 0.073039 0.298900 -1
0 -42.444500 33.014400 25.946424 0.075555 0.298900 -1
0 -43.121498 35.226299 25.023724 0.068785 0.308127 -1
0 -43.490402 33.217701 25.946424 0.065096 0.298900 -1
0 -42.696102 34.905701 24.101124 0.073039 0.317353 -1
0 -44.013302 33.319302 25.023724 0.059867 0.308127 -1
0 -41.845200 34.264500 24.101124 0.081548 0.317353 -1
0 -43.490402 33.217701 24.101124 0.065096 0.317353 -1
0 -42.444500 33.014400 24.101124 0.075555 0.317353 -1
0 -56.423401 0.000900 25.946424 -0.064234 0.298900 -1
0 -50.519104 -18.793200 25.023724 -0.005191 0.308127 -1
0 -57.901402 -0.605600 25.023724 -0.079014 0.308127 -1
0 -57.408703 -0.403400 24.101124 -0.074087 0.317353 -1
0 -56.423401 0.000900 24.101124 -0.064234 0.317353 -1
0 -50.025200 -18.593700 24.101124 -0.000252 0.317353 -1
0 -55.930698 0.203100 25.023724 -0.059307 0.308127 -1
0 -49.037300 -18.194599 24.101124 0.009627 0.317353 -1
0 -56.054298 0.817000 25.023724 -0.060543 0.308127 -1
0 -56.583298 0.755000 25.946424 -0.065833 0.298900 -1
0 -57.641296 0.630900 25.946424 -0.076413 0.298900 -1
0 -58.170300 0.568900 25.023724 -0.081703 0.308127 -1
0 -57.408703 -0.403400 25.946424 -0.074087 0.298900 -1
0 -57.641296 0.630900 24.101124 -0.076413 0.317353 -1
0 -56.009800 1.414600 25.023724 -0.060098 0.308127 -1
0 -56.532001 1.519100 25.946424 -0.065320 0.298900 -1
0 -57.576603 1.728000 25.946424 -0.075766 0.298900 -1
0 -58.098900 1.832500 25.023724 -0.080989 0.308127 -1
0 -57.576603 1.728000 24.101124 -0.075766 0.317353 -1
0 -56.583298 0.755000 24.101124 -0.065833 0.317353 -1
0 -56.532001 1.519100 24.101124 -0.065320 0.317353 -1
0 30.417299 13.907200 25.946424 0.804173 0.298900 -1
0 29.429501 13.508100 25.946424 0.794295 0.298900 -1
0 30.911201 14.106800 25.023724 0.809112 0.308127 -1
0 1.219400 25.026400 24.101124 0.512194 0.317353 -1
0 1.618500 24.038599 24.101124 0.516185 0.317353 -1
0 1.019800 25.520302 25.023724 0.510198 0.308127 -1
0 7.857700 4.792500 26.250225 0.578577 0.295862 -1
0 9.174800 5.324700 26.250225 0.591748 0.295862 -1
0 -14.985999 61.332500 26.250225 0.350140 0.295862 -1
0 7.199100 4.526400 25.020023 0.571991 0.308164 -1
0 -15.644500 61.066402 25.020023 0.343555 0.308164 -1
0 7.857700 4.792500 23.789724 0.578577 0.320467 -1
0 -14.985999 61.332500 23.789724 0.350140 0.320467 -1
0 -13.668799 61.864601 23.789724 0.363312 0.320467 -1
0 9.174800 5.324700 23.789724 0.591748 0.320467 -1
0 -13.010301 62.130703 25.020023 0.369897 0.308164 -1
0 9.833400 5.590700 25.020023 0.598333 0.308164 -1
0 -8.201100 48.324200 25.946424 0.417989 0.298900 -1
0 -8.600200 49.312099 25.946424 0.413998 0.298900 -1
0 -8.001500 47.830299 25.023724 0.419985 0.308127 -1
0 47.913502 20.976099 24.101124 0.979135 0.317353 -1
0 48.901299 21.375200 24.101124 0.989013 0.317353 -1
0 47.419502 20.776501 25.023724 0.974195 0.308127 -1
0 18.161800 30.722500 25.946424 0.681618 0.298900 -1
0 17.762699 31.710402 25.946424 0.677627 0.298900 -1
0 1.618500 24.038599 25.946424 0.516185 0.298900 -1
0 18.361401 30.228600 25.023724 0.683614 0.308127 -1
0 1.818000 23.544601 25.023724 0.518180 0.308127 -1
0 18.161800 30.722500 24.101124 0.681618 0.317353 -1
0 17.762699 31.710402 24.101124 0.677627 0.317353 -1
0 17.563101 32.204300 25.023724 0.675631 0.308127 -1
0 20.248701 31.824100 25.946424 0.702487 0.298900 -1
0 20.285801 30.759298 25.946424 0.702858 0.298900 -1
0 20.304399 30.226902 25.023724 0.703044 0.308127 -1
0 20.285801 30.759298 24.101124 0.702858 0.317353 -1
0 20.248701 31.824100 24.101124 0.702487 0.317353 -1
0 20.230099 32.356499 25.023724 0.702301 0.308127 -1
0 22.563000 30.858999 25.946424 0.725630 0.298900 -1
0 22.861000 31.300699 25.023724 0.728610 0.308127 -1
0 21.967299 29.975700 25.946424 0.719673 0.298900 -1
0 21.669399 29.534101 25.023724 0.716694 0.308127 -1
0 21.967299 29.975700 24.101124 0.719673 0.317353 -1
0 22.563000 30.858999 24.101124 0.725630 0.317353 -1
0 24.318800 29.001501 25.946424 0.743188 0.298900 -1
0 24.812799 29.201000 25.023724 0.748128 0.308127 -1
0 23.330999 28.602400 25.946424 0.733310 0.298900 -1
0 22.837099 28.402800 25.023724 0.728371 0.308127 -1
0 23.330999 28.602400 24.101124 0.733310 0.317353 -1
0 28.935600 13.308499 25.023724 0.789356 0.308127 -1
0 24.318800 29.001501 24.101124 0.743188 0.317353 -1
0 30.417299 13.907200 24.101124 0.804173 0.317353 -1
0 -6.307000 19.417400 26.815424 0.436930 0.290210 -1
0 -6.435600 19.735800 26.815424 0.435644 0.290210 -1
0 50.177299 42.238503 26.815424 1.001773 0.290210 -1
0 50.177299 42.238503 27.158825 1.001773 0.286776 -1
0 -6.307000 19.417400 27.158825 0.436930 0.286776 -1
0 -6.435600 19.735800 27.158825 0.435644 0.286776 -1
0 50.048603 42.556900 26.815424 1.000486 0.290210 -1
0 50.048603 42.556900 27.158825 1.000486 0.286776 -1
0 -6.672600 20.322401 26.815424 0.433274 0.290210 -1
0 -6.801200 20.640799 26.815424 0.431988 0.290210 -1
0 49.811600 43.143497 26.815424 0.998116 0.290210 -1
0 49.811600 43.143497 27.158825 0.998116 0.286776 -1
0 -6.672600 20.322401 27.158825 0.433274 0.286776 -1
0 -6.801200 20.640799 27.158825 0.431988 0.286776 -1
0 49.682999 43.461903 26.815424 0.996830 0.290210 -1
0 49.682999 43.461903 27.158825 0.996830 0.286776 -1
0 -7.038200 21.227200 26.815424 0.429618 0.290210 -1
0 -7.166800 21.545700 26.815424 0.428332 0.290210 -1
0 49.445999 44.048397 26.815424 0.994460 0.290210 -1
0 49.445999 44.048397 27.158825 0.994460 0.286776 -1
0 -7.038200 21.227200 27.158825 0.429618 0.286776 -1
0 -7.166800 21.545700 27.158825 0.428332 0.286776 -1
0 49.317398 44.366802 26.815424 0.993174 0.290210 -1
0 49.317398 44.366802 27.158825 0.993174 0.286776 -1
0 -7.403800 22.132101 26.815424 0.425962 0.290210 -1
0 -7.532400 22.450500 26.815424 0.424676 0.290210 -1
0 49.080399 44.953201 26.815424 0.990804 0.290210 -1
0 49.080399 44.953201 27.158825 0.990804 0.286776 -1
0 -7.403800 22.132101 27.158825 0.425962 0.286776 -1
0 -7.532400 22.450500 27.158825 0.424676 0.286776 -1
0 48.951797 45.271599 26.815424 0.989518 0.290210 -1
0 48.951797 45.271599 27.158825 0.989518 0.286776 -1
0 5.108300 53.127003 25.023724 0.551083 0.308127 -1
0 4.908700 53.620899 25.946424 0.549087 0.298900 -1
0 4.509600 54.608799 25.946424 0.545096 0.298900 -1
0 4.310000 55.102699 25.023724 0.543100 0.308127 -1
0 4.509600 54.608799 24.101124 0.545096 0.317353 -1
0 -8.799700 49.806000 25.023724 0.412003 0.308127 -1
0 -8.600200 49.312099 24.101124 0.413998 0.317353 -1
0 -8.201100 48.324200 24.101124 0.417989 0.317353 -1
0 4.908700 53.620899 24.101124 0.549087 0.317353 -1
0 7.598300 53.232998 25.946424 0.575983 0.298900 -1
0 6.298800 53.716000 25.946424 0.562988 0.298900 -1
0 7.292799 52.796600 25.023724 0.572928 0.308127 -1
0 6.215400 53.189804 25.023724 0.562154 0.308127 -1
0 8.209400 54.105698 25.946424 0.582094 0.298900 -1
0 6.465400 54.768299 25.946424 0.564654 0.298900 -1
0 8.515000 54.542099 25.023724 0.585150 0.308127 -1
0 6.548800 55.294399 25.023724 0.565488 0.308127 -1
0 8.209400 54.105698 24.101124 0.582094 0.317353 -1
0 6.465400 54.768299 24.101124 0.564654 0.317353 -1
0 7.598300 53.232998 24.101124 0.575983 0.317353 -1
0 6.298800 53.716000 24.101124 0.562988 0.317353 -1
0 40.092098 38.998802 25.023724 0.900921 0.308127 -1
0 40.586998 39.195599 25.946424 0.905870 0.298900 -1
0 41.576599 39.589302 25.946424 0.915766 0.298900 -1
0 48.901299 21.375200 25.946424 0.989013 0.298900 -1
0 42.071400 39.786102 25.023724 0.920714 0.308127 -1
0 41.576599 39.589302 24.101124 0.915766 0.317353 -1
0 49.395298 21.574800 25.023724 0.993953 0.308127 -1
0 40.586998 39.195599 24.101124 0.905870 0.317353 -1
0 40.178200 39.849201 25.946424 0.901782 0.298900 -1
0 41.025398 40.494801 25.946424 0.910254 0.298900 -1
0 41.449100 40.817699 25.023724 0.914491 0.308127 -1
0 41.025398 40.494801 24.101124 0.910254 0.317353 -1
0 40.178200 39.849201 24.101124 0.901782 0.317353 -1
0 39.754501 39.526299 25.023724 0.897545 0.308127 -1
0 39.610500 40.363197 25.946424 0.896105 0.298900 -1
0 39.307400 39.925201 25.023724 0.893074 0.308127 -1
0 40.216698 41.239101 25.946424 0.902167 0.298900 -1
0 40.519897 41.677002 25.023724 0.905199 0.308127 -1
0 40.216698 41.239101 24.101124 0.902167 0.317353 -1
0 39.610500 40.363197 24.101124 0.896105 0.317353 -1
0 -30.417299 -13.907200 25.946424 0.195827 0.298900 -1
0 -29.429501 -13.508100 25.946424 0.205705 0.298900 -1
0 -30.911201 -14.106800 25.023724 0.190888 0.308127 -1
0 -1.219400 -25.026400 24.101124 0.487806 0.317353 -1
0 -1.618500 -24.038599 24.101124 0.483815 0.317353 -1
0 -1.019800 -25.520302 25.023724 0.489802 0.308127 -1
0 -9.174800 -5.324700 26.250225 0.408252 0.295862 -1
0 -7.857700 -4.792500 26.250225 0.421423 0.295862 -1
0 -9.833400 -5.590700 25.020023 0.401666 0.308164 -1
0 13.668799 -61.864601 26.250225 0.636688 0.295862 -1
0 13.010301 -62.130703 25.020023 0.630103 0.308164 -1
0 14.985999 -61.332500 26.250225 0.649860 0.295862 -1
0 -7.199100 -4.526400 25.020023 0.428009 0.308164 -1
0 15.644500 -61.066402 25.020023 0.656445 0.308164 -1
0 -7.857700 -4.792500 23.789724 0.421423 0.320467 -1
0 14.985999 -61.332500 23.789724 0.649860 0.320467 -1
0 13.668799 -61.864601 23.789724 0.636688 0.320467 -1
0 -9.174800 -5.324700 23.789724 0.408252 0.320467 -1
0 8.201100 -48.324200 25.946424 0.582011 0.298900 -1
0 8.600200 -49.312099 25.946424 0.586002 0.298900 -1
0 8.001500 -47.830299 25.023724 0.580015 0.308127 -1
0 -47.913502 -20.976099 24.101124 0.020865 0.317353 -1
0 -48.901299 -21.375200 24.101124 0.010987 0.317353 -1
0 -47.419502 -20.776501 25.023724 0.025805 0.308127 -1
0 -17.762699 -31.710402 25.946424 0.322373 0.298900 -1
0 -17.563101 -32.204300 25.023724 0.324369 0.308127 -1
0 -1.219400 -25.026400 25.946424 0.487806 0.298900 -1
0 -18.161800 -30.722500 25.946424 0.318382 0.298900 -1
0 -1.618500 -24.038599 25.946424 0.483815 0.298900 -1
0 -18.361401 -30.228600 25.023724 0.316386 0.308127 -1
0 -1.818000 -23.544601 25.023724 0.481820 0.308127 -1
0 -18.161800 -30.722500 24.101124 0.318382 0.317353 -1
0 -17.762699 -31.710402 24.101124 0.322373 0.317353 -1
0 -20.248701 -31.824100 25.946424 0.297513 0.298900 -1
0 -20.285801 -30.759298 25.946424 0.297142 0.298900 -1
0 -20.304399 -30.226902 25.023724 0.296956 0.308127 -1
0 -20.285801 -30.759298 24.101124 0.297142 0.317353 -1
0 -20.248701 -31.824100 24.101124 0.297513 0.317353 -1
0 -20.230099 -32.356499 25.023724 0.297699 0.308127 -1
0 -22.563000 -30.858999 25.946424 0.274370 0.298900 -1
0 -22.861000 -31.300699 25.023724 0.271390 0.308127 -1
0 -21.967299 -29.975700 25.946424 0.280327 0.298900 -1
0 -21.669399 -29.534101 25.023724 0.283306 0.308127 -1
0 -21.967299 -29.975700 24.101124 0.280327 0.317353 -1
0 -22.563000 -30.858999 24.101124 0.274370 0.317353 -1
0 -24.318800 -29.001501 25.946424 0.256812 0.298900 -1
0 -24.812799 -29.201000 25.023724 0.251872 0.308127 -1
0 -23.330999 -28.602400 25.946424 0.266690 0.298900 -1
0 -22.837099 -28.402800 25.023724 0.271629 0.308127 -1
0 -23.330999 -28.602400 24.101124 0.266690 0.317353 -1
0 -28.935600 -13.308499 25.023724 0.210644 0.308127 -1
0 -24.318800 -29.001501 24.101124 0.256812 0.317353 -1
0 -29.429501 -13.508100 24.101124 0.205705 0.317353 -1
0 -30.417299 -13.907200 24.101124 0.195827 0.317353 -1
0 -5.108300 -53.127003 25.023724 0.448917 0.308127 -1
0 -4.908700 -53.620899 25.946424 0.450913 0.298900 -1
0 -4.509600 -54.608799 25.946424 0.454904 0.298900 -1
0 -4.310000 -55.102699 25.023724 0.456900 0.308127 -1
0 -4.509600 -54.608799 24.101124 0.454904 0.317353 -1
0 8.799700 -49.806000 25.023724 0.587997 0.308127 -1
0 8.600200 -49.312099 24.101124 0.586002 0.317353 -1
0 8.201100 -48.324200 24.101124 0.582011 0.317353 -1
0 -4.908700 -53.620899 24.101124 0.450913 0.317353 -1
0 -7.598300 -53.232998 25.946424 0.424017 0.298900 -1
0 -6.298800 -53.716000 25.946424 0.437012 0.298900 -1
0 -6.215400 -53.189804 25.023724 0.437846 0.308127 -1
0 -8.209400 -54.105698 25.946424 0.417906 0.298900 -1
0 -6.465400 -54.768299 25.946424 0.435346 0.298900 -1
0 -8.515000 -54.542099 25.023724 0.414850 0.308127 -1
0 -6.548800 -55.294399 25.023724 0.434512 0.308127 -1
0 -8.209400 -54.105698 24.101124 0.417906 0.317353 -1
0 -6.465400 -54.768299 24.101124 0.435346 0.317353 -1
0 -7.598300 -53.232998 24.101124 0.424017 0.317353 -1
0 -6.298800 -53.716000 24.101124 0.437012 0.317353 -1
0 -40.092098 -38.998802 25.023724 0.099079 0.308127 -1
0 -40.586998 -39.195599 25.946424 0.094130 0.298900 -1
0 -41.576599 -39.589302 25.946424 0.084234 0.298900 -1
0 -48.901299 -21.375200 25.946424 0.010987 0.298900 -1
0 -42.071400 -39.786102 25.023724 0.079286 0.308127 -1
0 -41.576599 -39.589302 24.101124 0.084234 0.317353 -1
0 -49.395298 -21.574800 25.023724 0.006047 0.308127 -1
0 -40.586998 -39.195599 24.101124 0.094130 0.317353 -1
0 -40.178200 -39.849201 25.946424 0.098218 0.298900 -1
0 -41.025398 -40.494801 25.946424 0.089746 0.298900 -1
0 -41.449100 -40.817699 25.023724 0.085509 0.308127 -1
0 -41.025398 -40.494801 24.101124 0.089746 0.317353 -1
0 -39.754501 -39.526299 25.023724 0.102455 0.308127 -1
0 -39.610500 -40.363197 25.946424 0.103895 0.298900 -1
0 -40.216698 -41.239101 25.946424 0.097833 0.298900 -1
0 -40.519897 -41.677002 25.023724 0.094801 0.308127 -1
0 -40.216698 -41.239101 24.101124 0.097833 0.317353 -1
0 49.037300 18.194599 25.946424 0.990373 0.298900 -1
0 66.295700 2.344000 27.158825 1.162957 0.286776 -1
0 66.295700 2.344000 26.815424 1.162957 0.290210 -1
0 66.167099 2.662400 26.815424 1.161671 0.290210 -1
0 9.811500 -20.477100 27.158825 0.598115 0.286776 -1
0 66.167099 2.662400 27.158825 1.161671 0.286776 -1
0 2.671500 -10.419400 26.815424 0.526715 0.290210 -1
0 -53.812702 -33.240601 26.815424 -0.038127 0.290210 -1
0 -53.941299 -32.922100 26.815424 -0.039413 0.290210 -1
0 -62.166000 -12.565300 27.158825 -0.121660 0.286776 -1
0 -13.668799 61.864601 26.250225 0.363312 0.295862 -1
0 1.219400 25.026400 25.946424 0.512194 0.298900 -1
0 -1.940300 8.609600 27.158825 0.480597 0.286776 -1
0 54.543900 31.430700 27.158825 1.045439 0.286776 -1
0 54.543900 31.430700 26.815424 1.045439 0.290210 -1
0 7.166800 -21.545700 26.815424 0.571668 0.290210 -1
0 -49.317398 -44.366802 26.815424 0.006826 0.290210 -1
0 -49.445999 -44.048302 26.815424 0.005540 0.290210 -1
0 6.801200 -20.640799 27.158825 0.568012 0.286776 -1
0 6.672600 -20.322401 27.158825 0.566726 0.286776 -1
0 -49.811600 -43.143497 27.158825 0.001884 0.286776 -1
0 7.532400 -22.450500 26.815424 0.575324 0.290210 -1
0 -48.951797 -45.271599 26.815424 0.010482 0.290210 -1
0 -49.080399 -44.953201 26.815424 0.009196 0.290210 -1
0 7.166800 -21.545700 27.158825 0.571668 0.286776 -1
0 7.038200 -21.227200 27.158825 0.570382 0.286776 -1
0 -49.445999 -44.048302 27.158825 0.005540 0.286776 -1
0 29.429501 13.508100 24.101124 0.794295 0.317353 -1
0 -62.166000 -12.565300 26.815424 -0.121660 0.290210 -1
0 -1.811700 8.291200 26.815424 0.481883 0.290210 -1
0 -1.940300 8.609600 26.815424 0.480597 0.290210 -1
0 54.672497 31.112301 26.815424 1.046725 0.290210 -1
0 54.672497 31.112301 27.158825 1.046725 0.286776 -1
0 -1.811700 8.291200 27.158825 0.481883 0.286776 -1
0 -2.177300 9.196099 26.815424 0.478227 0.290210 -1
0 -2.305900 9.514600 26.815424 0.476941 0.290210 -1
0 54.306900 32.017300 26.815424 1.043069 0.290210 -1
0 -2.177300 9.196099 27.158825 0.478227 0.286776 -1
0 -2.305900 9.514600 27.158825 0.476941 0.286776 -1
0 54.178299 32.335697 26.815424 1.041783 0.290210 -1
0 54.178299 32.335697 27.158825 1.041783 0.286776 -1
0 54.306900 32.017300 27.158825 1.043069 0.286776 -1
0 -2.542900 10.101000 26.815424 0.474571 0.290210 -1
0 -2.671500 10.419400 26.815424 0.473285 0.290210 -1
0 53.941299 32.922100 26.815424 1.039413 0.290210 -1
0 53.941299 32.922100 27.158825 1.039413 0.286776 -1
0 -2.542900 10.101000 27.158825 0.474571 0.286776 -1
0 -2.671500 10.419400 27.158825 0.473285 0.286776 -1
0 53.812702 33.240601 26.815424 1.038127 0.290210 -1
0 53.812702 33.240601 27.158825 1.038127 0.286776 -1
0 -2.908500 11.005900 26.815424 0.470915 0.290210 -1
0 -3.037100 11.324300 26.815424 0.469629 0.290210 -1
0 53.575699 33.827000 26.815424 1.035757 0.290210 -1
0 53.575699 33.827000 27.158825 1.035757 0.286776 -1
0 -2.908500 11.005900 27.158825 0.470915 0.286776 -1
0 -3.037100 11.324300 27.158825 0.469629 0.286776 -1
0 53.447098 34.145401 26.815424 1.034471 0.290210 -1
0 53.447098 34.145401 27.158825 1.034471 0.286776 -1
0 6.307000 -19.417400 26.815424 0.563070 0.290210 -1
0 6.435600 -19.735800 26.815424 0.564356 0.290210 -1
0 -50.177299 -42.238503 26.815424 -0.001773 0.290210 -1
0 -50.177299 -42.238503 27.158825 -0.001773 0.286776 -1
0 6.307000 -19.417400 27.158825 0.563070 0.286776 -1
0 6.435600 -19.735800 27.158825 0.564356 0.286776 -1
0 -50.048603 -42.556900 26.815424 -0.000486 0.290210 -1
0 -50.048603 -42.556900 27.158825 -0.000486 0.286776 -1
0 6.672600 -20.322401 26.815424 0.566726 0.290210 -1
0 6.801200 -20.640799 26.815424 0.568012 0.290210 -1
0 -49.811600 -43.143497 26.815424 0.001884 0.290210 -1
0 -49.682999 -43.461903 26.815424 0.003170 0.290210 -1
0 -49.682999 -43.461903 27.158825 0.003170 0.286776 -1
0 7.038200 -21.227200 26.815424 0.570382 0.290210 -1
0 -49.317398 -44.366802 27.158825 0.006826 0.286776 -1
0 7.403800 -22.132101 26.815424 0.574038 0.290210 -1
0 -49.080399 -44.953201 27.158825 0.009196 0.286776 -1
0 7.403800 -22.132101 27.158825 0.574038 0.286776 -1
0 7.532400 -22.450500 27.158825 0.575324 0.286776 -1
0 -48.951797 -45.271599 27.158825 0.010482 0.286776 -1
0 65.564499 4.153800 26.815424 1.155645 0.290210 -1
0 9.080299 -18.667299 26.815424 0.590803 0.290210 -1
0 65.435898 4.472200 26.815424 1.154359 0.290210 -1
0 8.951600 -18.348900 26.815424 0.589516 0.290210 -1
0 8.951600 -18.348900 27.158825 0.589516 0.286776 -1
0 9.080299 -18.667299 27.158825 0.590803 0.286776 -1
0 65.564499 4.153800 27.158825 1.155645 0.286776 -1
0 65.435898 4.472200 27.158825 1.154359 0.286776 -1
0 65.930099 3.248900 26.815424 1.159301 0.290210 -1
0 9.445900 -19.572300 26.815424 0.594459 0.290210 -1
0 65.801498 3.567300 26.815424 1.158015 0.290210 -1
0 9.317200 -19.253799 26.815424 0.593172 0.290210 -1
0 9.317200 -19.253799 27.158825 0.593172 0.286776 -1
0 9.445900 -19.572300 27.158825 0.594459 0.286776 -1
0 65.930099 3.248900 27.158825 1.159301 0.286776 -1
0 65.801498 3.567300 27.158825 1.158015 0.286776 -1
0 9.811500 -20.477100 26.815424 0.598115 0.290210 -1
0 9.682800 -20.158701 26.815424 0.596828 0.290210 -1
0 9.682800 -20.158701 27.158825 0.596828 0.286776 -1
0 66.661301 1.439100 26.815424 1.166613 0.290210 -1
0 10.177099 -21.382000 26.815424 0.601771 0.290210 -1
0 66.532700 1.757500 26.815424 1.165327 0.290210 -1
0 10.048400 -21.063601 26.815424 0.600484 0.290210 -1
0 10.048400 -21.063601 27.158825 0.600484 0.286776 -1
0 10.177099 -21.382000 27.158825 0.601771 0.286776 -1
0 66.661301 1.439100 27.158825 1.166613 0.286776 -1
0 66.532700 1.757500 27.158825 1.165327 0.286776 -1
0 1.811700 -8.291200 26.815424 0.518117 0.290210 -1
0 1.940300 -8.609600 26.815424 0.519403 0.290210 -1
0 -54.672497 -31.112301 26.815424 -0.046725 0.290210 -1
0 -54.672497 -31.112301 27.158825 -0.046725 0.286776 -1
0 1.811700 -8.291200 27.158825 0.518117 0.286776 -1
0 1.940300 -8.609600 27.158825 0.519403 0.286776 -1
0 -54.543900 -31.430700 26.815424 -0.045439 0.290210 -1
0 -54.543900 -31.430700 27.158825 -0.045439 0.286776 -1
0 2.177300 -9.196099 26.815424 0.521773 0.290210 -1
0 2.305900 -9.514600 26.815424 0.523059 0.290210 -1
0 -54.306900 -32.017300 26.815424 -0.043069 0.290210 -1
0 -54.306900 -32.017300 27.158825 -0.043069 0.286776 -1
0 2.177300 -9.196099 27.158825 0.521773 0.286776 -1
0 2.305900 -9.514600 27.158825 0.523059 0.286776 -1
0 -54.178299 -32.335697 26.815424 -0.041783 0.290210 -1
0 -54.178299 -32.335697 27.158825 -0.041783 0.286776 -1
0 2.542900 -10.101000 26.815424 0.525429 0.290210 -1
0 -53.941299 -32.922100 27.158825 -0.039413 0.286776 -1
0 2.542900 -10.101000 27.158825 0.525429 0.286776 -1
0 2.671500 -10.419400 27.158825 0.526715 0.286776 -1
0 -53.812702 -33.240601 27.158825 -0.038127 0.286776 -1
0 2.908500 -11.005900 26.815424 0.529085 0.290210 -1
0 3.037100 -11.324300 26.815424 0.530371 0.290210 -1
0 -53.575699 -33.827000 26.815424 -0.035757 0.290210 -1
0 -53.575699 -33.827000 27.158825 -0.035757 0.286776 -1
0 2.908500 -11.005900 27.158825 0.529085 0.286776 -1
0 3.037100 -11.324300 27.158825 0.530371 0.286776 -1
0 -53.447098 -34.145401 26.815424 -0.034471 0.290210 -1
0 -53.447098 -34.145401 27.158825 -0.034471 0.286776 -1
0 61.069202 15.280000 26.815424 1.110692 0.290210 -1
0 4.585000 -7.541100 26.815424 0.545850 0.290210 -1
0 60.940598 15.598400 26.815424 1.109406 0.290210 -1
0 4.456300 -7.222700 26.815424 0.544563 0.290210 -1
0 4.456300 -7.222700 27.158825 0.544563 0.286776 -1
0 4.585000 -7.541100 27.158825 0.545850 0.286776 -1
0 61.069202 15.280000 27.158825 1.110692 0.286776 -1
0 60.940598 15.598400 27.158825 1.109406 0.286776 -1
0 61.434799 14.375099 26.815424 1.114348 0.290210 -1
0 4.950600 -8.446000 26.815424 0.549506 0.290210 -1
0 61.306202 14.693501 26.815424 1.113062 0.290210 -1
0 4.822000 -8.127600 26.815424 0.548220 0.290210 -1
0 4.822000 -8.127600 27.158825 0.548220 0.286776 -1
0 4.950600 -8.446000 27.158825 0.549506 0.286776 -1
0 61.434799 14.375099 27.158825 1.114348 0.286776 -1
0 61.306202 14.693501 27.158825 1.113062 0.286776 -1
0 61.800404 13.470200 26.815424 1.118004 0.290210 -1
0 5.316200 -9.350901 26.815424 0.553162 0.290210 -1
0 61.671799 13.788600 26.815424 1.116718 0.290210 -1
0 5.187600 -9.032499 26.815424 0.551876 0.290210 -1
0 5.187600 -9.032499 27.158825 0.551876 0.286776 -1
0 5.316200 -9.350901 27.158825 0.553162 0.286776 -1
0 61.800404 13.470200 27.158825 1.118004 0.286776 -1
0 61.671799 13.788600 27.158825 1.116718 0.286776 -1
0 62.166000 12.565300 26.815424 1.121660 0.290210 -1
0 5.681800 -10.255800 26.815424 0.556818 0.290210 -1
0 62.037403 12.883700 26.815424 1.120374 0.290210 -1
0 5.553200 -9.937401 26.815424 0.555532 0.290210 -1
0 5.553200 -9.937401 27.158825 0.555532 0.286776 -1
0 5.681800 -10.255800 27.158825 0.556818 0.286776 -1
0 62.166000 12.565300 27.158825 1.121660 0.286776 -1
0 62.037403 12.883700 27.158825 1.120374 0.286776 -1
0 -47.913502 -20.976099 25.946424 0.020865 0.298900 -1
0 47.913502 20.976099 25.946424 0.979135 0.298900 -1
0 -27.012501 62.854099 27.277824 0.229875 0.311704 -1
0 -27.012501 62.854099 24.427824 0.229875 0.340204 -1
0 24.231001 -63.977997 24.427824 0.742310 0.340204 -1
0 27.012501 -62.854099 27.277824 0.770125 0.311704 -1
0 24.231001 -63.977997 27.277824 0.742310 0.311704 -1
0 43.076599 43.076599 31.933025 0.930766 0.265152 -1
0 53.026402 53.026402 31.933025 1.030264 0.265152 -1
0 60.919498 0.000000 31.933025 1.109195 0.265152 -1
0 -24.231001 63.977997 27.277824 0.257690 0.311704 -1
0 -24.231001 63.977997 24.427824 0.257690 0.340204 -1
0 27.012501 -62.854099 24.427824 0.770125 0.340204 -1
0 64.565102 24.468201 27.277824 1.145651 0.311704 -1
0 63.441299 27.249802 27.277824 1.134413 0.311704 -1
0 -64.565102 -24.468201 27.277824 -0.145651 0.311704 -1
0 63.441299 27.249802 23.227825 1.134413 0.352204 -1
0 -64.565102 -24.468201 23.227825 -0.145651 0.352204 -1
0 64.565102 24.468201 23.227825 1.145651 0.352204 -1
0 -63.441299 -27.249802 27.277824 -0.134413 0.311704 -1
0 -63.441299 -27.249802 23.227825 -0.134413 0.352204 -1
0 43.076599 -43.076599 31.933025 0.930766 0.265152 -1
0 53.026402 -53.026402 31.933025 1.030264 0.265152 -1
0 67.175499 0.000000 20.486423 1.171755 0.379618 -1
0 76.440002 0.000000 20.486423 1.264400 0.379618 -1
0 54.051201 -53.499699 20.486423 1.040512 0.379618 -1
0 -55.322498 55.322498 28.933025 -0.053225 0.295152 -1
0 -53.026402 53.026402 31.933025 -0.030264 0.265152 -1
0 -78.237801 0.000000 28.933025 -0.282378 0.295152 -1
0 -74.990601 0.000000 31.933025 -0.249906 0.265152 -1
0 -55.322498 -55.322498 28.933025 -0.053225 0.295152 -1
0 -53.026402 -53.026402 31.933025 -0.030264 0.265152 -1
0 0.000000 -78.237801 28.933025 0.500000 0.295152 -1
0 0.000000 -74.990601 31.933025 0.500000 0.265152 -1
0 74.990601 0.000000 31.933025 1.249906 0.265152 -1
0 55.322498 -55.322498 28.933025 1.053225 0.295152 -1
0 78.237801 0.000000 28.933025 1.282378 0.295152 -1
0 -60.919498 0.000000 31.933025 -0.109195 0.265152 -1
0 -43.076599 -43.076599 31.933025 0.069234 0.265152 -1
0 0.000000 -60.919498 31.933025 0.500000 0.265152 -1
0 0.000000 74.990601 31.933025 0.500000 0.265152 -1
0 0.000000 78.237801 28.933025 0.500000 0.295152 -1
0 55.322498 55.322498 28.933025 1.053225 0.295152 -1
0 75.222000 75.222000 20.933025 1.252220 0.375152 -1
0 0.000000 106.379997 20.933025 0.500000 0.375152 -1
0 -75.222000 75.222000 20.933025 -0.252220 0.375152 -1
0 -106.379997 0.000000 20.933025 -0.563800 0.375152 -1
0 -75.222000 -75.222000 20.933025 -0.252220 0.375152 -1
0 0.000000 -106.379997 20.933025 0.500000 0.375152 -1
0 76.440002 0.000000 28.486425 1.264400 0.299618 -1
0 54.051201 -53.499699 28.486425 1.040512 0.299618 -1
0 -43.076599 43.076599 31.933025 0.069234 0.265152 -1
0 67.175499 0.000000 28.486425 1.171755 0.299618 -1
0 47.500198 -47.015499 20.486423 0.975002 0.379618 -1
0 0.000000 -75.660004 20.486423 0.500000 0.379618 -1
0 0.000000 -75.660004 28.486425 0.500000 0.299618 -1
0 47.500198 -47.015499 28.486425 0.975002 0.299618 -1
0 0.000000 -66.489998 28.486425 0.500000 0.299618 -1
0 0.000000 -66.489998 20.486423 0.500000 0.379618 -1
0 -47.500198 -47.015499 20.486423 0.024998 0.379618 -1
0 -54.051201 -53.499699 28.486425 -0.040512 0.299618 -1
0 -54.051201 -53.499699 20.486423 -0.040512 0.379618 -1
0 -47.500198 -47.015499 28.486425 0.024998 0.299618 -1
0 -67.175499 0.000000 20.486423 -0.171755 0.379618 -1
0 -76.440002 0.000000 28.486425 -0.264400 0.299618 -1
0 -76.440002 0.000000 20.486423 -0.264400 0.379618 -1
0 -67.175499 0.000000 28.486425 -0.171755 0.299618 -1
0 -54.051201 53.499699 20.486423 -0.040512 0.379618 -1
0 -47.500198 47.015499 20.486423 0.024998 0.379618 -1
0 -54.051201 53.499699 28.486425 -0.040512 0.299618 -1
0 -47.500198 47.015499 28.486425 0.024998 0.299618 -1
0 0.000000 75.660004 20.486423 0.500000 0.379618 -1
0 0.000000 66.489998 20.486423 0.500000 0.379618 -1
0 0.000000 75.660004 28.486425 0.500000 0.299618 -1
0 0.000000 66.489998 28.486425 0.500000 0.299618 -1
0 54.051201 53.499699 20.486423 1.040512 0.379618 -1
0 47.500198 47.015499 20.486423 0.975002 0.379618 -1
0 54.051201 53.499699 28.486425 1.040512 0.299618 -1
0 47.500198 47.015499 28.486425 0.975002 0.299618 -1
0 0.000000 60.919498 31.933025 0.500000 0.265152 -1
0 75.222000 -75.222000 20.933025 1.252220 0.375152 -1
0 106.379997 0.000000 20.933025 1.563800 0.375152 -1
678
0.319068 0.751556 0.577373
0.684377 -0.604130 0.408233
0.909975 -0.072741 -0.408233
-0.225608 -0.531425 0.816510
-0.319063 -0.751560 -0.577370
0.225611 0.531420 -0.816512
-0.684379 0.604128 -0.408235
-0.909975 0.072730 0.408235
0.319067 0.751557 0.577372
-0.909975 0.072746 0.408232
-0.225612 -0.531418 0.816513
0.225610 0.531421 -0.816512
-0.684377 0.604132 -0.408232
0.684378 -0.604130 0.408233
0.909975 -0.072739 -0.408233
-0.319070 -0.751554 -0.577374
0.225610 0.531421 -0.816512
0.909975 -0.072738 -0.408233
-0.319070 -0.751555 -0.577374
0.318980 0.751634 0.577320
0.684398 -0.604082 0.408270
0.909975 -0.072541 -0.408270
-0.225608 -0.531425 0.816510
-0.319063 -0.751560 -0.577370
0.225559 0.531499 -0.816475
-0.567855 0.177911 -0.803672
-0.456814 0.215158 -0.863150
-0.906547 0.422104 0.000557
-0.969762 0.244052 -0.000525
-0.997888 -0.064959 0.000912
-0.498574 -0.011026 -0.866777
0.417918 -0.075317 -0.905357
0.459738 -0.209199 -0.863063
0.971513 -0.236986 0.000817
0.909200 -0.416359 -0.000215
0.494744 0.064338 -0.866654
0.996543 0.083073 -0.000233
0.498359 0.017405 0.866796
-0.584092 0.110532 0.804126
-0.392354 0.179664 0.902097
0.406141 -0.126064 0.905073
-0.412223 -0.111524 -0.904231
0.953977 0.299880 0.000455
0.573598 0.163171 0.802721
-0.404233 -0.136939 0.904347
-0.496031 -0.056631 0.866456
-0.957175 -0.289509 -0.000140
-0.815001 0.569994 0.104305
-0.700112 0.097519 -0.707342
0.016057 0.657171 -0.753571
0.563649 0.193513 -0.803027
0.499574 0.853074 -0.150631
0.213880 0.626262 0.749701
-0.372348 0.331353 -0.866927
-0.234651 0.440261 -0.866666
-0.519715 0.854339 0.001386
-0.791572 0.611074 -0.001577
0.413824 -0.274747 -0.867908
0.290052 -0.489475 -0.822365
0.788246 -0.615359 0.001009
0.500470 -0.845090 0.188021
0.367879 -0.335196 0.867357
0.166843 -0.280795 0.945155
0.546281 -0.252273 0.798709
-0.413443 0.276465 0.867543
-0.337031 0.493251 0.801944
-0.578263 -0.586643 -0.566977
-0.442489 0.151425 -0.883897
-0.265681 -0.952195 -0.150792
-0.437098 0.341489 0.832064
-0.976265 0.189819 -0.104282
0.980284 0.197579 -0.002176
0.495328 0.067978 -0.866042
0.435313 0.557191 -0.707136
0.979996 -0.199011 -0.001469
-0.482690 -0.123461 -0.867045
-0.467990 0.461293 -0.753786
-0.984363 -0.176153 0.000526
-0.952195 0.265677 -0.150798
-0.497052 0.068413 -0.865019
-0.496634 -0.054949 0.866219
-0.710090 0.363481 0.603037
-0.982801 0.184641 0.003093
0.481881 0.127564 0.866901
0.151434 0.442497 0.883891
-0.489480 0.119412 0.863800
0.189840 0.976266 0.104242
0.495866 -0.062024 0.866181
0.482324 -0.135802 -0.865402
0.790981 -0.582922 -0.185880
0.263831 -0.190629 -0.945544
-0.522691 0.287931 -0.802428
-0.839362 0.543538 0.006114
-0.396476 0.309168 0.864420
0.458338 -0.336800 0.822491
0.513211 -0.836884 0.190366
0.341542 -0.556059 -0.757726
-0.252717 0.342315 -0.904961
-0.543369 0.839494 0.000454
-0.242027 0.435830 0.866877
0.208820 -0.337328 0.917935
-0.570372 -0.814742 -0.104266
-0.213095 -0.416338 -0.883886
-0.754726 0.258279 -0.603060
-0.852559 0.500414 0.150759
-0.656926 0.016202 0.753781
-0.098393 -0.700241 0.707094
-0.363481 -0.710084 0.603044
-0.016211 -0.656927 0.753780
-0.500409 -0.852560 0.150770
0.814719 -0.570404 0.104272
-0.214189 -0.625805 -0.749994
0.700221 -0.098417 -0.707110
0.189831 0.976266 -0.104254
0.151435 0.442506 -0.883887
-0.952205 0.265670 -0.150750
-0.586674 0.578254 -0.566953
-0.710089 0.363475 0.603042
0.341486 0.437100 0.832064
0.588766 -0.301395 0.750010
0.319067 0.751557 0.577372
0.684378 -0.604130 0.408233
-0.225612 -0.531419 0.816513
0.284876 0.522425 -0.803690
0.528040 0.849219 -0.000535
0.358895 0.933378 0.000560
0.366279 0.338383 -0.866797
0.098393 0.700241 0.707094
0.656926 -0.016202 0.753781
0.570372 0.814742 -0.104266
-0.151435 -0.442506 -0.883887
0.586674 -0.578254 -0.566953
-0.189831 -0.976266 -0.104254
-0.341486 -0.437100 0.832064
-0.814719 0.570404 0.104272
-0.588766 0.301395 0.750010
0.016211 0.656927 0.753780
0.710089 -0.363475 0.603042
0.500409 0.852560 0.150770
0.952205 -0.265670 -0.150750
0.214189 0.625805 -0.749994
-0.700221 0.098417 -0.707110
0.442489 -0.151425 -0.883897
0.578263 0.586643 -0.566977
0.976265 -0.189819 -0.104282
0.588737 -0.300848 0.750252
-0.213880 -0.626262 0.749701
0.815001 -0.569994 0.104305
-0.513211 0.836884 0.190366
0.242027 -0.435830 0.866877
0.852559 -0.500414 0.150759
0.543369 -0.839494 0.000454
0.754726 -0.258279 -0.603060
0.252717 -0.342315 -0.904961
0.213095 0.416338 -0.883886
-0.341542 0.556059 -0.757726
-0.790981 0.582922 -0.185880
-0.458338 0.336800 0.822491
-0.208820 0.337328 0.917935
0.396476 -0.309168 0.864420
0.839362 -0.543538 0.006114
0.522691 -0.287931 -0.802428
-0.263831 0.190629 -0.945544
-0.979996 0.199011 -0.001469
-0.495866 0.062024 0.866181
0.489480 -0.119412 0.863800
0.982801 -0.184641 0.003093
0.497052 -0.068413 -0.865019
-0.482324 0.135802 -0.865402
-0.980284 -0.197579 -0.002176
-0.151434 -0.442497 0.883891
-0.481881 -0.127564 0.866901
-0.189840 -0.976266 0.104242
0.710090 -0.363481 0.603037
0.496633 0.054949 0.866219
0.952195 -0.265677 -0.150798
0.984363 0.176153 0.000526
0.467990 -0.461293 -0.753786
0.482690 0.123461 -0.867045
-0.435313 -0.557191 -0.707136
-0.495328 -0.067978 -0.866042
-0.684378 0.604129 -0.408233
0.225559 0.531499 -0.816475
-0.319066 -0.751558 -0.577371
0.909975 -0.072542 -0.408270
0.684398 -0.604083 0.408270
0.318981 0.751633 0.577320
-0.909975 0.072737 0.408233
-0.225610 -0.531422 0.816512
-0.684379 0.604129 -0.408233
0.225579 0.531467 -0.816490
-0.319067 -0.751558 -0.577371
0.909975 -0.072621 -0.408255
0.684389 -0.604102 0.408255
0.319015 0.751603 0.577341
-0.909975 0.072737 0.408233
-0.225610 -0.531422 0.816512
0.225559 0.531499 -0.816475
0.318980 0.751633 0.577320
-0.684378 0.604130 -0.408233
-0.319066 -0.751558 -0.577371
-0.909975 0.072737 0.408233
0.337031 -0.493251 0.801944
0.519715 -0.854339 0.001386
0.437098 -0.341489 0.832064
0.363481 0.710084 0.603044
-0.166843 0.280795 0.945155
0.265681 0.952195 -0.150792
-0.500470 0.845090 0.188021
-0.290052 0.489475 -0.822365
0.234651 -0.440261 -0.866666
0.791572 -0.611074 -0.001577
0.413443 -0.276465 0.867543
0.906547 -0.422104 0.000557
-0.367879 0.335196 0.867357
0.392354 -0.179664 0.902097
-0.788246 0.615359 0.001009
-0.546281 0.252273 0.798709
-0.413824 0.274747 -0.867908
-0.909200 0.416359 -0.000215
0.372348 -0.331353 -0.866927
-0.459738 0.209199 -0.863063
0.456814 -0.215158 -0.863150
0.404233 0.136939 0.904347
-0.499574 -0.853074 -0.150631
-0.953977 -0.299880 0.000455
-0.563649 -0.193513 -0.803027
0.412224 0.111524 -0.904231
-0.016057 -0.657171 -0.753571
0.957175 0.289509 -0.000140
0.700112 -0.097519 -0.707342
0.997888 0.064959 0.000912
0.496031 0.056631 0.866456
-0.498359 -0.017405 0.866796
-0.996543 -0.083073 -0.000233
-0.573598 -0.163171 0.802721
-0.494744 -0.064338 -0.866654
0.969762 -0.244052 -0.000525
0.584092 -0.110532 0.804126
-0.406141 0.126064 0.905073
-0.971513 0.236986 0.000817
-0.417918 0.075317 -0.905357
0.498574 0.011026 -0.866777
0.567855 -0.177911 -0.803672
0.416344 -0.213112 0.883878
-0.258302 -0.754751 0.603018
0.814740 -0.570378 0.104254
-0.442496 0.151437 -0.883891
-0.363478 -0.710061 -0.603073
-0.976262 0.189843 -0.104272
-0.258294 -0.754728 0.603051
0.549296 -0.077193 0.832054
-0.467986 0.461300 0.753784
-0.500417 -0.852562 -0.150734
-0.952204 0.265661 0.150774
-0.020304 -0.823484 -0.566977
-0.588781 0.301386 -0.750003
0.435357 0.557207 -0.707096
0.416337 -0.213098 -0.883885
0.189866 0.976258 0.104265
0.814742 -0.570376 -0.104241
-0.077203 -0.549310 0.832045
-0.754766 0.258335 0.602985
-0.570404 -0.814719 -0.104273
-0.435857 -0.556466 -0.707371
0.468018 -0.461567 -0.753601
-0.190309 -0.976167 0.104308
0.128658 -0.481648 0.866869
-0.084115 0.387702 0.917939
-0.461285 -0.467976 0.753800
0.192291 -0.981338 0.000438
-0.265679 -0.952203 0.150744
0.056006 -0.421816 -0.904950
-0.140584 0.637242 -0.757733
-0.212173 0.958510 0.190370
0.095750 0.560657 0.822493
-0.070435 -0.497835 0.864407
-0.226223 -0.974056 0.006135
-0.175982 -0.570220 -0.802421
0.057371 0.320405 -0.945542
0.164069 0.968776 -0.185890
0.313598 0.389058 0.866193
0.566705 0.823919 -0.001480
-0.269152 -0.425915 0.863802
-0.578695 -0.815538 0.003090
-0.310016 -0.394500 -0.865020
0.252617 0.432729 -0.865408
0.435243 0.242982 0.866904
0.842404 0.538842 -0.002151
-0.395423 -0.305479 0.866212
-0.830447 -0.557098 0.000522
-0.432994 -0.246501 -0.867038
-0.500391 -0.852569 -0.150781
0.403504 0.295175 -0.866058
0.700206 -0.098418 -0.707125
-0.604168 -0.684326 -0.408264
-0.531461 0.225627 -0.816481
0.751594 -0.318967 -0.577379
0.531444 -0.225538 0.816517
-0.072677 -0.909966 0.408264
-0.751585 0.319079 0.577328
0.072630 0.909986 -0.408228
0.604034 0.684465 0.408228
-0.604166 -0.684328 -0.408263
-0.531461 0.225626 -0.816482
0.751585 -0.319080 -0.577328
0.531461 -0.225628 0.816481
-0.072676 -0.909967 0.408263
-0.751585 0.319078 0.577329
0.072677 0.909966 -0.408264
0.604169 0.684325 0.408264
-0.604223 -0.684269 -0.408279
-0.531468 0.225665 -0.816466
0.751586 -0.319080 -0.577328
0.531462 -0.225628 0.816481
-0.072695 -0.909958 0.408279
-0.751581 0.319126 0.577307
0.072677 0.909966 -0.408264
0.604169 0.684325 0.408264
-0.604167 -0.684327 -0.408264
-0.531461 0.225627 -0.816481
0.751585 -0.319077 -0.577330
0.531461 -0.225625 0.816482
-0.072676 -0.909967 0.408264
-0.751585 0.319079 0.577329
0.072675 0.909967 -0.408263
0.604165 0.684329 0.408263
0.219618 -0.975585 0.001362
0.100204 -0.588944 0.801937
-0.075043 0.317897 0.945151
-0.227048 0.955566 0.187995
-0.131381 0.553610 -0.822347
-0.852556 0.500415 -0.150776
-0.823524 0.020333 -0.566916
-0.213120 -0.416325 -0.883885
0.137052 -0.479720 -0.866652
-0.157433 -0.401779 0.902102
-0.105348 -0.486054 0.867556
-0.358895 -0.933378 0.000560
-0.144923 -0.989442 -0.001586
0.217720 0.560920 0.798728
0.031790 0.496676 0.867354
0.364810 0.931082 -0.000225
0.139560 0.990213 0.001027
0.185389 0.469828 -0.863071
0.106831 0.485091 -0.867913
-0.179141 -0.472089 -0.863157
-0.037671 -0.496994 -0.866936
-0.889643 -0.456656 -0.000137
-0.385902 -0.182283 0.904352
0.525966 0.281077 0.802717
0.588865 -0.301920 0.749721
0.894554 0.446959 0.000461
0.539877 0.252355 -0.803025
0.951957 -0.266631 -0.150619
-0.373992 -0.206121 -0.904236
-0.396135 -0.303819 0.866470
0.370551 0.333674 0.866807
0.774556 0.632506 -0.000241
0.400574 0.297387 -0.866661
-0.366279 -0.338383 -0.866797
-0.762932 -0.646479 0.000925
-0.343347 -0.485234 0.804153
-0.528040 -0.849219 -0.000535
0.204581 0.372809 0.905074
0.534202 0.845356 0.000815
0.248295 0.344494 -0.905358
-0.284876 -0.522425 -0.803690
-0.416344 0.213112 0.883878
0.258302 0.754751 0.603018
-0.814740 0.570378 0.104254
0.442496 -0.151437 -0.883891
0.363478 0.710061 -0.603073
0.976262 -0.189843 -0.104272
-0.549296 0.077193 0.832054
0.258294 0.754728 0.603051
-0.814742 0.570376 -0.104241
-0.214200 -0.625791 0.750003
-0.189866 -0.976258 0.104265
0.467986 -0.461300 0.753784
0.500417 0.852562 -0.150734
0.952204 -0.265661 0.150774
0.020304 0.823484 -0.566977
0.588781 -0.301386 -0.750003
-0.435357 -0.557207 -0.707096
-0.416337 0.213098 -0.883885
0.077203 0.549310 0.832045
0.754766 -0.258335 0.602985
0.570404 0.814719 -0.104273
0.435857 0.556466 -0.707371
-0.468018 0.461567 -0.753601
0.190309 0.976167 0.104308
0.084115 -0.387702 0.917939
0.212173 -0.958510 0.190370
0.557205 -0.435336 0.707110
-0.128658 0.481648 0.866869
0.461285 0.467976 0.753800
-0.192291 0.981338 0.000438
0.265679 0.952203 0.150744
-0.056006 0.421816 -0.904950
0.140584 -0.637242 -0.757733
-0.095750 -0.560657 0.822493
0.070435 0.497835 0.864407
0.226223 0.974056 0.006135
0.175982 0.570220 -0.802421
-0.057371 -0.320405 -0.945542
-0.164069 -0.968776 -0.185890
-0.313598 -0.389058 0.866193
-0.566705 -0.823919 -0.001480
0.269152 0.425915 0.863802
0.578695 0.815538 0.003090
0.310016 0.394500 -0.865020
-0.252617 -0.432729 -0.865408
-0.435243 -0.242982 0.866904
-0.842404 -0.538842 -0.002151
0.395423 0.305479 0.866212
0.830447 0.557098 0.000522
0.432994 0.246501 -0.867038
0.500391 0.852569 -0.150781
-0.403504 -0.295175 -0.866058
0.016188 0.656924 -0.753783
-0.700206 0.098418 -0.707125
-0.219618 0.975585 0.001362
-0.100204 0.588944 0.801937
0.075043 -0.317897 0.945151
0.227048 -0.955566 0.187995
0.131381 -0.553610 -0.822347
0.852556 -0.500415 -0.150776
0.823524 -0.020333 -0.566916
0.213120 0.416325 -0.883885
-0.137052 0.479720 -0.866652
0.157433 0.401779 0.902102
0.105348 0.486054 0.867556
0.144923 0.989442 -0.001586
-0.217720 -0.560920 0.798728
-0.031790 -0.496676 0.867354
-0.364810 -0.931082 -0.000225
-0.139560 -0.990213 0.001027
-0.185389 -0.469828 -0.863071
-0.106831 -0.485091 -0.867913
0.179141 0.472089 -0.863157
0.037671 0.496994 -0.866936
0.889643 0.456656 -0.000137
0.385902 0.182283 0.904352
-0.525966 -0.281077 0.802717
-0.588865 0.301920 0.749721
-0.894554 -0.446959 0.000461
-0.539877 -0.252355 -0.803025
-0.951957 0.266631 -0.150619
0.373992 0.206121 -0.904236
0.396135 0.303819 0.866470
-0.370551 -0.333674 0.866807
-0.774556 -0.632506 -0.000241
-0.400574 -0.297387 -0.866661
0.762932 0.646479 0.000925
0.343347 0.485234 0.804153
-0.204581 -0.372809 0.905074
-0.534202 -0.845356 0.000815
-0.248295 -0.344494 -0.905358
-0.588737 0.300848 0.750252
0.909975 -0.072737 0.408233
0.684378 -0.604129 -0.408233
0.319066 0.751558 -0.577371
-0.318980 -0.751633 0.577320
0.225610 0.531422 0.816512
0.531462 -0.225627 -0.816481
-0.072696 -0.909958 -0.408280
-0.751581 0.319129 -0.577306
-0.909975 0.072745 0.408232
0.214200 0.625791 0.750003
-0.557205 0.435336 0.707110
0.604171 0.684323 0.408265
0.072677 0.909966 -0.408265
0.531468 -0.225665 -0.816466
-0.072695 -0.909958 -0.408278
-0.751582 0.319125 -0.577308
0.751585 -0.319078 0.577329
0.072676 0.909967 0.408263
-0.531461 0.225628 0.816481
0.531461 -0.225627 -0.816481
-0.072675 -0.909967 -0.408263
-0.751585 0.319077 -0.577330
0.751581 -0.319126 0.577307
0.072696 0.909958 0.408279
-0.531468 0.225664 0.816467
-0.016188 -0.656924 -0.753783
-0.684377 0.604131 -0.408232
-0.604168 -0.684326 -0.408264
0.751585 -0.319082 -0.577327
0.531461 -0.225630 0.816480
-0.072676 -0.909966 0.408264
-0.531468 0.225665 -0.816466
0.751586 -0.319076 -0.577329
-0.072694 -0.909958 0.408279
-0.751581 0.319126 0.577307
0.604165 0.684329 0.408263
0.531461 -0.225625 0.816482
-0.604168 -0.684326 -0.408264
-0.531462 0.225627 -0.816481
0.751581 -0.319129 -0.577306
0.531469 -0.225667 0.816465
-0.072676 -0.909966 0.408264
-0.751586 0.319079 0.577328
0.072696 0.909958 -0.408280
0.604226 0.684265 0.408280
-0.531461 0.225627 -0.816481
0.751585 -0.319079 -0.577329
0.531461 -0.225627 0.816481
-0.072676 -0.909967 0.408264
-0.751585 0.319079 0.577329
0.072676 0.909967 -0.408264
0.604167 0.684327 0.408264
0.604168 0.684326 -0.408264
0.531461 -0.225627 -0.816481
-0.751594 0.318967 -0.577379
-0.531444 0.225538 0.816517
0.072677 0.909966 0.408264
0.751585 -0.319079 0.577328
-0.072630 -0.909986 -0.408228
-0.604034 -0.684465 0.408228
0.604166 0.684328 -0.408263
0.531461 -0.225626 -0.816482
-0.751585 0.319080 -0.577328
-0.072677 -0.909966 -0.408264
-0.604169 -0.684325 0.408264
0.604223 0.684268 -0.408279
-0.604222 -0.684270 0.408278
0.604167 0.684327 -0.408264
-0.531461 0.225625 0.816482
0.072676 0.909967 0.408264
0.751585 -0.319079 0.577329
-0.604165 -0.684329 0.408263
-0.225559 -0.531499 -0.816475
0.319066 0.751558 -0.577371
-0.909975 0.072542 -0.408270
-0.684398 0.604083 0.408270
-0.318981 -0.751633 0.577320
0.684379 -0.604129 -0.408233
-0.225579 -0.531467 -0.816490
0.319067 0.751558 -0.577371
-0.909975 0.072621 -0.408255
-0.684389 0.604102 0.408255
-0.319015 -0.751603 0.577341
0.909975 -0.072737 0.408233
0.225610 0.531422 0.816512
-0.225559 -0.531499 -0.816475
0.684378 -0.604130 -0.408233
0.319066 0.751558 -0.577371
0.909975 -0.072737 0.408233
0.604168 0.684326 -0.408264
-0.751585 0.319082 -0.577327
-0.531461 0.225630 0.816480
0.072676 0.909966 0.408264
-0.072677 -0.909966 -0.408265
-0.604171 -0.684323 0.408265
0.604223 0.684269 -0.408279
0.531468 -0.225665 -0.816466
-0.751586 0.319076 -0.577329
-0.531461 0.225625 0.816482
0.072694 0.909958 0.408279
0.751581 -0.319126 0.577307
0.604168 0.684326 -0.408264
-0.531469 0.225667 0.816465
0.072676 0.909966 0.408264
0.751586 -0.319079 0.577328
-0.604226 -0.684265 0.408280
0.531461 -0.225627 -0.816481
-0.751585 0.319079 -0.577329
-0.531461 0.225627 0.816481
0.072676 0.909967 0.408264
0.751585 -0.319079 0.577329
-0.072676 -0.909967 -0.408264
-0.604167 -0.684327 0.408264
0.684379 -0.604128 -0.408235
-0.225559 -0.531499 -0.816475
0.319063 0.751560 -0.577370
-0.909975 0.072541 -0.408270
-0.684398 0.604082 0.408270
-0.318980 -0.751634 0.577320
0.909975 -0.072730 0.408235
0.225608 0.531425 0.816510
0.684377 -0.604132 -0.408232
-0.225610 -0.531421 -0.816512
0.319070 0.751554 -0.577374
-0.909975 0.072739 -0.408233
-0.684378 0.604130 0.408233
-0.319067 -0.751557 0.577372
0.909975 -0.072746 0.408232
0.225612 0.531418 0.816513
-0.225611 -0.531420 -0.816512
0.319063 0.751560 -0.577370
-0.909975 0.072741 -0.408233
-0.684377 0.604130 0.408233
-0.319068 -0.751556 0.577373
0.225608 0.531425 0.816510
0.684377 -0.604131 -0.408232
-0.225610 -0.531421 -0.816512
0.319070 0.751555 -0.577374
-0.909975 0.072738 -0.408233
-0.684378 0.604130 0.408233
-0.319067 -0.751557 0.577372
0.909975 -0.072745 0.408232
0.225612 0.531419 0.816513
0.214500 0.625350 0.750285
-0.214500 -0.625350 0.750285
-0.909977 0.072651 0.408244
-0.684402 0.604095 -0.408244
-0.319018 -0.751590 -0.577356
0.684402 -0.604095 0.408244
-0.225578 -0.531452 0.816501
0.000000 0.000000 -1.000000
-0.287269 -0.217566 -0.932814
0.319018 0.751590 0.577356
0.225578 0.531452 -0.816501
0.909977 -0.072651 -0.408244
0.751589 -0.319035 0.577348
0.072658 0.909974 0.408250
-0.531455 0.225593 0.816495
0.604116 0.684380 -0.408250
-0.751589 0.319035 -0.577348
0.531455 -0.225593 -0.816495
-0.604116 -0.684380 0.408250
-0.072658 -0.909974 -0.408250
-0.217566 0.287269 -0.932814
-0.675031 -0.094163 -0.731756
0.675031 0.094163 -0.731756
0.542215 -0.413759 -0.731305
0.324027 -0.363169 -0.873565
0.287269 -0.217566 -0.932814
0.485920 -0.027677 -0.873565
0.428699 0.059191 -0.901506
0.363169 0.324027 -0.873565
0.217566 0.287269 -0.932814
0.000000 0.554278 -0.832331
0.000000 0.234586 -0.972095
-0.428699 0.059191 -0.901506
-0.363169 0.324027 -0.873565
-0.485920 -0.027677 -0.873565
0.000000 -0.357406 -0.933949
0.000000 -0.415638 -0.909530
-0.324027 -0.363169 -0.873565
-0.166535 -0.219889 -0.961205
0.000000 -0.273437 -0.961890
0.166535 -0.219889 -0.961205
0.273243 -0.037727 -0.961205
0.219889 0.166535 -0.961205
-0.000000 0.273437 -0.961890
0.675031 -0.094163 0.731756
0.409815 -0.545201 0.731305
-0.675031 0.094163 0.731756
-0.542215 0.413759 -0.731305
0.000000 -0.679143 -0.734006
0.000000 -0.419873 0.907583
-0.409815 0.545201 0.731305
0.000000 0.679143 0.734006
0.000000 0.879762 -0.475415
0.542215 0.413759 -0.731305
-0.409815 -0.545201 0.731305
-0.542215 -0.413759 -0.731305
0.409815 0.545201 0.731305
0.567178 -0.079119 -0.819786
-0.805368 -0.112345 0.582031
-0.805368 0.112345 -0.582031
0.567178 0.079119 0.819786
-0.409815 0.545201 -0.731305
0.409815 -0.545201 -0.731305
-0.542215 0.413759 0.731305
0.542215 -0.413759 0.731305
0.000000 0.419873 -0.907583
0.000000 -0.679143 -0.734006
0.000000 0.679143 0.734006
0.000000 -0.879762 0.475415
0.488817 0.650302 -0.581521
-0.344399 -0.458175 -0.819429
0.646739 0.493520 0.581521
-0.455665 -0.347714 0.819429
-0.219889 0.166535 -0.961205
-0.273243 -0.037727 -0.961205
1240
0 0 1 2 0 1 2 1
0 1 3 4 1 3 4 1
0 5 2 4 5 2 4 1
0 0 5 6 0 5 6 1
0 7 6 4 7 6 4 1
0 8 9 10 8 9 10 1
0 8 11 12 8 11 12 1
0 8 13 14 8 13 14 1
0 13 10 15 13 10 15 1
0 11 14 15 11 14 15 1
0 9 12 15 9 12 15 1
0 0 7 3 0 7 3 1
0 16 17 18 16 17 18 1
0 19 20 21 19 20 21 1
0 20 22 23 20 22 23 1
0 24 21 23 24 21 23 1
0 25 26 27 25 26 27 1
0 28 29 30 28 29 30 1
0 31 32 26 31 32 26 1
0 31 25 30 31 25 30 1
0 33 34 32 33 34 32 1
0 31 35 36 31 35 36 1
0 33 36 37 33 36 37 1
0 38 39 23 7 6 23 1
0 19 38 22 19 7 22 1
0 19 24 39 19 24 6 1
0 29 28 40 29 28 38 1
0 41 40 28 39 38 28 1
0 34 33 42 34 33 40 1
0 35 30 43 35 30 41 1
0 44 36 35 42 36 35 1
0 36 44 45 36 42 43 1
0 37 45 46 37 43 44 1
0 47 46 48 45 44 46 1
0 48 49 50 46 47 48 1
0 43 50 51 41 48 49 1
0 52 51 53 50 49 51 1
0 54 45 44 52 43 42 1
0 46 45 54 44 43 52 1
0 49 48 46 47 46 44 1
0 55 56 57 53 54 55 1
0 58 27 26 56 27 26 1
0 59 60 56 57 58 54 1
0 55 26 32 53 26 32 1
0 61 62 60 59 60 58 1
0 59 32 34 57 32 34 1
0 63 64 62 61 62 60 1
0 61 34 65 59 34 63 1
0 66 67 64 64 65 62 1
0 63 65 41 61 63 39 1
0 42 40 41 40 38 39 1
0 66 41 27 64 39 27 1
0 42 37 47 40 37 45 1
0 60 68 69 58 66 67 1
0 60 62 70 58 60 68 1
0 43 30 29 41 30 29 1
0 64 67 71 62 65 69 1
0 57 72 71 55 70 69 1
0 73 74 75 71 72 73 1
0 74 73 76 72 71 74 1
0 74 77 78 72 75 76 1
0 58 57 67 56 55 65 1
0 77 79 80 75 77 78 1
0 79 77 81 77 75 79 1
0 79 82 83 77 80 81 1
0 82 79 84 80 77 82 1
0 82 85 86 80 83 84 1
0 85 82 87 83 80 85 1
0 85 73 88 83 71 86 1
0 73 85 89 71 83 87 1
0 90 76 91 88 74 89 1
0 81 90 92 79 88 90 1
0 84 81 93 82 79 91 1
0 87 84 94 85 82 92 1
0 89 87 95 87 85 93 1
0 76 89 96 74 87 94 1
0 91 97 98 89 95 96 1
0 92 98 99 90 96 97 1
0 94 93 99 92 91 97 1
0 95 94 100 93 92 98 1
0 96 95 101 94 93 99 1
0 96 102 97 94 100 95 1
0 98 97 103 96 95 101 1
0 99 98 104 97 96 102 1
0 100 99 105 98 97 103 1
0 101 100 106 99 98 104 1
0 102 101 107 100 99 105 1
0 97 102 108 95 100 106 1
0 54 53 49 52 51 47 1
0 53 51 49 51 49 47 1
0 51 50 49 49 48 47 1
0 68 70 72 66 68 70 1
0 70 109 72 68 107 70 1
0 109 71 72 107 69 70 1
0 110 111 112 108 109 110 1
0 111 113 112 109 111 110 1
0 113 114 112 111 112 110 1
0 115 112 114 113 110 112 1
0 116 114 113 114 112 111 1
0 117 118 113 115 116 111 1
0 119 117 111 117 115 109 1
0 120 119 110 118 117 108 1
0 120 121 112 118 119 110 1
0 118 117 115 116 115 113 1
0 56 69 72 54 67 70 1
0 119 120 115 117 118 113 1
0 107 106 103 105 104 101 1
0 106 105 103 104 103 101 1
0 62 64 109 60 62 107 1
0 122 123 17 120 121 17 1
0 123 124 18 121 122 18 1
0 83 86 88 81 84 86 1
0 125 126 127 123 124 125 1
0 126 125 128 124 123 126 1
0 77 74 90 75 72 88 1
0 129 130 131 127 128 129 1
0 132 133 134 130 131 132 1
0 134 135 136 132 133 134 1
0 137 135 138 135 133 136 1
0 138 139 140 136 137 138 1
0 140 141 142 138 139 140 1
0 133 132 142 131 130 140 1
0 132 134 143 130 132 141 1
0 137 138 136 135 136 134 1
0 144 145 146 142 143 144 1
0 147 148 149 145 146 147 1
0 131 150 129 129 148 127 1
0 117 119 115 115 117 113 1
0 130 151 152 128 149 150 1
0 152 153 154 150 151 152 1
0 154 155 156 152 153 154 1
0 156 157 131 154 155 129 1
0 158 159 150 156 157 148 1
0 160 159 151 158 157 149 1
0 151 161 153 149 159 151 1
0 153 162 155 151 160 153 1
0 163 164 155 161 162 153 1
0 164 158 157 162 156 155 1
0 158 165 159 156 163 157 1
0 159 166 161 157 164 159 1
0 161 167 162 159 165 160 1
0 162 168 163 160 166 161 1
0 163 169 164 161 167 162 1
0 164 170 158 162 168 156 1
0 165 171 166 163 169 164 1
0 172 173 174 170 171 172 1
0 166 173 167 164 171 165 1
0 175 176 172 173 174 170 1
0 167 176 168 165 174 166 1
0 177 178 175 175 176 173 1
0 168 178 169 166 176 167 1
0 179 180 177 177 178 175 1
0 169 180 170 167 178 168 1
0 181 182 179 179 180 177 1
0 170 182 165 168 180 163 1
0 174 171 181 172 169 179 1
0 183 184 185 181 182 183 1
0 186 187 185 184 185 183 1
0 184 188 186 182 186 184 1
0 189 188 183 187 186 181 1
0 190 189 185 188 187 183 1
0 187 188 190 185 186 188 1
0 191 192 193 189 190 191 1
0 194 195 193 192 193 191 1
0 192 196 194 190 194 192 1
0 197 196 191 195 194 189 1
0 198 197 193 196 195 191 1
0 195 196 198 193 194 196 1
0 199 200 201 181 197 183 1
0 202 203 201 184 185 183 1
0 200 204 202 197 198 184 1
0 205 204 199 187 198 181 1
0 206 205 201 188 187 183 1
0 203 204 206 185 198 188 1
0 207 208 209 199 197 200 1
0 210 211 209 184 185 200 1
0 208 212 210 197 198 184 1
0 213 212 207 201 198 199 1
0 214 213 209 188 201 200 1
0 211 212 214 185 198 188 1
0 215 216 217 202 203 204 1
0 218 219 217 205 206 204 1
0 220 221 218 207 208 205 1
0 145 222 220 143 209 207 1
0 223 222 144 210 209 142 1
0 216 223 146 203 210 144 1
0 224 225 226 211 212 213 1
0 225 224 215 212 211 202 1
0 225 227 228 212 214 215 1
0 227 225 219 214 212 206 1
0 227 229 230 214 216 217 1
0 229 227 221 216 214 208 1
0 229 231 232 216 218 219 1
0 231 229 222 218 216 209 1
0 231 233 234 218 220 221 1
0 233 231 223 220 218 210 1
0 233 224 235 220 211 222 1
0 224 233 216 211 220 203 1
0 147 149 236 145 147 223 1
0 147 236 148 145 223 146 1
0 237 148 238 224 146 225 1
0 238 239 237 225 226 224 1
0 239 240 241 226 227 228 1
0 240 242 243 227 229 230 1
0 244 245 242 231 232 229 1
0 245 246 236 232 233 223 1
0 246 247 248 233 234 235 1
0 239 238 249 226 225 236 1
0 239 249 240 226 236 227 1
0 242 240 244 229 227 231 1
0 226 228 250 213 215 237 1
0 245 244 251 232 231 238 1
0 251 252 245 238 239 232 1
0 105 104 103 103 102 101 1
0 230 232 252 217 219 239 1
0 252 253 246 239 240 233 1
0 253 254 247 240 241 234 1
0 254 253 234 241 240 221 1
0 249 254 255 236 241 242 1
0 256 254 235 243 241 222 1
0 256 250 255 243 237 242 1
0 80 83 88 78 81 86 1
0 257 258 259 244 245 246 1
0 260 261 262 247 248 249 1
0 78 80 88 76 78 86 1
0 181 179 174 179 177 172 1
0 263 264 265 250 251 252 1
0 266 263 267 253 250 254 1
0 268 266 269 255 253 256 1
0 270 271 269 257 258 256 1
0 272 273 270 259 260 257 1
0 270 269 272 257 256 259 1
0 274 275 276 261 262 263 1
0 277 278 279 264 265 266 1
0 129 160 130 127 158 128 1
0 280 281 282 267 268 269 1
0 283 280 284 270 267 271 1
0 285 283 261 272 270 248 1
0 286 285 260 273 272 247 1
0 287 286 262 274 273 249 1
0 281 288 287 268 275 274 1
0 289 288 280 276 275 267 1
0 290 289 283 277 276 270 1
0 291 290 285 278 277 272 1
0 286 292 285 273 279 272 1
0 287 293 286 274 280 273 1
0 294 295 288 281 282 275 1
0 296 294 289 283 281 276 1
0 297 296 290 284 283 277 1
0 298 297 291 285 284 278 1
0 299 298 292 286 285 279 1
0 295 299 293 282 286 280 1
0 300 301 294 287 288 281 1
0 301 300 259 288 287 246 1
0 302 300 296 289 287 283 1
0 300 302 257 287 289 244 1
0 303 302 297 290 289 284 1
0 302 303 258 289 290 245 1
0 304 303 298 291 290 285 1
0 303 304 305 290 291 292 1
0 306 304 299 293 291 286 1
0 230 252 228 217 239 215 1
0 301 306 295 288 293 282 1
0 306 301 307 293 288 294 1
0 308 309 310 295 296 297 1
0 311 312 310 298 299 297 1
0 312 313 308 299 300 295 1
0 309 313 314 296 300 301 1
0 314 315 310 301 302 297 1
0 315 313 311 302 300 298 1
0 316 317 318 303 304 305 1
0 319 320 318 306 307 305 1
0 320 321 316 307 308 303 1
0 317 321 322 304 308 309 1
0 322 323 318 309 310 305 1
0 323 321 319 310 308 306 1
0 324 325 326 311 312 313 1
0 327 328 326 314 315 313 1
0 328 329 324 315 316 311 1
0 325 329 330 312 316 317 1
0 330 331 326 317 318 313 1
0 331 329 327 318 316 314 1
0 332 333 334 319 320 321 1
0 335 336 334 322 323 321 1
0 336 337 332 323 324 319 1
0 333 337 338 320 324 325 1
0 338 339 334 325 326 321 1
0 339 337 335 326 324 322 1
0 276 340 274 263 327 261 1
0 341 342 274 328 329 261 1
0 342 343 275 329 330 262 1
0 343 344 345 330 331 332 1
0 346 344 347 333 331 334 1
0 347 348 276 334 335 263 1
0 349 350 351 336 337 338 1
0 340 352 341 327 339 328 1
0 353 354 349 340 341 336 1
0 341 350 342 328 337 329 1
0 355 356 353 342 343 340 1
0 342 354 343 329 341 330 1
0 357 358 355 344 345 342 1
0 343 356 344 330 343 331 1
0 359 360 357 346 347 344 1
0 344 358 348 331 345 335 1
0 351 352 359 338 339 346 1
0 348 360 340 335 347 327 1
0 361 279 362 348 266 349 1
0 363 362 364 350 349 351 1
0 363 364 365 350 351 352 1
0 278 366 367 265 353 354 1
0 277 368 278 264 355 265 1
0 279 361 277 266 348 264 1
0 362 369 361 349 356 348 1
0 363 370 362 350 357 349 1
0 365 371 363 352 358 350 1
0 371 365 372 358 352 359 1
0 373 372 368 360 359 355 1
0 373 368 374 360 355 361 1
0 375 349 376 362 336 363 1
0 376 374 375 363 361 362 1
0 370 377 369 357 364 356 1
0 375 377 349 362 364 336 1
0 378 355 377 365 342 364 1
0 371 378 370 358 365 357 1
0 372 379 371 359 366 358 1
0 355 378 357 342 365 344 1
0 380 379 373 367 366 360 1
0 357 379 359 344 366 346 1
0 374 376 373 361 363 360 1
0 359 380 351 346 367 338 1
0 381 382 383 368 369 370 1
0 384 385 386 371 372 373 1
0 387 388 389 374 375 376 1
0 390 387 391 377 374 378 1
0 388 387 392 375 374 379 1
0 393 388 394 380 375 381 1
0 395 393 396 382 380 383 1
0 397 398 396 384 385 383 1
0 391 389 397 378 376 384 1
0 397 396 391 384 383 378 1
0 399 400 401 386 387 388 1
0 402 403 404 389 390 391 1
0 405 406 407 392 393 394 1
0 408 405 409 395 392 396 1
0 410 408 411 397 395 398 1
0 412 410 385 399 397 372 1
0 413 412 384 400 399 371 1
0 406 413 386 393 400 373 1
0 405 414 406 392 401 393 1
0 415 414 408 402 401 395 1
0 416 415 410 403 402 397 1
0 417 416 412 404 403 399 1
0 413 418 412 400 405 399 1
0 406 419 413 393 406 400 1
0 420 421 414 407 408 401 1
0 422 420 415 409 407 402 1
0 423 422 416 410 409 403 1
0 424 423 417 411 410 404 1
0 425 424 418 412 411 405 1
0 421 425 419 408 412 406 1
0 426 427 420 413 414 407 1
0 427 426 383 414 413 370 1
0 428 426 422 415 413 409 1
0 426 428 381 413 415 368 1
0 429 428 423 416 415 410 1
0 428 429 382 415 416 369 1
0 430 429 424 417 416 411 1
0 429 430 431 416 417 418 1
0 432 430 425 419 417 412 1
0 430 432 433 417 419 420 1
0 427 432 421 414 419 408 1
0 432 427 434 419 414 421 1
0 401 435 399 388 422 386 1
0 436 437 399 423 424 386 1
0 437 438 400 424 425 387 1
0 438 439 440 425 426 427 1
0 441 439 442 428 426 429 1
0 442 443 401 429 430 388 1
0 444 445 127 431 432 125 1
0 435 446 436 422 433 423 1
0 447 448 444 434 435 431 1
0 436 445 437 423 432 424 1
0 449 450 447 436 437 434 1
0 437 448 438 424 435 425 1
0 451 452 449 438 439 436 1
0 438 450 439 425 437 426 1
0 453 454 451 440 441 438 1
0 439 452 443 426 439 430 1
0 127 446 453 125 433 440 1
0 443 454 435 430 441 422 1
0 455 404 456 442 391 443 1
0 457 456 458 444 443 445 1
0 457 458 459 444 445 446 1
0 403 460 461 390 447 448 1
0 402 462 403 389 449 390 1
0 404 455 402 391 442 389 1
0 456 463 455 443 450 442 1
0 457 464 456 444 451 443 1
0 459 465 457 446 452 444 1
0 465 459 466 452 446 453 1
0 128 466 462 126 453 449 1
0 128 462 467 126 449 454 1
0 468 444 126 455 431 124 1
0 126 467 468 124 454 455 1
0 464 469 463 451 456 450 1
0 468 469 444 455 456 431 1
0 470 449 469 457 436 456 1
0 465 470 464 452 457 451 1
0 466 471 465 453 458 452 1
0 449 470 451 436 457 438 1
0 125 471 128 123 458 126 1
0 451 471 453 438 458 440 1
0 467 126 128 454 124 126 1
0 453 125 127 440 123 125 1
0 75 78 88 73 76 86 1
0 108 107 103 106 105 101 1
0 116 118 115 114 116 113 1
0 115 120 112 113 118 110 1
0 121 120 110 119 118 108 1
0 110 119 111 108 117 109 1
0 111 117 113 109 115 111 1
0 118 116 113 116 114 111 1
0 116 115 114 114 113 112 1
0 121 110 112 119 108 110 1
0 69 68 72 67 66 70 1
0 472 54 49 459 52 47 1
0 103 97 108 101 95 106 1
0 108 102 107 106 100 105 1
0 107 101 106 105 99 104 1
0 106 100 105 104 98 103 1
0 105 99 104 103 97 102 1
0 104 98 103 102 96 101 1
0 250 256 226 237 243 213 1
0 102 96 101 100 94 99 1
0 101 95 100 99 93 98 1
0 100 94 99 98 92 97 1
0 93 92 99 91 90 97 1
0 92 91 98 90 89 96 1
0 91 76 96 89 74 94 1
0 96 89 95 94 87 93 1
0 95 87 94 93 85 92 1
0 94 84 93 92 82 91 1
0 93 81 92 91 79 90 1
0 473 474 475 460 461 462 1
0 476 473 477 463 460 464 1
0 86 85 88 84 83 86 1
0 89 85 87 87 83 85 1
0 83 82 86 81 80 84 1
0 264 263 273 251 250 260 1
0 478 479 480 465 466 467 1
0 84 79 81 82 77 79 1
0 78 77 80 76 75 78 1
0 81 77 90 79 75 88 1
0 122 481 124 120 468 122 1
0 482 264 272 469 251 259 1
0 88 73 75 86 71 73 1
0 281 287 483 268 274 470 1
0 484 485 486 300 471 472 1
0 70 62 109 68 60 107 1
0 68 60 70 66 58 68 1
0 56 60 69 54 58 67 1
0 57 56 72 55 54 70 1
0 58 66 27 56 64 27 1
0 66 58 67 64 56 65 1
0 487 488 489 473 474 475 1
0 490 491 492 476 477 478 1
0 63 61 65 61 59 63 1
0 61 63 62 59 61 60 1
0 61 59 34 59 57 34 1
0 59 61 60 57 59 58 1
0 59 55 32 57 53 32 1
0 55 59 56 53 57 54 1
0 55 58 26 53 56 26 1
0 493 494 495 479 480 481 1
0 496 497 498 482 483 484 1
0 304 306 499 291 293 485 1
0 53 54 44 51 52 42 1
0 44 52 53 42 50 51 1
0 52 43 51 50 41 49 1
0 43 48 50 41 46 48 1
0 29 47 48 29 45 46 1
0 47 37 46 45 37 44 1
0 37 36 45 37 36 43 1
0 52 44 35 50 42 35 1
0 52 35 43 50 35 41 1
0 48 43 29 46 41 29 1
0 27 41 28 27 39 28 1
0 47 29 40 45 29 38 1
0 40 42 47 38 40 45 1
0 65 42 41 63 40 39 1
0 65 34 42 63 34 40 1
0 42 33 37 40 33 37 1
0 33 31 36 33 31 36 1
0 31 33 32 31 33 32 1
0 35 31 30 35 31 30 1
0 25 31 26 25 31 26 1
0 25 28 30 25 28 30 1
0 28 25 27 28 25 27 1
0 39 24 23 6 24 23 1
0 21 20 23 21 20 23 1
0 24 19 21 24 19 21 1
0 38 19 39 7 19 6 1
0 22 38 23 22 7 23 1
0 20 19 22 20 19 22 1
0 12 11 15 12 11 15 1
0 14 13 15 14 13 15 1
0 11 8 14 11 8 14 1
0 9 8 12 9 8 12 1
0 10 9 15 10 9 15 1
0 13 8 10 13 8 10 1
0 6 5 4 6 5 4 1
0 2 1 4 2 1 4 1
0 5 0 2 5 0 2 1
0 7 0 6 7 0 6 1
0 3 7 4 3 7 4 1
0 1 0 3 1 0 3 1
0 500 16 18 486 16 18 1
0 17 123 18 17 121 18 1
0 16 122 17 16 120 17 1
0 481 122 500 468 120 486 1
0 124 481 18 122 468 18 1
0 123 122 124 121 120 122 1
0 501 502 503 487 296 488 1
0 504 505 503 489 490 488 1
0 505 484 501 490 300 487 1
0 502 484 486 296 300 472 1
0 486 485 503 472 471 488 1
0 485 484 504 471 300 489 1
0 506 507 508 311 491 492 1
0 122 16 500 120 16 486 1
0 509 510 506 493 494 311 1
0 507 510 511 491 494 325 1
0 511 512 508 325 495 492 1
0 512 510 513 495 494 496 1
0 514 515 516 497 498 499 1
0 517 518 516 500 501 499 1
0 518 519 514 501 502 497 1
0 515 519 520 498 502 503 1
0 520 521 516 503 504 499 1
0 521 519 517 504 502 500 1
0 522 523 524 319 505 506 1
0 525 526 524 507 508 506 1
0 526 527 522 508 509 319 1
0 523 527 528 505 509 510 1
0 528 529 524 510 511 506 1
0 529 527 525 511 509 507 1
0 530 531 532 512 513 514 1
0 533 534 532 515 516 514 1
0 534 535 530 516 517 512 1
0 531 535 536 513 517 518 1
0 536 537 532 518 519 514 1
0 537 535 533 519 517 515 1
0 538 539 540 520 521 522 1
0 492 491 540 478 477 522 1
0 491 490 538 477 476 520 1
0 539 490 541 521 476 523 1
0 541 542 540 523 524 522 1
0 542 490 492 524 476 478 1
0 543 487 489 525 473 475 1
0 498 497 489 484 483 475 1
0 497 496 543 483 482 525 1
0 487 496 488 473 482 474 1
0 488 544 489 474 526 475 1
0 544 496 498 526 482 484 1
0 545 493 495 527 479 481 1
0 546 547 495 528 529 481 1
0 547 548 545 529 530 527 1
0 493 548 494 479 530 480 1
0 494 549 495 480 531 481 1
0 549 548 546 531 530 528 1
0 550 551 552 461 532 533 1
0 553 554 552 534 535 533 1
0 551 555 553 532 536 534 1
0 556 555 550 460 536 461 1
0 557 556 552 464 460 533 1
0 554 555 557 535 536 464 1
0 558 559 560 537 538 539 1
0 561 562 560 540 541 539 1
0 559 563 561 538 542 540 1
0 564 563 558 543 542 537 1
0 565 564 560 544 543 539 1
0 562 563 565 541 542 544 1
0 474 566 475 461 545 462 1
0 567 568 475 534 535 462 1
0 566 476 567 545 463 534 1
0 473 476 474 460 463 461 1
0 477 473 475 464 460 462 1
0 568 476 477 535 463 464 1
0 569 570 571 546 545 547 1
0 572 573 571 534 535 547 1
0 570 574 572 545 463 534 1
0 575 574 569 548 463 546 1
0 576 575 571 464 548 547 1
0 573 574 576 535 463 464 1
0 577 578 579 549 513 550 1
0 580 581 579 551 552 550 1
0 581 582 577 552 517 549 1
0 578 582 583 513 517 553 1
0 583 584 579 553 554 550 1
0 584 582 580 554 517 551 1
0 585 586 587 555 556 557 1
0 588 589 587 558 559 557 1
0 589 590 585 559 560 555 1
0 586 590 591 556 560 480 1
0 591 592 587 480 531 557 1
0 592 590 588 531 560 558 1
0 593 478 480 561 465 467 1
0 594 595 480 562 563 467 1
0 595 596 593 563 564 561 1
0 478 596 479 465 564 466 1
0 479 597 480 466 565 467 1
0 597 596 594 565 564 562 1
0 598 599 600 527 566 567 1
0 601 602 600 568 569 567 1
0 602 603 598 569 570 527 1
0 599 603 604 566 570 571 1
0 604 605 600 571 572 567 1
0 605 603 601 572 570 568 1
0 606 607 608 573 574 575 1
0 609 610 608 576 577 575 1
0 607 611 609 574 578 576 1
0 612 611 606 579 578 573 1
0 613 612 608 580 579 575 1
0 610 611 613 577 578 580 1
0 614 615 616 581 582 583 1
0 617 618 616 584 585 583 1
0 615 619 617 582 586 584 1
0 620 619 614 587 586 581 1
0 621 620 616 588 587 583 1
0 618 619 621 585 586 588 1
0 622 623 624 573 589 590 1
0 625 626 624 591 592 590 1
0 623 627 625 589 593 591 1
0 628 627 622 579 593 573 1
0 629 628 624 594 579 590 1
0 626 627 629 592 593 594 1
0 630 631 632 595 596 597 1
0 633 634 632 598 599 597 1
0 631 635 633 596 600 598 1
0 636 635 630 601 600 595 1
0 637 636 632 602 601 597 1
0 634 635 637 599 600 602 1
0 471 125 453 458 123 440 1
0 471 466 128 458 453 126 1
0 470 471 451 457 458 438 1
0 471 470 465 458 457 452 1
0 470 469 464 457 456 451 1
0 449 447 469 436 434 456 1
0 469 447 444 456 434 431 1
0 469 468 463 456 455 450 1
0 467 463 468 454 450 455 1
0 444 127 126 431 125 124 1
0 462 455 467 449 442 454 1
0 466 460 462 453 447 449 1
0 459 460 466 446 447 453 1
0 465 464 457 452 451 444 1
0 464 463 456 451 450 443 1
0 463 467 455 450 454 442 1
0 455 462 402 442 449 389 1
0 462 460 403 449 447 390 1
0 460 459 461 447 446 448 1
0 458 461 459 445 448 446 1
0 456 638 458 443 603 445 1
0 404 638 456 391 603 443 1
0 454 446 435 441 433 422 1
0 446 454 453 433 441 440 1
0 452 454 443 439 441 430 1
0 454 452 451 441 439 438 1
0 450 452 439 437 439 426 1
0 452 450 449 439 437 436 1
0 448 450 438 435 437 425 1
0 450 448 447 437 435 434 1
0 445 448 437 432 435 424 1
0 448 445 444 435 432 431 1
0 446 445 436 433 432 423 1
0 445 446 127 432 433 125 1
0 443 435 401 430 422 388 1
0 439 443 442 426 430 429 1
0 439 441 440 426 428 427 1
0 438 440 400 425 427 387 1
0 437 400 399 424 387 386 1
0 435 436 399 422 423 386 1
0 427 383 434 414 370 421 1
0 432 425 421 419 412 408 1
0 432 434 433 419 421 420 1
0 430 424 425 417 411 412 1
0 430 433 431 417 420 418 1
0 429 423 424 416 410 411 1
0 429 431 382 416 418 369 1
0 428 422 423 415 409 410 1
0 428 382 381 415 369 368 1
0 426 420 422 413 407 409 1
0 426 381 383 413 368 370 1
0 427 421 420 414 408 407 1
0 425 418 419 412 405 406 1
0 424 417 418 411 404 405 1
0 423 416 417 410 403 404 1
0 422 415 416 409 402 403 1
0 420 414 415 407 401 402 1
0 421 419 414 408 406 401 1
0 419 418 413 406 405 400 1
0 418 417 412 405 404 399 1
0 416 410 412 403 397 399 1
0 415 408 410 402 395 397 1
0 414 405 408 401 392 395 1
0 414 419 406 401 406 393 1
0 413 384 386 400 371 373 1
0 412 385 384 399 372 371 1
0 596 597 479 564 565 466 1
0 597 594 480 565 562 467 1
0 596 595 594 564 563 562 1
0 599 604 600 566 571 567 1
0 602 598 600 569 527 567 1
0 603 599 598 570 566 527 1
0 603 605 604 570 572 571 1
0 605 601 600 572 568 567 1
0 603 602 601 570 569 568 1
0 607 609 608 574 576 575 1
0 610 613 608 577 580 575 1
0 611 610 609 578 577 576 1
0 611 607 606 578 574 573 1
0 612 606 608 579 573 575 1
0 611 612 613 578 579 580 1
0 615 617 616 582 584 583 1
0 618 621 616 585 588 583 1
0 619 618 617 586 585 584 1
0 619 615 614 586 582 581 1
0 620 614 616 587 581 583 1
0 619 620 621 586 587 588 1
0 623 625 624 589 591 590 1
0 626 629 624 592 594 590 1
0 627 626 625 593 592 591 1
0 627 623 622 593 589 573 1
0 628 622 624 579 573 590 1
0 627 628 629 593 579 594 1
0 631 633 632 596 598 597 1
0 634 637 632 599 602 597 1
0 635 634 633 600 599 598 1
0 635 631 630 600 596 595 1
0 636 630 632 601 595 597 1
0 410 411 385 397 398 372 1
0 408 409 411 395 396 398 1
0 405 407 409 392 394 396 1
0 406 386 407 393 373 394 1
0 403 461 404 390 448 391 1
0 461 458 404 448 445 391 1
0 458 638 404 445 603 391 1
0 400 440 401 387 427 388 1
0 440 441 401 427 428 388 1
0 441 442 401 428 429 388 1
0 396 394 391 383 381 378 1
0 394 392 391 381 379 378 1
0 392 390 391 379 377 378 1
0 389 398 397 376 385 384 1
0 398 395 396 385 382 383 1
0 393 394 396 380 381 383 1
0 388 392 394 375 379 381 1
0 387 390 392 374 377 379 1
0 387 389 391 374 376 378 1
0 388 393 389 375 380 376 1
0 393 395 389 380 382 376 1
0 395 398 389 382 385 376 1
0 385 411 386 372 398 373 1
0 411 409 386 398 396 373 1
0 409 407 386 396 394 373 1
0 382 431 383 369 418 370 1
0 431 433 383 418 420 370 1
0 433 434 383 420 421 370 1
0 380 376 351 367 363 338 1
0 376 380 373 363 367 360 1
0 379 380 359 366 367 346 1
0 379 372 373 366 359 360 1
0 378 379 357 365 366 344 1
0 379 378 371 366 365 358 1
0 378 377 370 365 364 357 1
0 355 353 377 342 340 364 1
0 377 353 349 364 340 336 1
0 377 375 369 364 362 356 1
0 374 369 375 361 356 362 1
0 349 351 376 336 338 363 1
0 368 361 374 355 348 361 1
0 372 366 368 359 353 355 1
0 365 366 372 352 353 359 1
0 371 370 363 358 357 350 1
0 370 369 362 357 356 349 1
0 369 374 361 356 361 348 1
0 361 368 277 348 355 264 1
0 368 366 278 355 353 265 1
0 366 365 367 353 352 354 1
0 364 367 365 351 354 352 1
0 362 639 364 349 604 351 1
0 279 639 362 266 604 349 1
0 635 636 637 600 601 602 1
0 360 352 340 347 339 327 1
0 352 360 359 339 347 346 1
0 358 360 348 345 347 335 1
0 360 358 357 347 345 344 1
0 356 358 344 343 345 331 1
0 358 356 355 345 343 342 1
0 354 356 343 341 343 330 1
0 356 354 353 343 341 340 1
0 350 354 342 337 341 329 1
0 354 350 349 341 337 336 1
0 352 350 341 339 337 328 1
0 350 352 351 337 339 338 1
0 348 340 276 335 327 263 1
0 344 348 347 331 335 334 1
0 344 346 345 331 333 332 1
0 343 345 275 330 332 262 1
0 342 275 274 329 262 261 1
0 340 341 274 327 328 261 1
0 337 336 335 324 323 322 1
0 339 335 334 326 322 321 1
0 337 339 338 324 326 325 1
0 337 333 332 324 320 319 1
0 336 332 334 323 319 321 1
0 333 338 334 320 325 321 1
0 329 328 327 316 315 314 1
0 331 327 326 318 314 313 1
0 329 331 330 316 318 317 1
0 329 325 324 316 312 311 1
0 328 324 326 315 311 313 1
0 325 330 326 312 317 313 1
0 321 320 319 308 307 306 1
0 323 319 318 310 306 305 1
0 321 323 322 308 310 309 1
0 321 317 316 308 304 303 1
0 320 316 318 307 303 305 1
0 317 322 318 304 309 305 1
0 313 312 311 300 299 298 1
0 315 311 310 302 298 297 1
0 313 315 314 300 302 301 1
0 313 309 308 300 296 295 1
0 312 308 310 299 295 297 1
0 309 314 310 296 301 297 1
0 301 259 307 288 246 294 1
0 306 299 295 293 286 282 1
0 306 307 499 293 294 485 1
0 304 298 299 291 285 286 1
0 304 499 305 291 485 292 1
0 303 297 298 290 284 285 1
0 303 305 258 290 292 245 1
0 302 296 297 289 283 284 1
0 302 258 257 289 245 244 1
0 300 294 296 287 281 283 1
0 300 257 259 287 244 246 1
0 301 295 294 288 282 281 1
0 299 292 293 286 279 280 1
0 298 291 292 285 278 279 1
0 297 290 291 284 277 278 1
0 296 289 290 283 276 277 1
0 294 288 289 281 275 276 1
0 295 293 288 282 280 275 1
0 293 292 286 280 279 273 1
0 292 291 285 279 278 272 1
0 290 283 285 277 270 272 1
0 289 280 283 276 267 270 1
0 288 281 280 275 268 267 1
0 288 293 287 275 280 274 1
0 286 260 262 273 247 249 1
0 285 261 260 272 248 247 1
0 283 284 261 270 271 248 1
0 280 282 284 267 269 271 1
0 281 483 282 268 470 269 1
0 287 262 483 274 249 470 1
0 278 367 279 265 354 266 1
0 367 364 279 354 351 266 1
0 364 639 279 351 604 266 1
0 275 345 276 262 332 263 1
0 345 346 276 332 333 263 1
0 346 347 276 333 334 263 1
0 269 267 272 256 254 259 1
0 267 265 272 254 252 259 1
0 265 482 272 252 469 259 1
0 273 271 270 260 258 257 1
0 271 268 269 258 255 256 1
0 266 267 269 253 254 256 1
0 263 265 267 250 252 254 1
0 264 482 265 251 469 252 1
0 264 273 272 251 260 259 1
0 263 266 273 250 253 260 1
0 266 268 273 253 255 260 1
0 268 271 273 255 258 260 1
0 261 284 262 248 271 249 1
0 284 282 262 271 269 249 1
0 282 483 262 269 470 249 1
0 258 305 259 245 292 246 1
0 305 499 259 292 485 246 1
0 499 307 259 485 294 246 1
0 256 235 226 243 222 213 1
0 250 244 255 237 231 242 1
0 254 234 235 241 221 222 1
0 254 256 255 241 243 242 1
0 253 232 234 240 219 221 1
0 254 249 247 241 236 234 1
0 253 247 246 240 234 233 1
0 232 253 252 219 240 239 1
0 252 251 228 239 238 215 1
0 252 246 245 239 233 232 1
0 244 250 251 231 237 238 1
0 228 251 250 215 238 237 1
0 240 255 244 227 242 231 1
0 249 255 240 236 242 227 1
0 238 247 249 225 234 236 1
0 247 238 248 234 225 235 1
0 246 248 236 233 235 223 1
0 245 236 242 232 223 229 1
0 242 149 243 229 147 230 1
0 240 243 241 227 230 228 1
0 239 241 237 226 228 224 1
0 148 248 238 146 235 225 1
0 236 248 148 223 235 146 1
0 149 242 236 147 229 223 1
0 233 223 216 220 210 203 1
0 481 500 18 468 486 18 1
0 484 502 501 300 296 487 1
0 502 486 503 296 472 488 1
0 505 501 503 490 487 488 1
0 75 74 78 73 72 76 1
0 90 74 76 88 72 74 1
0 485 504 503 471 489 488 1
0 573 576 571 535 464 547 1
0 574 573 572 463 535 534 1
0 574 570 569 463 545 546 1
0 575 569 571 548 546 547 1
0 484 505 504 300 490 489 1
0 507 511 508 491 325 492 1
0 509 506 508 493 311 492 1
0 510 507 506 494 491 311 1
0 510 512 511 494 495 325 1
0 512 513 508 495 496 492 1
0 510 509 513 494 493 496 1
0 515 520 516 498 503 499 1
0 518 514 516 501 497 499 1
0 519 515 514 502 498 497 1
0 519 521 520 502 504 503 1
0 521 517 516 504 500 499 1
0 519 518 517 502 501 500 1
0 523 528 524 505 510 506 1
0 526 522 524 508 319 506 1
0 527 523 522 509 505 319 1
0 527 529 528 509 511 510 1
0 529 525 524 511 507 506 1
0 527 526 525 509 508 507 1
0 531 536 532 513 518 514 1
0 534 530 532 516 512 514 1
0 535 531 530 517 513 512 1
0 535 537 536 517 519 518 1
0 537 533 532 519 515 514 1
0 535 534 533 517 516 515 1
0 539 541 540 521 523 522 1
0 491 538 540 477 520 522 1
0 490 539 538 476 521 520 1
0 490 542 541 476 524 523 1
0 542 492 540 524 478 522 1
0 109 64 71 107 62 69 1
0 570 572 571 545 534 547 1
0 497 543 489 483 525 475 1
0 224 226 235 211 213 222 1
0 231 222 223 218 209 210 1
0 233 235 234 220 222 221 1
0 229 221 222 216 208 209 1
0 231 234 232 218 221 219 1
0 227 219 221 214 206 208 1
0 229 232 230 216 219 217 1
0 225 215 219 212 202 206 1
0 227 230 228 214 217 215 1
0 224 216 215 211 203 202 1
0 225 228 226 212 215 213 1
0 223 144 146 210 142 144 1
0 222 145 144 209 143 142 1
0 222 221 220 209 208 207 1
0 221 219 218 208 206 205 1
0 219 215 217 206 202 204 1
0 496 487 543 482 473 525 1
0 496 544 488 482 526 474 1
0 544 498 489 526 484 475 1
0 63 66 64 61 64 62 1
0 66 63 41 64 61 39 1
0 547 545 495 529 527 481 1
0 216 146 217 203 144 204 1
0 212 213 214 198 201 188 1
0 213 207 209 201 199 200 1
0 212 208 207 198 197 199 1
0 212 211 210 198 185 184 1
0 574 575 576 463 548 464 1
0 578 583 579 513 553 550 1
0 581 577 579 552 549 550 1
0 582 578 577 517 513 549 1
0 582 584 583 517 554 553 1
0 584 580 579 554 551 550 1
0 582 581 580 517 552 551 1
0 586 591 587 556 480 557 1
0 211 214 209 185 188 200 1
0 208 210 209 197 184 200 1
0 204 205 206 198 187 188 1
0 205 199 201 187 181 183 1
0 204 200 199 198 197 181 1
0 548 493 545 530 479 527 1
0 548 549 494 530 531 480 1
0 549 546 495 531 528 481 1
0 548 547 546 530 529 528 1
0 551 553 552 532 534 533 1
0 554 557 552 535 464 533 1
0 555 554 553 536 535 534 1
0 555 551 550 536 532 461 1
0 556 550 552 460 461 533 1
0 555 556 557 536 460 464 1
0 559 561 560 538 540 539 1
0 562 565 560 541 544 539 1
0 563 562 561 542 541 540 1
0 563 559 558 542 538 537 1
0 564 558 560 543 537 539 1
0 563 564 565 542 543 544 1
0 566 567 475 545 534 462 1
0 568 477 475 535 464 462 1
0 476 568 567 463 535 534 1
0 472 49 46 459 47 44 1
0 58 55 57 56 53 55 1
0 476 566 474 463 545 461 1
0 589 585 587 559 555 557 1
0 590 586 585 560 556 555 1
0 472 46 54 459 44 52 1
0 67 57 71 65 55 69 1
0 590 589 588 560 559 558 1
0 590 592 591 560 531 480 1
0 592 588 587 531 558 557 1
0 92 90 91 90 88 89 1
0 76 73 89 74 71 87 1
0 595 593 480 563 561 467 1
0 204 203 202 198 185 184 1
0 203 206 201 185 188 183 1
0 200 202 201 197 184 183 1
0 196 197 198 194 195 196 1
0 197 191 193 195 189 191 1
0 196 192 191 194 190 189 1
0 196 195 194 194 193 192 1
0 195 198 193 193 196 191 1
0 596 478 593 564 465 561 1
0 87 82 84 85 80 82 1
0 80 79 83 78 77 81 1
0 91 96 97 89 94 95 1
0 513 509 508 496 493 492 1
0 162 163 155 160 161 153 1
0 161 162 153 159 160 151 1
0 173 171 174 171 169 172 1
0 192 194 193 190 192 191 1
0 188 189 190 186 187 188 1
0 189 183 185 187 181 183 1
0 188 184 183 186 182 181 1
0 188 187 186 186 185 184 1
0 187 190 185 185 188 183 1
0 184 186 185 182 184 183 1
0 171 182 181 169 180 179 1
0 182 171 165 180 169 163 1
0 182 180 179 180 178 177 1
0 180 182 170 178 180 168 1
0 180 178 177 178 176 175 1
0 178 180 169 176 178 167 1
0 178 176 175 176 174 173 1
0 176 178 168 174 176 166 1
0 176 173 172 174 171 170 1
0 177 175 174 175 173 172 1
0 179 177 174 177 175 172 1
0 154 156 131 152 154 129 1
0 152 154 131 150 152 129 1
0 130 152 131 128 150 129 1
0 139 135 134 137 133 132 1
0 141 139 134 139 137 132 1
0 133 141 134 131 139 132 1
0 135 137 136 133 135 134 1
0 135 139 138 133 137 136 1
0 139 141 140 137 139 138 1
0 141 133 142 139 131 140 1
0 132 143 142 130 141 140 1
0 134 136 143 132 134 141 1
0 142 143 136 140 141 134 1
0 140 142 136 138 140 134 1
0 138 140 136 136 138 134 1
0 218 217 146 205 204 144 1
0 220 218 146 207 205 144 1
0 145 220 146 143 207 144 1
0 241 243 149 228 230 147 1
0 237 241 149 224 228 147 1
0 148 237 149 146 224 147 1
0 150 160 129 148 158 127 1
0 160 151 130 158 149 128 1
0 151 153 152 149 151 150 1
0 153 155 154 151 153 152 1
0 155 157 156 153 155 154 1
0 157 150 131 155 148 129 1
0 173 176 167 171 174 165 1
0 159 160 150 157 158 148 1
0 165 166 159 163 164 157 1
0 159 161 151 157 159 149 1
0 158 150 157 156 148 155 1
0 164 157 155 162 155 153 1
0 166 167 161 164 165 159 1
0 167 168 162 165 166 160 1
0 168 169 163 166 167 161 1
0 169 170 164 167 168 162 1
0 175 172 174 173 170 172 1
0 170 165 158 168 163 156 1
0 171 173 166 169 171 164 1
0 640 641 642 605 606 607 1
0 643 644 642 608 609 607 1
0 645 646 647 610 611 610 1
0 648 649 641 612 613 606 1
0 648 643 650 612 608 614 1
0 649 650 642 613 614 607 1
0 651 652 653 615 616 617 1
0 652 654 655 616 618 619 1
0 651 656 654 615 620 618 1
0 651 657 658 615 621 622 1
0 659 647 660 610 610 623 1
0 648 640 644 612 605 609 1
0 657 653 655 621 617 619 1
0 661 662 663 624 625 626 1
0 664 665 666 627 628 629 1
0 666 667 668 629 630 631 1
0 668 669 670 631 632 633 1
0 671 660 670 634 623 633 1
0 660 672 673 623 635 636 1
0 672 646 674 635 611 637 1
0 675 676 669 610 610 632 1
0 676 677 671 610 610 634 1
0 659 660 671 610 623 634 1
0 647 672 660 610 635 623 1
0 646 672 647 611 635 610 1
0 678 679 680 638 639 640 1
0 678 665 664 638 628 627 1
0 665 667 666 628 630 629 1
0 680 679 681 640 639 641 1
0 682 679 683 642 639 643 1
0 683 664 684 643 627 644 1
0 684 666 685 644 629 645 1
0 685 668 686 645 631 646 1
0 656 658 655 620 622 619 1
0 687 688 663 647 648 626 1
0 665 689 675 628 610 610 1
0 678 646 645 638 611 610 1
0 690 661 691 649 624 650 1
0 691 663 692 650 626 651 1
0 688 693 692 648 652 651 1
0 694 695 693 653 654 652 1
0 694 691 696 653 650 655 1
0 697 696 692 656 655 651 1
0 698 699 692 657 658 651 1
0 700 698 693 659 657 652 1
0 700 695 696 659 654 655 1
0 701 697 699 660 656 658 1
0 702 703 699 661 662 658 1
0 704 702 698 663 661 657 1
0 704 700 697 663 659 656 1
0 705 706 701 664 665 660 1
0 707 705 703 666 664 662 1
0 707 702 704 666 661 663 1
0 708 704 701 667 663 660 1
0 709 710 706 668 669 665 1
0 711 709 705 670 668 664 1
0 711 707 708 670 666 667 1
0 712 708 706 671 667 665 1
0 709 713 714 668 672 673 1
0 711 715 713 670 674 672 1
0 711 712 716 670 671 675 1
0 712 710 714 671 669 673 1
0 714 713 662 673 672 625 1
0 715 687 662 674 647 625 1
0 716 690 687 675 649 647 1
0 716 714 661 675 673 624 1
0 646 678 680 611 638 640 1
0 679 678 664 639 638 627 1
0 678 717 689 638 610 610 1
0 667 669 668 630 632 631 1
0 669 671 670 632 634 633 1
0 660 673 670 623 636 633 1
0 672 674 673 635 637 636 1
0 646 680 674 611 640 637 1
0 679 682 681 639 642 641 1
0 679 664 683 639 627 643 1
0 664 666 684 627 629 644 1
0 666 668 685 629 631 645 1
0 668 670 686 631 633 646 1
0 673 718 686 636 676 646 1
0 674 719 718 637 677 676 1
0 680 681 719 640 641 677 1
0 677 659 671 610 610 634 1
0 669 676 671 632 610 634 1
0 667 675 669 630 610 632 1
0 667 665 675 630 628 610 1
0 665 678 689 628 638 610 1
0 717 678 645 610 638 610 1
0 690 716 661 649 675 624 1
0 715 716 687 674 675 647 1
0 713 715 662 672 674 625 1
0 661 714 662 624 673 625 1
0 716 712 714 675 671 673 1
0 715 711 716 674 670 675 1
0 709 711 713 668 670 672 1
0 710 709 714 669 668 673 1
0 710 712 706 669 671 665 1
0 712 711 708 671 670 667 1
0 707 711 705 666 670 664 1
0 705 709 706 664 668 665 1
0 706 708 701 665 667 660 1
0 708 707 704 667 666 663 1
0 702 707 703 661 666 662 1
0 703 705 701 662 664 660 1
0 701 704 697 660 663 656 1
0 700 704 698 659 663 657 1
0 698 702 699 657 661 658 1
0 703 701 699 662 660 658 1
0 697 700 696 656 659 655 1
0 695 700 693 654 659 652 1
0 693 698 692 652 657 651 1
0 699 697 692 658 656 651 1
0 695 694 696 654 653 655 1
0 688 694 693 648 653 652 1
0 663 688 692 626 648 651 1
0 696 691 692 655 650 651 1
0 694 690 691 653 649 650 1
0 687 690 688 647 649 648 1
0 662 687 663 625 647 626 1
0 691 661 663 650 624 626 1
0 654 656 655 618 620 619 1
0 658 657 655 622 621 619 1
0 656 651 658 620 615 622 1
0 652 651 654 616 615 618 1
0 653 652 655 617 616 619 1
0 657 651 653 621 615 617 1
0 641 649 642 606 613 607 1
0 650 643 642 614 608 607 1
0 649 648 650 613 612 614 1
0 640 648 641 605 612 606 1
0 644 640 642 609 605 607 1
0 643 648 644 608 612 609 1
0 690 694 688 649 653 648 1
0 674 680 719 637 640 677 1
0 673 674 718 636 637 676 1
0 670 673 686 633 636 646 1
"Frame_SCE9" 0 8
192
0 -10.067699 19.361000 0.117424 1.000000 0.000000 -1
0 -10.171000 19.257700 0.207125 0.988887 0.011113 -1
0 -10.067699 10.067699 0.117424 1.000000 1.000000 -1
0 -19.257700 10.171000 0.207125 0.011113 0.988887 -1
0 -19.257700 19.257700 0.207125 0.011113 0.011113 -1
0 -19.361000 10.067699 0.117424 0.000000 1.000000 -1
0 -10.171000 10.171000 0.207125 0.988887 0.988887 -1
0 -19.361000 19.361000 0.117424 0.000000 0.000000 -1
0 -19.361000 10.067699 -0.196875 0.000000 1.000000 -1
0 -19.361000 19.361000 -0.196875 0.000000 0.000000 -1
0 -10.067699 19.361000 -0.196875 1.000000 0.000000 -1
0 -10.067699 10.067699 -0.196875 1.000000 1.000000 -1
0 -9.448199 -9.448199 0.207125 0.011113 0.988887 -1
0 -9.551400 -9.551400 0.117424 0.000000 1.000000 -1
0 -0.258200 -9.551400 0.117424 1.000000 1.000000 -1
0 -0.258200 -0.258200 0.117424 1.000000 0.000000 -1
0 -0.258200 -9.551400 -0.196875 1.000000 1.000000 -1
0 -9.551400 -9.551400 -0.196875 0.000000 1.000000 -1
0 -0.258200 -0.258200 -0.196875 1.000000 0.000000 -1
0 -9.551400 -0.258200 -0.196875 0.000000 0.000000 -1
0 -9.551400 -0.258200 0.117424 0.000000 0.000000 -1
0 -0.361400 -0.361400 0.207125 0.988892 0.011108 -1
0 -9.448199 -0.361400 0.207125 0.011113 0.011108 -1
0 -0.361400 -9.448199 0.207125 0.988892 0.988887 -1
0 9.448199 -9.448199 0.207125 0.988887 0.988887 -1
0 0.361400 -9.448199 0.207125 0.011108 0.988887 -1
0 9.551400 -9.551400 0.117424 1.000000 1.000000 -1
0 9.448199 -0.361400 0.207125 0.988887 0.011108 -1
0 0.361400 -0.361400 0.207125 0.011108 0.011108 -1
0 0.258200 -9.551400 0.117424 0.000000 1.000000 -1
0 9.551400 -0.258200 0.117424 1.000000 0.000000 -1
0 0.258200 -0.258200 0.117424 0.000000 0.000000 -1
0 9.551400 -0.258200 -0.196875 1.000000 0.000000 -1
0 9.551400 -9.551400 -0.196875 1.000000 1.000000 -1
0 0.258200 -9.551400 -0.196875 0.000000 1.000000 -1
0 0.258200 -0.258200 -0.196875 0.000000 0.000000 -1
0 10.171000 -9.448199 0.207125 0.011113 0.988887 -1
0 10.067699 -9.551400 0.117424 0.000000 1.000000 -1
0 19.361000 -9.551400 0.117424 1.000000 1.000000 -1
0 19.361000 -0.258200 0.117424 1.000000 0.000000 -1
0 19.257700 -0.361400 0.207125 0.988887 0.011108 -1
0 10.171000 -0.361400 0.207125 0.011113 0.011108 -1
0 10.067699 -0.258200 0.117424 0.000000 0.000000 -1
0 19.257700 -9.448199 0.207125 0.988887 0.988887 -1
0 10.067699 -0.258200 -0.196875 0.000000 0.000000 -1
0 10.067699 -9.551400 -0.196875 0.000000 1.000000 -1
0 19.361000 -0.258200 -0.196875 1.000000 0.000000 -1
0 19.361000 -9.551400 -0.196875 1.000000 1.000000 -1
0 -10.067699 -10.067699 -0.196875 1.000000 0.000000 -1
0 -10.067699 -19.361000 -0.196875 1.000000 1.000000 -1
0 -19.361000 -19.361000 -0.196875 0.000000 1.000000 -1
0 -10.067699 -10.067699 0.117424 1.000000 0.000000 -1
0 -10.171000 -10.171000 0.207125 0.988887 0.011113 -1
0 -10.067699 -19.361000 0.117424 1.000000 1.000000 -1
0 -19.257700 -10.171000 0.207125 0.011113 0.011113 -1
0 -19.361000 -10.067699 0.117424 0.000000 0.000000 -1
0 -19.257700 -19.257700 0.207125 0.011113 0.988887 -1
0 -19.361000 -19.361000 0.117424 0.000000 1.000000 -1
0 -10.171000 -19.257700 0.207125 0.988887 0.988887 -1
0 -19.361000 -10.067699 -0.196875 0.000000 0.000000 -1
0 -9.551400 -19.361000 0.117424 0.000000 1.000000 -1
0 -9.551400 -10.067699 0.117424 0.000000 0.000000 -1
0 -9.551400 -19.361000 -0.196875 0.000000 1.000000 -1
0 -9.448199 -19.257700 0.207125 0.011113 0.988887 -1
0 -9.448199 -10.171000 0.207125 0.011113 0.011113 -1
0 -0.361400 -19.257700 0.207125 0.988892 0.988887 -1
0 -0.258200 -19.361000 0.117424 1.000000 1.000000 -1
0 -0.361400 -10.171000 0.207125 0.988892 0.011113 -1
0 -0.258200 -19.361000 -0.196875 1.000000 1.000000 -1
0 -0.258200 -10.067699 0.117424 1.000000 0.000000 -1
0 -9.551400 -10.067699 -0.196875 0.000000 0.000000 -1
0 -0.258200 -10.067699 -0.196875 1.000000 0.000000 -1
0 0.258200 -10.067699 0.117424 0.000000 0.000000 -1
0 0.258200 -10.067699 -0.196875 0.000000 0.000000 -1
0 0.258200 -19.361000 -0.196875 0.000000 1.000000 -1
0 0.361400 -10.171000 0.207125 0.011108 0.011113 -1
0 9.448199 -10.171000 0.207125 0.988887 0.011113 -1
0 9.551400 -19.361000 0.117424 1.000000 1.000000 -1
0 0.258200 -19.361000 0.117424 0.000000 1.000000 -1
0 9.551400 -10.067699 0.117424 1.000000 0.000000 -1
0 9.551400 -19.361000 -0.196875 1.000000 1.000000 -1
0 9.551400 -10.067699 -0.196875 1.000000 0.000000 -1
0 9.448199 -19.257700 0.207125 0.988887 0.988887 -1
0 0.361400 -19.257700 0.207125 0.011108 0.988887 -1
0 19.361000 -10.067699 0.117424 1.000000 0.000000 -1
0 19.361000 -19.361000 0.117424 1.000000 1.000000 -1
0 19.361000 -19.361000 -0.196875 1.000000 1.000000 -1
0 19.257700 -10.171000 0.207125 0.988887 0.011113 -1
0 10.171000 -10.171000 0.207125 0.011113 0.011113 -1
0 10.171000 -19.257700 0.207125 0.011113 0.988887 -1
0 10.067699 -19.361000 0.117424 0.000000 1.000000 -1
0 10.067699 -10.067699 0.117424 0.000000 0.000000 -1
0 10.067699 -19.361000 -0.196875 0.000000 1.000000 -1
0 19.361000 -10.067699 -0.196875 1.000000 0.000000 -1
0 10.067699 -10.067699 -0.196875 0.000000 0.000000 -1
0 19.257700 -19.257700 0.207125 0.988887 0.988887 -1
0 -9.448199 10.171000 0.207125 0.011113 0.988887 -1
0 -9.448199 19.257700 0.207125 0.011113 0.011113 -1
0 -9.551400 10.067699 0.117424 0.000000 1.000000 -1
0 -0.258200 19.361000 -0.196875 1.000000 0.000000 -1
0 -0.258200 10.067699 -0.196875 1.000000 1.000000 -1
0 -9.551400 10.067699 -0.196875 0.000000 1.000000 -1
0 -0.361400 10.171000 0.207125 0.988892 0.988887 -1
0 -0.258200 10.067699 0.117424 1.000000 1.000000 -1
0 -0.361400 19.257700 0.207125 0.988892 0.011113 -1
0 -9.551400 19.361000 0.117424 0.000000 0.000000 -1
0 -0.258200 19.361000 0.117424 1.000000 0.000000 -1
0 -9.551400 19.361000 -0.196875 0.000000 0.000000 -1
0 9.448199 19.257700 0.207125 0.988887 0.011113 -1
0 9.448199 10.171000 0.207125 0.988887 0.988887 -1
0 9.551400 10.067699 0.117424 1.000000 1.000000 -1
0 0.258200 19.361000 0.117424 0.000000 0.000000 -1
0 0.258200 19.361000 -0.196875 0.000000 0.000000 -1
0 0.258200 10.067699 -0.196875 0.000000 1.000000 -1
0 0.361400 19.257700 0.207125 0.011108 0.011113 -1
0 0.258200 10.067699 0.117424 0.000000 1.000000 -1
0 9.551400 19.361000 0.117424 1.000000 0.000000 -1
0 0.361400 10.171000 0.207125 0.011108 0.988887 -1
0 9.551400 19.361000 -0.196875 1.000000 0.000000 -1
0 9.551400 10.067699 -0.196875 1.000000 1.000000 -1
0 19.257700 10.171000 0.207125 0.988887 0.988887 -1
0 10.171000 10.171000 0.207125 0.011113 0.988887 -1
0 19.361000 10.067699 0.117424 1.000000 1.000000 -1
0 19.257700 19.257700 0.207125 0.988887 0.011113 -1
0 19.361000 19.361000 0.117424 1.000000 0.000000 -1
0 10.067699 19.361000 0.117424 0.000000 0.000000 -1
0 10.171000 19.257700 0.207125 0.011113 0.011113 -1
0 10.067699 10.067699 0.117424 0.000000 1.000000 -1
0 10.067699 19.361000 -0.196875 0.000000 0.000000 -1
0 10.067699 10.067699 -0.196875 0.000000 1.000000 -1
0 19.361000 19.361000 -0.196875 1.000000 0.000000 -1
0 19.361000 10.067699 -0.196875 1.000000 1.000000 -1
0 -10.067699 0.258200 -0.196875 1.000000 1.000000 -1
0 -10.067699 0.258200 0.117424 1.000000 1.000000 -1
0 -19.361000 0.258200 -0.196875 0.000000 1.000000 -1
0 -10.067699 9.551400 -0.196875 1.000000 0.000000 -1
0 -10.067699 9.551400 0.117424 1.000000 0.000000 -1
0 -19.361000 9.551400 0.117424 0.000000 0.000000 -1
0 -19.361000 9.551400 -0.196875 0.000000 0.000000 -1
0 -10.171000 9.448199 0.207125 0.988887 0.011113 -1
0 -10.171000 0.361400 0.207125 0.988887 0.988892 -1
0 -19.257700 0.361400 0.207125 0.011113 0.988892 -1
0 -19.257700 9.448199 0.207125 0.011113 0.011113 -1
0 -19.361000 0.258200 0.117424 0.000000 1.000000 -1
0 -0.361400 9.448199 0.207125 0.988892 0.011113 -1
0 -0.258200 9.551400 0.117424 1.000000 0.000000 -1
0 -9.551400 9.551400 0.117424 0.000000 0.000000 -1
0 -9.551400 0.258200 0.117424 0.000000 1.000000 -1
0 -9.551400 0.258200 -0.196875 0.000000 1.000000 -1
0 -9.551400 9.551400 -0.196875 0.000000 0.000000 -1
0 -0.258200 9.551400 -0.196875 1.000000 0.000000 -1
0 -0.258200 0.258200 -0.196875 1.000000 1.000000 -1
0 -0.258200 0.258200 0.117424 1.000000 1.000000 -1
0 -9.448199 9.448199 0.207125 0.011113 0.011113 -1
0 -9.448199 0.361400 0.207125 0.011113 0.988892 -1
0 -0.361400 0.361400 0.207125 0.988892 0.988892 -1
0 9.448199 9.448199 0.207125 0.988887 0.011113 -1
0 9.448199 0.361400 0.207125 0.988887 0.988892 -1
0 9.551400 0.258200 0.117424 1.000000 1.000000 -1
0 0.361400 0.361400 0.207125 0.011108 0.988892 -1
0 0.258200 0.258200 0.117424 0.000000 1.000000 -1
0 9.551400 9.551400 0.117424 1.000000 0.000000 -1
0 9.551400 9.551400 -0.196875 1.000000 0.000000 -1
0 0.258200 9.551400 -0.196875 0.000000 0.000000 -1
0 9.551400 0.258200 -0.196875 1.000000 1.000000 -1
0 0.258200 0.258200 -0.196875 0.000000 1.000000 -1
0 0.361400 9.448199 0.207125 0.011108 0.011113 -1
0 0.258200 9.551400 0.117424 0.000000 0.000000 -1
0 10.067699 0.258200 0.117424 0.000000 1.000000 -1
0 10.067699 9.551400 0.117424 0.000000 0.000000 -1
0 10.067699 0.258200 -0.196875 0.000000 1.000000 -1
0 10.171000 0.361400 0.207125 0.011113 0.988892 -1
0 10.171000 9.448199 0.207125 0.011113 0.011113 -1
0 19.257700 9.448199 0.207125 0.988887 0.011113 -1
0 19.361000 0.258200 -0.196875 1.000000 1.000000 -1
0 19.361000 0.258200 0.117424 1.000000 1.000000 -1
0 19.361000 9.551400 0.117424 1.000000 0.000000 -1
0 19.257700 0.361400 0.207125 0.988887 0.988892 -1
0 10.067699 9.551400 -0.196875 0.000000 0.000000 -1
0 19.361000 9.551400 -0.196875 1.000000 0.000000 -1
0 -10.067699 -9.551400 -0.196875 1.000000 1.000000 -1
0 -10.067699 -9.551400 0.117424 1.000000 1.000000 -1
0 -19.361000 -9.551400 -0.196875 0.000000 1.000000 -1
0 -10.171000 -9.448199 0.207125 0.988887 0.988887 -1
0 -10.171000 -0.361400 0.207125 0.988887 0.011108 -1
0 -19.257700 -9.448199 0.207125 0.011113 0.988887 -1
0 -19.361000 -9.551400 0.117424 0.000000 1.000000 -1
0 -19.361000 -0.258200 0.117424 0.000000 0.000000 -1
0 -10.067699 -0.258200 0.117424 1.000000 0.000000 -1
0 -19.257700 -0.361400 0.207125 0.011113 0.011108 -1
0 -19.361000 -0.258200 -0.196875 0.000000 0.000000 -1
0 -10.067699 -0.258200 -0.196875 1.000000 0.000000 -1
80
0.656058 0.656058 0.373062
0.245023 0.245023 0.938045
0.458349 -0.656656 0.598932
-0.145375 -0.290750 0.945691
-0.366369 0.183185 0.912259
-0.635822 -0.455456 0.623129
0.245023 -0.245023 0.938045
-0.634358 0.552105 0.541083
-0.577350 -0.577350 -0.577350
-0.408248 0.816497 -0.408248
0.408248 0.408248 -0.816497
0.816497 -0.408248 -0.408248
-0.145475 -0.290949 0.945614
-0.636013 -0.455551 0.622865
0.458488 -0.656791 0.598677
0.656109 0.656109 0.372884
-0.634426 0.552262 0.540843
0.245196 0.245196 0.937954
-0.366624 0.183313 0.912131
0.245196 -0.245195 0.937954
0.245195 -0.245195 0.937955
-0.145475 -0.290949 0.945614
0.458486 -0.656791 0.598678
0.245195 0.245196 0.937954
-0.366626 0.183313 0.912130
-0.636015 -0.455550 0.622864
0.656108 0.656109 0.372885
-0.634426 0.552262 0.540842
-0.145387 -0.290934 0.945632
-0.635827 -0.455559 0.623049
0.458340 -0.656785 0.598797
0.656039 0.656128 0.372973
0.245042 0.245177 0.937999
-0.366392 0.183297 0.912228
-0.634349 0.552270 0.540925
0.245042 -0.245176 0.938000
-0.366369 0.183185 0.912259
-0.636007 -0.455448 0.622946
-0.634435 0.552097 0.541001
-0.145462 -0.290765 0.945672
-0.366601 0.183200 0.912163
0.245177 -0.245042 0.937999
0.458497 -0.656661 0.598813
0.245177 0.245042 0.937999
0.656128 0.656039 0.372973
-0.634435 0.552097 0.541000
-0.366603 0.183200 0.912162
0.245176 0.245042 0.938000
0.458495 -0.656661 0.598814
-0.636009 -0.455448 0.622944
0.656128 0.656039 0.372974
0.245176 -0.245042 0.938000
-0.145463 -0.290766 0.945672
0.245177 -0.245042 0.937999
-0.636009 -0.455448 0.622944
0.458340 -0.656786 0.598796
0.656039 0.656128 0.372974
-0.634349 0.552268 0.540926
0.245042 0.245176 0.938000
0.245042 -0.245177 0.937999
-0.145387 -0.290935 0.945632
-0.366392 0.183296 0.912228
-0.635827 -0.455560 0.623048
0.245196 0.245195 0.937954
0.656109 0.656108 0.372885
-0.634426 0.552260 0.540844
-0.636013 -0.455551 0.622865
0.458488 -0.656792 0.598676
-0.366624 0.183312 0.912132
-0.145475 -0.290951 0.945613
0.245196 -0.245196 0.937954
0.245195 0.245195 0.937955
0.245195 -0.245196 0.937954
0.458486 -0.656792 0.598677
-0.145475 -0.290951 0.945613
-0.636015 -0.455551 0.622863
0.656108 0.656108 0.372886
-0.366626 0.183312 0.912131
-0.634426 0.552260 0.540844
-0.366392 0.183297 0.912228
320
0 0 1 2 0 1 2 1
0 3 4 5 3 4 5 1
0 6 3 2 6 3 2 1
0 4 1 7 4 1 7 1
0 2 5 8 2 5 8 1
0 9 10 8 9 10 8 1
0 11 2 8 11 2 8 1
0 10 0 11 10 0 11 1
0 0 10 9 0 10 9 1
0 0 2 11 0 2 11 1
0 5 7 8 5 7 8 1
0 6 1 3 6 1 3 1
0 7 0 9 7 0 9 1
0 1 6 2 1 6 2 1
0 1 0 7 1 0 7 1
0 1 4 3 1 4 3 1
0 10 11 8 10 11 8 1
0 4 7 5 4 7 5 1
0 7 9 8 7 9 8 1
0 3 5 2 3 5 2 1
0 12 13 14 12 13 14 1
0 15 14 16 15 14 11 1
0 14 13 17 14 13 8 1
0 15 18 19 15 10 9 1
0 20 19 17 16 9 8 1
0 21 22 12 17 18 12 1
0 22 20 13 18 16 13 1
0 18 16 17 10 11 8 1
0 19 18 17 9 10 8 1
0 18 15 16 10 15 11 1
0 21 15 20 17 15 16 1
0 21 23 14 17 19 14 1
0 16 14 17 11 14 8 1
0 20 15 19 16 15 9 1
0 13 20 17 13 16 8 1
0 23 21 12 19 17 12 1
0 23 12 14 19 12 14 1
0 12 22 13 12 18 13 1
0 22 21 20 18 17 16 1
0 15 21 14 15 17 14 1
0 24 25 26 20 21 22 1
0 24 27 25 20 23 21 1
0 25 28 29 21 24 25 1
0 30 27 26 26 23 22 1
0 28 27 31 24 23 27 1
0 32 30 33 10 26 11 1
0 33 26 34 11 22 8 1
0 35 32 34 9 10 8 1
0 30 26 33 26 22 11 1
0 26 29 34 22 25 8 1
0 32 33 34 10 11 8 1
0 30 32 35 26 10 9 1
0 31 35 34 27 9 8 1
0 29 31 34 25 27 8 1
0 31 30 35 27 26 9 1
0 25 29 26 21 25 22 1
0 27 28 25 23 24 21 1
0 28 31 29 24 27 25 1
0 27 30 31 23 26 27 1
0 27 24 26 23 20 22 1
0 36 37 38 28 29 30 1
0 39 40 38 31 32 30 1
0 41 40 42 33 32 34 1
0 40 39 42 32 31 34 1
0 40 43 38 32 35 30 1
0 40 41 36 32 33 28 1
0 42 44 45 34 9 8 1
0 39 46 44 31 10 9 1
0 41 42 37 33 34 29 1
0 43 36 38 35 28 30 1
0 38 37 45 30 29 8 1
0 46 47 45 10 11 8 1
0 39 38 47 31 30 11 1
0 36 41 37 28 33 29 1
0 44 46 45 9 10 8 1
0 43 40 36 35 32 28 1
0 37 42 45 29 34 8 1
0 42 39 44 34 31 9 1
0 46 39 47 10 31 11 1
0 47 38 45 11 30 8 1
0 48 49 50 10 11 8 1
0 51 52 53 0 1 2 1
0 54 52 55 36 1 7 1
0 56 54 57 3 36 5 1
0 58 56 53 6 3 2 1
0 58 52 56 6 1 3 1
0 57 55 50 5 7 8 1
0 55 51 59 7 0 9 1
0 48 51 49 10 0 11 1
0 49 53 50 11 2 8 1
0 59 48 50 9 10 8 1
0 54 55 57 36 7 5 1
0 56 57 53 3 5 2 1
0 52 58 53 1 6 2 1
0 55 59 50 7 9 8 1
0 51 48 59 0 10 9 1
0 53 57 50 2 5 8 1
0 52 51 55 1 0 7 1
0 52 54 56 1 36 3 1
0 51 53 49 0 2 11 1
0 60 61 62 37 38 8 1
0 63 64 60 39 40 37 1
0 65 63 66 41 39 42 1
0 65 67 63 41 43 39 1
0 68 66 62 11 42 8 1
0 61 69 70 38 44 9 1
0 71 69 68 10 44 11 1
0 64 67 61 40 43 38 1
0 66 60 62 42 37 8 1
0 67 65 66 43 41 42 1
0 69 67 66 44 43 42 1
0 71 68 62 10 11 8 1
0 70 71 62 9 10 8 1
0 69 66 68 44 42 11 1
0 69 71 70 44 10 9 1
0 61 70 62 38 9 8 1
0 67 64 63 43 40 39 1
0 63 60 66 39 37 42 1
0 64 61 60 40 38 37 1
0 67 69 61 43 44 38 1
0 72 73 74 45 9 8 1
0 75 76 72 46 47 45 1
0 77 78 74 48 49 8 1
0 79 77 80 50 48 11 1
0 79 81 73 50 10 9 1
0 82 83 77 51 52 48 1
0 76 75 83 47 46 52 1
0 83 78 77 52 49 48 1
0 75 72 78 46 45 49 1
0 76 79 72 47 50 45 1
0 76 82 77 47 51 48 1
0 81 80 74 10 11 8 1
0 79 76 77 50 47 48 1
0 82 76 83 51 47 52 1
0 78 72 74 49 45 8 1
0 72 79 73 45 50 9 1
0 81 79 80 10 50 11 1
0 80 77 74 11 48 8 1
0 73 81 74 9 10 8 1
0 83 75 78 52 46 49 1
0 84 85 86 0 2 11 1
0 87 88 89 1 4 3 1
0 90 91 92 5 7 8 1
0 87 84 91 1 0 7 1
0 84 87 85 0 1 2 1
0 88 87 91 4 1 7 1
0 84 93 94 0 10 9 1
0 85 90 92 2 5 8 1
0 89 88 90 3 4 5 1
0 93 86 92 10 11 8 1
0 89 90 85 3 5 2 1
0 91 94 92 7 9 8 1
0 95 87 89 6 1 3 1
0 91 84 94 7 0 9 1
0 93 84 86 10 0 11 1
0 95 89 85 6 3 2 1
0 88 91 90 4 7 5 1
0 94 93 92 9 10 8 1
0 87 95 85 1 6 2 1
0 86 85 92 11 2 8 1
0 96 97 98 39 40 37 1
0 99 100 101 10 11 8 1
0 102 96 103 53 39 42 1
0 104 97 96 43 40 39 1
0 96 98 103 39 37 42 1
0 97 104 105 40 43 38 1
0 98 105 101 37 38 8 1
0 104 106 105 43 44 38 1
0 104 102 103 43 53 42 1
0 102 104 96 53 43 39 1
0 106 104 103 44 43 42 1
0 100 103 101 11 42 8 1
0 105 106 107 38 44 9 1
0 99 106 100 10 44 11 1
0 106 99 107 44 10 9 1
0 107 99 101 9 10 8 1
0 105 107 101 38 9 8 1
0 103 98 101 42 37 8 1
0 106 103 100 44 42 11 1
0 97 105 98 40 38 37 1
0 108 109 110 47 51 48 1
0 111 112 113 45 9 8 1
0 114 111 115 46 45 54 1
0 108 116 111 47 50 45 1
0 108 114 117 47 46 52 1
0 116 118 112 50 10 9 1
0 116 110 119 50 48 11 1
0 110 115 113 48 54 8 1
0 118 119 113 10 11 8 1
0 117 115 110 52 54 48 1
0 109 108 117 51 47 52 1
0 118 116 119 10 50 11 1
0 111 116 112 45 50 9 1
0 116 108 110 50 47 48 1
0 112 118 113 9 10 8 1
0 119 110 113 11 48 8 1
0 117 114 115 52 46 54 1
0 114 108 111 46 47 45 1
0 115 111 113 54 45 8 1
0 109 117 110 51 52 48 1
0 120 121 122 6 3 2 1
0 123 120 122 1 6 2 1
0 123 124 125 1 0 7 1
0 126 125 127 4 7 5 1
0 123 126 121 1 4 3 1
0 125 128 129 7 9 8 1
0 124 130 128 0 10 9 1
0 124 122 131 0 2 11 1
0 122 127 129 2 5 8 1
0 130 131 129 10 11 8 1
0 121 127 122 3 5 2 1
0 121 126 127 3 4 5 1
0 126 123 125 4 1 7 1
0 124 123 122 0 1 2 1
0 120 123 121 6 1 3 1
0 127 125 129 5 7 8 1
0 125 124 128 7 0 9 1
0 130 124 131 10 0 11 1
0 131 122 129 11 2 8 1
0 128 130 129 9 10 8 1
0 132 133 134 11 55 8 1
0 135 136 132 10 56 11 1
0 137 136 138 57 56 9 1
0 138 135 134 9 10 8 1
0 139 140 133 58 59 55 1
0 139 136 137 58 56 57 1
0 140 141 133 59 60 55 1
0 141 142 143 60 61 62 1
0 142 139 137 61 58 57 1
0 136 139 133 56 58 55 1
0 136 135 138 56 10 9 1
0 137 138 134 57 9 8 1
0 133 143 134 55 62 8 1
0 139 142 141 58 61 60 1
0 141 143 133 60 62 55 1
0 142 137 143 61 57 62 1
0 136 133 132 56 55 11 1
0 143 137 134 62 57 8 1
0 140 139 141 59 58 60 1
0 135 132 134 10 11 8 1
0 144 145 146 63 64 65 1
0 147 146 148 66 65 8 1
0 146 145 149 65 64 9 1
0 150 145 151 10 64 11 1
0 151 152 148 11 67 8 1
0 149 150 148 9 10 8 1
0 150 151 148 10 11 8 1
0 152 147 148 67 66 8 1
0 145 152 151 64 67 11 1
0 145 150 149 64 10 9 1
0 146 149 148 65 9 8 1
0 144 153 154 63 68 69 1
0 154 147 152 69 66 67 1
0 153 146 147 68 65 66 1
0 145 144 152 64 63 67 1
0 144 155 152 63 70 67 1
0 154 153 147 69 68 66 1
0 155 154 152 70 69 67 1
0 155 144 154 70 63 69 1
0 153 144 146 68 63 65 1
0 156 157 158 71 72 73 1
0 159 160 158 74 75 73 1
0 161 162 163 76 10 9 1
0 161 158 164 76 73 11 1
0 158 160 165 73 75 8 1
0 166 167 160 77 78 75 1
0 156 166 159 71 77 74 1
0 162 164 165 10 11 8 1
0 167 163 165 78 9 8 1
0 156 161 167 71 76 78 1
0 163 162 165 9 10 8 1
0 164 158 165 11 73 8 1
0 162 161 164 10 76 11 1
0 167 161 163 78 76 9 1
0 160 167 165 75 78 8 1
0 157 156 159 72 71 74 1
0 157 159 158 72 74 73 1
0 159 166 160 74 77 75 1
0 166 156 167 77 71 78 1
0 161 156 158 76 71 73 1
0 168 169 170 62 57 8 1
0 171 172 168 60 61 62 1
0 172 173 169 61 58 57 1
0 174 175 170 11 55 8 1
0 176 173 175 56 58 55 1
0 177 173 171 59 58 60 1
0 177 171 175 59 60 55 1
0 169 176 178 57 56 9 1
0 179 176 174 10 56 11 1
0 178 179 170 9 10 8 1
0 173 172 171 58 61 60 1
0 175 168 170 55 62 8 1
0 176 175 174 56 55 11 1
0 176 179 178 56 10 9 1
0 169 178 170 57 9 8 1
0 179 174 170 10 11 8 1
0 171 168 175 60 62 55 1
0 172 169 168 61 57 62 1
0 173 176 169 58 56 57 1
0 173 177 175 58 59 55 1
0 180 181 182 11 30 8 1
0 183 184 185 35 32 28 1
0 186 187 182 29 34 8 1
0 184 183 181 32 35 30 1
0 184 188 187 32 31 34 1
0 189 187 186 79 34 29 1
0 185 186 181 28 29 30 1
0 184 189 185 32 79 28 1
0 187 190 182 34 9 8 1
0 188 191 190 31 10 9 1
0 188 181 180 31 30 11 1
0 181 186 182 30 29 8 1
0 191 188 180 10 31 11 1
0 187 188 190 34 31 9 1
0 190 191 182 9 10 8 1
0 191 180 182 10 11 8 1
0 183 185 181 35 28 30 1
0 185 189 186 28 79 29 1
0 189 184 187 79 32 34 1
0 188 184 181 31 32 30 1
"Frame_SC10" 0 9
278
0 -27.721300 27.321301 -3.013576 0.125000 1.000000 -1
0 -27.721300 27.321301 1.686424 0.125000 0.000000 -1
0 -26.747999 27.971601 -3.013576 0.062500 1.000000 -1
0 -25.600000 28.200001 -3.013576 1.000000 1.000000 -1
0 -24.452000 27.971601 -3.013576 0.937500 1.000000 -1
0 -22.600000 25.200001 -3.013576 0.750000 1.000000 -1
0 -28.371599 26.348099 -3.013576 1.187500 1.000000 -1
0 -27.721300 27.321301 -3.013576 1.125000 1.000000 -1
0 -28.371599 26.348099 -3.013576 0.187500 1.000000 -1
0 -28.371599 26.348099 1.686424 0.187500 0.000000 -1
0 -26.747999 27.971601 1.686424 0.062500 0.000000 -1
0 -25.600000 28.200001 -3.013576 0.000000 1.000000 -1
0 -28.600002 25.200001 -3.013576 0.250000 1.000000 -1
0 -28.600002 25.200001 1.686424 0.250000 0.000000 -1
0 -22.600000 25.200001 1.686424 0.750000 0.000000 -1
0 -22.828400 24.051901 -3.013576 0.687500 1.000000 -1
0 -28.371599 24.051901 -3.013576 0.312500 1.000000 -1
0 -28.371599 24.051901 1.686424 0.312500 0.000000 -1
0 -22.828400 24.051901 1.686424 0.687500 0.000000 -1
0 -23.478701 23.078699 -3.013576 0.625000 1.000000 -1
0 -23.478701 23.078699 1.686424 0.625000 0.000000 -1
0 -24.452000 22.428400 -3.013576 0.562500 1.000000 -1
0 -24.452000 22.428400 1.686424 0.562500 0.000000 -1
0 -25.600000 22.200001 -3.013576 0.500000 1.000000 -1
0 -25.600000 22.200001 1.686424 0.500000 0.000000 -1
0 -26.747999 22.428400 -3.013576 0.437500 1.000000 -1
0 -26.747999 22.428400 1.686424 0.437500 0.000000 -1
0 -27.721300 23.078699 -3.013576 0.375000 1.000000 -1
0 -27.721300 23.078699 1.686424 0.375000 0.000000 -1
0 -23.478701 27.321301 -3.013576 0.875000 1.000000 -1
0 -22.828400 26.348099 -3.013576 0.812500 1.000000 -1
0 -25.600000 28.200001 1.686424 1.000000 0.000000 -1
0 -26.747999 27.971601 -3.013576 1.062500 1.000000 -1
0 -24.452000 27.971601 1.686424 0.937500 0.000000 -1
0 -22.828400 26.348099 1.686424 0.812500 0.000000 -1
0 -23.478701 27.321301 1.686424 0.875000 0.000000 -1
0 -25.600000 28.200001 1.686424 0.000000 0.000000 -1
0 27.721300 23.078699 -3.013576 0.625000 1.000000 -1
0 26.747999 22.428400 -3.013576 0.562500 1.000000 -1
0 22.600000 25.200001 -3.013576 0.250000 1.000000 -1
0 28.371599 26.348099 -3.013576 0.812500 1.000000 -1
0 28.600002 25.200001 -3.013576 0.750000 1.000000 -1
0 27.721300 27.321301 -3.013576 0.875000 1.000000 -1
0 22.600000 25.200001 1.686424 0.250000 0.000000 -1
0 22.828400 26.348099 1.686424 0.187500 0.000000 -1
0 23.478701 27.321301 1.686424 0.125000 0.000000 -1
0 22.828400 26.348099 -3.013576 0.187500 1.000000 -1
0 22.828400 26.348099 -3.013576 1.187500 1.000000 -1
0 23.478701 27.321301 -3.013576 1.125000 1.000000 -1
0 24.452000 27.971601 1.686424 0.062500 0.000000 -1
0 25.600000 28.200001 1.686424 0.000000 0.000000 -1
0 24.452000 27.971601 -3.013576 0.062500 1.000000 -1
0 25.600000 28.200001 1.686424 1.000000 0.000000 -1
0 26.747999 27.971601 1.686424 0.937500 0.000000 -1
0 25.600000 28.200001 -3.013576 1.000000 1.000000 -1
0 23.478701 27.321301 -3.013576 0.125000 1.000000 -1
0 22.828400 24.051901 -3.013576 0.312500 1.000000 -1
0 22.828400 24.051901 1.686424 0.312500 0.000000 -1
0 23.478701 23.078699 -3.013576 0.375000 1.000000 -1
0 27.721300 27.321301 1.686424 0.875000 0.000000 -1
0 26.747999 27.971601 -3.013576 0.937500 1.000000 -1
0 23.478701 23.078699 1.686424 0.375000 0.000000 -1
0 24.452000 22.428400 1.686424 0.437500 0.000000 -1
0 24.452000 22.428400 -3.013576 0.437500 1.000000 -1
0 25.600000 22.200001 -3.013576 0.500000 1.000000 -1
0 25.600000 22.200001 1.686424 0.500000 0.000000 -1
0 27.721300 23.078699 1.686424 0.625000 0.000000 -1
0 28.371599 24.051901 -3.013576 0.687500 1.000000 -1
0 28.371599 24.051901 1.686424 0.687500 0.000000 -1
0 26.747999 22.428400 1.686424 0.562500 0.000000 -1
0 28.371599 26.348099 1.686424 0.812500 0.000000 -1
0 28.600002 25.200001 1.686424 0.750000 0.000000 -1
0 25.600000 28.200001 -3.013576 0.000000 1.000000 -1
0 24.452000 27.971601 -3.013576 1.062500 1.000000 -1
0 -23.478701 -23.078699 -3.013576 0.875000 1.000000 -1
0 -22.828400 -24.051901 -3.013576 0.812500 1.000000 -1
0 -22.600000 -25.200001 -3.013576 0.750000 1.000000 -1
0 -24.452000 -27.971601 -3.013576 0.562500 1.000000 -1
0 -25.600000 -28.200001 -3.013576 0.500000 1.000000 -1
0 -22.600000 -25.200001 1.686424 0.750000 0.000000 -1
0 -23.478701 -27.321301 -3.013576 0.625000 1.000000 -1
0 -24.452000 -22.428400 1.686424 0.937500 0.000000 -1
0 -24.452000 -22.428400 -3.013576 0.937500 1.000000 -1
0 -25.600000 -22.200001 -3.013576 1.000000 1.000000 -1
0 -22.828400 -24.051901 1.686424 0.812500 0.000000 -1
0 -23.478701 -23.078699 1.686424 0.875000 0.000000 -1
0 -27.721300 -23.078699 1.686424 0.125000 0.000000 -1
0 -27.721300 -23.078699 -3.013576 0.125000 1.000000 -1
0 -28.371599 -24.051901 -3.013576 0.187500 1.000000 -1
0 -25.600000 -22.200001 1.686424 0.000000 0.000000 -1
0 -25.600000 -22.200001 -3.013576 0.000000 1.000000 -1
0 -26.747999 -22.428400 -3.013576 0.062500 1.000000 -1
0 -26.747999 -22.428400 1.686424 0.062500 0.000000 -1
0 -28.371599 -26.348099 1.686424 0.312500 0.000000 -1
0 -28.371599 -26.348099 -3.013576 0.312500 1.000000 -1
0 -27.721300 -27.321301 -3.013576 0.375000 1.000000 -1
0 -28.371599 -24.051901 1.686424 0.187500 0.000000 -1
0 -28.600002 -25.200001 -3.013576 0.250000 1.000000 -1
0 -28.600002 -25.200001 1.686424 0.250000 0.000000 -1
0 -25.600000 -28.200001 1.686424 0.500000 0.000000 -1
0 -27.721300 -27.321301 1.686424 0.375000 0.000000 -1
0 -26.747999 -27.971601 -3.013576 0.437500 1.000000 -1
0 -26.747999 -27.971601 1.686424 0.437500 0.000000 -1
0 -22.828400 -26.348099 1.686424 0.687500 0.000000 -1
0 -22.828400 -26.348099 -3.013576 0.687500 1.000000 -1
0 -24.452000 -27.971601 1.686424 0.562500 0.000000 -1
0 -23.478701 -27.321301 1.686424 0.625000 0.000000 -1
0 -28.600002 -25.200001 -3.013576 1.250000 1.000000 -1
0 -28.371599 -24.051901 -3.013576 1.187500 1.000000 -1
0 -27.721300 -23.078699 -3.013576 1.125000 1.000000 -1
0 -26.747999 -22.428400 -3.013576 1.062500 1.000000 -1
0 -25.600000 -22.200001 1.686424 1.000000 0.000000 -1
0 25.600000 -22.200001 -3.013576 1.000000 1.000000 -1
0 25.600000 -22.200001 1.686424 1.000000 0.000000 -1
0 26.747999 -22.428400 -3.013576 0.937500 1.000000 -1
0 28.371599 -24.051901 -3.013576 0.812500 1.000000 -1
0 28.371599 -24.051901 1.686424 0.812500 0.000000 -1
0 28.600002 -25.200001 -3.013576 0.750000 1.000000 -1
0 24.452000 -22.428400 -3.013576 0.062500 1.000000 -1
0 24.452000 -22.428400 1.686424 0.062500 0.000000 -1
0 25.600000 -22.200001 -3.013576 0.000000 1.000000 -1
0 26.747999 -22.428400 1.686424 0.937500 0.000000 -1
0 27.721300 -23.078699 -3.013576 0.875000 1.000000 -1
0 26.747999 -27.971601 -3.013576 0.562500 1.000000 -1
0 26.747999 -27.971601 1.686424 0.562500 0.000000 -1
0 25.600000 -28.200001 -3.013576 0.500000 1.000000 -1
0 27.721300 -23.078699 1.686424 0.875000 0.000000 -1
0 25.600000 -28.200001 1.686424 0.500000 0.000000 -1
0 24.452000 -27.971601 -3.013576 0.437500 1.000000 -1
0 27.721300 -27.321301 -3.013576 0.625000 1.000000 -1
0 27.721300 -27.321301 1.686424 0.625000 0.000000 -1
0 24.452000 -27.971601 1.686424 0.437500 0.000000 -1
0 23.478701 -27.321301 -3.013576 0.375000 1.000000 -1
0 28.600002 -25.200001 1.686424 0.750000 0.000000 -1
0 28.371599 -26.348099 -3.013576 0.687500 1.000000 -1
0 23.478701 -27.321301 1.686424 0.375000 0.000000 -1
0 22.828400 -26.348099 -3.013576 0.312500 1.000000 -1
0 22.828400 -24.051901 -3.013576 0.187500 1.000000 -1
0 22.828400 -24.051901 1.686424 0.187500 0.000000 -1
0 23.478701 -23.078699 -3.013576 0.125000 1.000000 -1
0 22.828400 -26.348099 1.686424 0.312500 0.000000 -1
0 22.600000 -25.200001 -3.013576 0.250000 1.000000 -1
0 23.478701 -23.078699 1.686424 0.125000 0.000000 -1
0 28.371599 -26.348099 1.686424 0.687500 0.000000 -1
0 24.452000 -22.428400 -3.013576 1.062500 1.000000 -1
0 22.600000 -25.200001 -3.013576 1.250000 1.000000 -1
0 23.478701 -23.078699 -3.013576 1.125000 1.000000 -1
0 22.600000 -25.200001 1.686424 0.250000 0.000000 -1
0 22.828400 -24.051901 -3.013576 1.187500 1.000000 -1
0 25.600000 -22.200001 1.686424 0.000000 0.000000 -1
0 28.600002 25.200001 19.486423 1.000000 1.000000 -1
0 28.371599 26.348099 19.486423 0.996008 1.000000 -1
0 28.371599 26.348099 19.986423 0.996008 0.000000 -1
0 27.721300 23.078699 19.486423 0.984638 1.000000 -1
0 28.371599 24.051901 19.486423 0.996008 1.000000 -1
0 28.371599 24.051901 19.986423 0.996008 0.000000 -1
0 23.478701 23.078699 19.486423 0.910466 1.000000 -1
0 23.478701 23.078699 19.986423 0.910466 0.000000 -1
0 22.828400 24.051901 19.986423 0.899097 0.000000 -1
0 22.828400 24.051901 19.486423 0.899097 1.000000 -1
0 22.600000 25.200001 19.986423 0.895105 0.000000 -1
0 25.600000 22.200001 19.486423 0.947552 1.000000 -1
0 26.747999 22.428400 19.486423 0.967623 1.000000 -1
0 26.747999 22.428400 19.986423 0.967623 0.000000 -1
0 27.721300 23.078699 19.986423 0.984638 0.000000 -1
0 28.600002 25.200001 19.986423 1.000000 0.000000 -1
0 26.747999 27.971601 19.486423 0.967623 1.000000 -1
0 25.600000 28.200001 19.486423 0.947552 1.000000 -1
0 25.600000 28.200001 19.986423 0.947552 0.000000 -1
0 27.721300 27.321301 19.486423 0.984638 1.000000 -1
0 27.721300 27.321301 19.986423 0.984638 0.000000 -1
0 26.747999 27.971601 19.986423 0.967623 0.000000 -1
0 22.828400 26.348099 19.486423 0.899097 1.000000 -1
0 22.828400 26.348099 19.986423 0.899097 0.000000 -1
0 23.478701 27.321301 19.986423 0.910466 0.000000 -1
0 24.452000 27.971601 19.486423 0.927482 1.000000 -1
0 24.452000 27.971601 19.986423 0.927482 0.000000 -1
0 23.478701 27.321301 19.486423 0.910466 1.000000 -1
0 25.600000 22.200001 19.986423 0.947552 0.000000 -1
0 24.452000 22.428400 19.986423 0.927482 0.000000 -1
0 24.452000 22.428400 19.486423 0.927482 1.000000 -1
0 22.600000 25.200001 19.486423 0.895105 1.000000 -1
0 -23.478701 -23.078699 19.486423 0.089534 1.000000 -1
0 -23.478701 -23.078699 19.986423 0.089534 0.000000 -1
0 -22.828400 -24.051901 19.986423 0.100903 0.000000 -1
0 26.747999 -27.971601 19.486423 0.967623 1.000000 -1
0 27.721300 -27.321301 19.486423 0.984638 1.000000 -1
0 26.747999 -27.971601 19.986423 0.967623 0.000000 -1
0 28.600002 -25.200001 19.486423 1.000000 1.000000 -1
0 28.371599 -24.051901 19.486423 0.996008 1.000000 -1
0 28.600002 -25.200001 19.986423 1.000000 0.000000 -1
0 -22.828400 -24.051901 19.486423 0.100903 1.000000 -1
0 -22.600000 -25.200001 19.986423 0.104895 0.000000 -1
0 -25.600000 -22.200001 19.486423 0.052448 1.000000 -1
0 -25.600000 -22.200001 19.986423 0.052448 0.000000 -1
0 -24.452000 -22.428400 19.986423 0.072518 0.000000 -1
0 24.452000 -22.428400 19.986423 0.927482 0.000000 -1
0 24.452000 -22.428400 19.486423 0.927482 1.000000 -1
0 23.478701 -23.078699 19.986423 0.910466 0.000000 -1
0 22.600000 -25.200001 19.486423 0.895105 1.000000 -1
0 22.828400 -26.348099 19.486423 0.899097 1.000000 -1
0 22.828400 -26.348099 19.986423 0.899097 0.000000 -1
0 23.478701 -27.321301 19.486423 0.910466 1.000000 -1
0 23.478701 -27.321301 19.986423 0.910466 0.000000 -1
0 23.478701 -23.078699 19.486423 0.910466 1.000000 -1
0 22.828400 -24.051901 19.986423 0.899097 0.000000 -1
0 24.452000 -27.971601 19.486423 0.927482 1.000000 -1
0 24.452000 -27.971601 19.986423 0.927482 0.000000 -1
0 22.828400 -24.051901 19.486423 0.899097 1.000000 -1
0 22.600000 -25.200001 19.986423 0.895105 0.000000 -1
0 25.600000 -28.200001 19.486423 0.947552 1.000000 -1
0 25.600000 -28.200001 19.986423 0.947552 0.000000 -1
0 -26.747999 -22.428400 19.486423 0.032377 1.000000 -1
0 -26.747999 -22.428400 19.986423 0.032377 0.000000 -1
0 -24.452000 -22.428400 19.486423 0.072518 1.000000 -1
0 -27.721300 -23.078699 19.486423 0.015362 1.000000 -1
0 -27.721300 -23.078699 19.986423 0.015362 0.000000 -1
0 -28.371599 -24.051901 19.486423 0.003992 1.000000 -1
0 -28.371599 -24.051901 19.986423 0.003992 0.000000 -1
0 -28.600002 -25.200001 19.486423 0.000000 1.000000 -1
0 -28.600002 -25.200001 19.986423 0.000000 0.000000 -1
0 -28.371599 -26.348099 19.486423 0.003992 1.000000 -1
0 -28.371599 -26.348099 19.986423 0.003992 0.000000 -1
0 -27.721300 -27.321301 19.486423 0.015362 1.000000 -1
0 -27.721300 -27.321301 19.986423 0.015362 0.000000 -1
0 -26.747999 -27.971601 19.486423 0.032377 1.000000 -1
0 -26.747999 -27.971601 19.986423 0.032377 0.000000 -1
0 28.371599 -26.348099 19.486423 0.996008 1.000000 -1
0 28.371599 -26.348099 19.986423 0.996008 0.000000 -1
0 -25.600000 -28.200001 19.486423 0.052448 1.000000 -1
0 -25.600000 -28.200001 19.986423 0.052448 0.000000 -1
0 27.721300 -27.321301 19.986423 0.984638 0.000000 -1
0 -24.452000 -27.971601 19.486423 0.072518 1.000000 -1
0 -24.452000 -27.971601 19.986423 0.072518 0.000000 -1
0 27.721300 -23.078699 19.486423 0.984638 1.000000 -1
0 28.371599 -24.051901 19.986423 0.996008 0.000000 -1
0 -23.478701 -27.321301 19.486423 0.089534 1.000000 -1
0 -23.478701 -27.321301 19.986423 0.089534 0.000000 -1
0 26.747999 -22.428400 19.486423 0.967623 1.000000 -1
0 27.721300 -23.078699 19.986423 0.984638 0.000000 -1
0 -22.828400 -26.348099 19.486423 0.100903 1.000000 -1
0 -22.828400 -26.348099 19.986423 0.100903 0.000000 -1
0 25.600000 -22.200001 19.486423 0.947552 1.000000 -1
0 26.747999 -22.428400 19.986423 0.967623 0.000000 -1
0 -22.600000 -25.200001 19.486423 0.104895 1.000000 -1
0 25.600000 -22.200001 19.986423 0.947552 0.000000 -1
0 -22.828400 24.051901 19.486423 0.100903 1.000000 -1
0 -22.600000 25.200001 19.486423 0.104895 1.000000 -1
0 -22.600000 25.200001 19.986423 0.104895 0.000000 -1
0 -23.478701 23.078699 19.486423 0.089534 1.000000 -1
0 -22.828400 24.051901 19.986423 0.100903 0.000000 -1
0 -22.828400 26.348099 19.486423 0.100903 1.000000 -1
0 -22.828400 26.348099 19.986423 0.100903 0.000000 -1
0 -23.478701 27.321301 19.486423 0.089534 1.000000 -1
0 -23.478701 27.321301 19.986423 0.089534 0.000000 -1
0 -24.452000 27.971601 19.486423 0.072518 1.000000 -1
0 -24.452000 27.971601 19.986423 0.072518 0.000000 -1
0 -25.600000 28.200001 19.486423 0.052448 1.000000 -1
0 -25.600000 28.200001 19.986423 0.052448 0.000000 -1
0 -26.747999 27.971601 19.486423 0.032377 1.000000 -1
0 -26.747999 27.971601 19.986423 0.032377 0.000000 -1
0 -27.721300 27.321301 19.486423 0.015362 1.000000 -1
0 -27.721300 27.321301 19.986423 0.015362 0.000000 -1
0 -28.371599 26.348099 19.486423 0.003992 1.000000 -1
0 -28.371599 26.348099 19.986423 0.003992 0.000000 -1
0 -28.600002 25.200001 19.486423 0.000000 1.000000 -1
0 -28.600002 25.200001 19.986423 0.000000 0.000000 -1
0 -28.371599 24.051901 19.486423 0.003992 1.000000 -1
0 -28.371599 24.051901 19.986423 0.003992 0.000000 -1
0 -27.721300 23.078699 19.486423 0.015362 1.000000 -1
0 -27.721300 23.078699 19.986423 0.015362 0.000000 -1
0 -26.747999 22.428400 19.486423 0.032377 1.000000 -1
0 -26.747999 22.428400 19.986423 0.032377 0.000000 -1
0 -25.600000 22.200001 19.486423 0.052448 1.000000 -1
0 -25.600000 22.200001 19.986423 0.052448 0.000000 -1
0 -24.452000 22.428400 19.486423 0.072518 1.000000 -1
0 -24.452000 22.428400 19.986423 0.072518 0.000000 -1
0 -23.478701 23.078699 19.986423 0.089534 0.000000 -1
195
-0.752325 0.658792 0.000000
-0.658758 0.752355 0.000000
-0.442963 0.896540 0.000000
0.087265 0.438617 -0.894427
0.265446 0.783881 -0.561310
0.205655 0.013637 -0.978530
0.000000 0.000000 -1.000000
-0.947166 0.320745 0.000000
-0.896528 0.442987 0.000000
-0.320740 0.947167 0.000000
-0.195130 0.980777 0.000000
-0.825789 -0.054761 -0.561314
-0.997808 0.066168 0.000000
0.997809 -0.066167 0.000000
0.896992 -0.303753 -0.321155
-0.741970 -0.366618 -0.561312
-0.947166 -0.320745 0.000000
0.896528 -0.442987 0.000000
0.622626 -0.545220 -0.561313
0.658757 -0.752355 0.000000
0.366599 -0.741981 -0.561310
0.320739 -0.947168 0.000000
0.054765 -0.825788 -0.561315
-0.066173 -0.997808 0.000000
-0.265445 -0.783881 -0.561310
-0.442963 -0.896540 0.000000
-0.545190 -0.622652 -0.561313
-0.752325 -0.658793 0.000000
0.545191 0.622652 -0.561313
0.849036 0.419520 -0.321155
0.195130 0.980778 0.000000
0.442964 0.896539 0.000000
0.947166 0.320744 0.000000
0.752324 0.658793 0.000000
0.545190 -0.622652 -0.561313
0.265445 -0.783881 -0.561310
-0.205655 0.013637 -0.978530
0.783878 0.265450 -0.561312
0.825789 -0.054761 -0.561314
0.622627 0.545219 -0.561313
-0.997809 -0.066167 0.000000
-0.947166 0.320744 0.000000
-0.752324 0.658793 0.000000
-0.896528 0.442987 0.000000
-0.442964 0.896539 0.000000
-0.195130 0.980778 0.000000
-0.320740 0.947167 0.000000
0.195130 0.980777 0.000000
0.320740 0.947167 0.000000
0.137978 0.693514 -0.707107
-0.658758 0.752355 0.000000
-0.896992 -0.303753 -0.321155
-0.896528 -0.442987 0.000000
-0.622626 -0.545220 -0.561313
0.658758 0.752355 0.000000
0.366599 0.741981 -0.561310
-0.658757 -0.752355 0.000000
-0.320739 -0.947168 0.000000
-0.366599 -0.741981 -0.561310
-0.054765 -0.825788 -0.561315
0.066173 -0.997808 0.000000
0.752325 -0.658793 0.000000
0.741970 -0.366618 -0.561312
0.947166 -0.320745 0.000000
0.442963 -0.896540 0.000000
0.896528 0.442987 0.000000
0.997808 0.066168 0.000000
0.622626 0.545220 -0.561313
0.896992 0.303753 -0.321155
0.205655 -0.013637 -0.978530
0.265446 -0.783881 -0.561310
-0.054765 -0.825788 -0.561315
0.997809 0.066167 0.000000
0.545191 -0.622652 -0.561313
0.320739 0.947168 0.000000
0.366599 0.741981 -0.561310
0.137977 0.693514 -0.707107
0.896528 0.442987 0.000000
0.658757 0.752355 0.000000
-0.752325 0.658793 0.000000
-0.658757 0.752356 0.000000
-0.896528 0.442987 0.000000
-0.320739 0.947168 0.000000
-0.442963 0.896540 0.000000
-0.896528 -0.442987 0.000000
-0.783878 -0.265450 -0.561312
-0.622627 -0.545219 -0.561313
-0.947166 0.320745 0.000000
-0.997809 0.066168 0.000000
-0.997808 -0.066168 0.000000
0.066173 -0.997808 0.000000
-0.658758 -0.752355 0.000000
-0.366599 -0.741981 -0.561310
-0.320740 -0.947167 0.000000
0.947166 -0.320744 0.000000
0.849036 -0.419520 -0.321155
0.442964 -0.896539 0.000000
0.752324 -0.658793 0.000000
0.087265 0.438617 -0.894427
0.265445 0.783881 -0.561310
0.741970 0.366618 -0.561312
0.947166 0.320745 0.000000
0.825789 0.054761 -0.561314
-0.442963 0.896540 0.000000
-0.320739 0.947168 0.000000
0.442963 0.896540 0.000000
0.545190 0.622652 -0.561313
0.366599 -0.741981 -0.561310
0.320740 -0.947167 0.000000
0.054765 -0.825788 -0.561315
0.752325 0.658793 0.000000
-0.066173 -0.997808 0.000000
-0.265446 -0.783881 -0.561310
0.622627 -0.545219 -0.561313
0.658758 -0.752355 0.000000
-0.442964 -0.896539 0.000000
-0.545191 -0.622652 -0.561313
0.997808 -0.066168 0.000000
0.783878 -0.265450 -0.561312
-0.752324 -0.658793 0.000000
-0.849036 -0.419520 -0.321155
-0.947166 0.320743 0.000000
-0.896528 0.442987 0.000000
-0.752324 0.658793 0.000000
-0.947166 -0.320744 0.000000
-0.997809 -0.066167 0.000000
-0.658757 0.752355 0.000000
0.896528 -0.442987 0.000000
-0.997809 0.066167 0.000000
0.997808 0.066168 0.000000
0.947165 0.320745 0.000000
0.896528 -0.442987 0.000000
-0.752324 -0.658793 0.000000
-0.947166 -0.320743 0.000000
0.000000 -1.000000 0.000000
0.320739 -0.947168 0.000000
0.658757 -0.752356 0.000000
0.997809 -0.066168 0.000000
0.000000 1.000000 0.000000
0.752325 0.658792 0.000000
0.442963 0.896540 0.000000
-0.896528 0.442987 0.000000
-0.320740 0.947167 0.000000
-0.442964 0.896539 0.000000
-0.320739 -0.947168 0.000000
-0.442963 -0.896540 0.000000
-0.997809 0.066167 0.000000
0.752324 0.658793 0.000000
0.442963 -0.896540 0.000000
0.997808 -0.066168 0.000000
0.997809 0.066168 0.000000
0.947166 0.320743 0.000000
-0.000000 1.000000 0.000000
0.320739 0.947168 0.000000
-0.320739 0.947168 0.000000
-0.896528 -0.442987 0.000000
-0.658758 -0.752355 0.000000
-0.752324 -0.658793 0.000000
-0.752324 0.658793 0.000000
-0.320740 -0.947167 0.000000
-0.442964 -0.896539 0.000000
0.442963 0.896540 0.000000
-0.896528 0.442987 0.000000
-0.997808 -0.066168 0.000000
-0.997809 0.066168 0.000000
-0.947165 -0.320745 0.000000
-0.752325 -0.658792 0.000000
-0.442963 -0.896540 0.000000
0.947166 -0.320745 0.000000
-0.000000 -1.000000 0.000000
0.752325 -0.658792 0.000000
0.320740 -0.947167 0.000000
0.442964 -0.896539 0.000000
0.752325 0.658793 0.000000
0.896528 0.442987 0.000000
0.658758 -0.752355 0.000000
0.658757 0.752356 0.000000
0.896528 -0.442987 0.000000
0.320739 0.947168 0.000000
0.997809 -0.066167 0.000000
0.947166 -0.320743 0.000000
0.997809 0.066167 0.000000
0.752324 -0.658793 0.000000
0.896528 0.442987 0.000000
0.658758 0.752355 0.000000
0.752324 0.658793 0.000000
0.320740 0.947167 0.000000
0.442964 0.896539 0.000000
-0.997808 0.066168 0.000000
-0.997809 -0.066168 0.000000
-0.896528 -0.442987 0.000000
-0.658757 -0.752356 0.000000
-0.320739 -0.947168 0.000000
0.442963 -0.896540 0.000000
0.320739 -0.947168 0.000000
312
0 0 1 2 0 1 2 1
0 3 4 5 3 4 5 1
0 6 7 5 6 6 5 1
0 8 9 0 7 8 0 1
0 2 10 11 2 9 10 1
0 12 13 8 11 12 7 1
0 5 14 15 5 13 14 1
0 16 17 12 15 16 11 1
0 15 18 19 14 17 18 1
0 19 20 21 18 19 20 1
0 21 22 23 20 21 22 1
0 23 24 25 22 23 24 1
0 25 26 27 24 25 26 1
0 27 28 16 26 27 15 1
0 29 30 5 28 29 5 1
0 4 29 5 4 28 5 1
0 3 31 4 3 30 4 1
0 7 32 5 6 6 5 1
0 32 3 5 6 3 5 1
0 4 33 29 4 31 28 1
0 12 6 5 11 6 5 1
0 14 18 15 13 17 14 1
0 16 12 5 15 11 5 1
0 18 20 19 17 19 18 1
0 27 16 5 26 15 5 1
0 20 22 21 19 21 20 1
0 25 27 5 24 26 5 1
0 22 24 23 21 23 22 1
0 23 25 5 22 24 5 1
0 24 26 25 23 25 24 1
0 21 23 5 20 22 5 1
0 26 28 27 25 27 26 1
0 19 21 5 18 20 5 1
0 28 17 16 27 16 15 1
0 15 19 5 14 18 5 1
0 17 13 12 16 12 11 1
0 30 34 5 29 32 5 1
0 13 9 8 12 8 7 1
0 29 35 30 28 33 29 1
0 9 1 0 8 1 0 1
0 1 10 2 1 9 2 1
0 34 14 5 32 13 5 1
0 10 36 11 9 10 10 1
0 35 34 30 33 32 29 1
0 31 33 4 30 31 4 1
0 33 35 29 31 33 28 1
0 37 38 39 34 35 36 1
0 40 41 39 37 38 36 1
0 42 40 39 39 37 36 1
0 43 44 39 40 41 36 1
0 44 45 46 41 42 43 1
0 47 48 39 6 6 36 1
0 49 50 51 44 45 46 1
0 52 53 54 47 48 49 1
0 45 49 55 42 44 50 1
0 43 39 56 40 36 51 1
0 57 56 58 52 51 53 1
0 53 59 60 48 54 55 1
0 57 43 56 52 40 51 1
0 61 57 58 56 52 53 1
0 60 42 39 55 39 36 1
0 54 60 39 49 55 36 1
0 62 63 64 57 58 59 1
0 65 64 38 60 59 35 1
0 61 58 63 56 53 58 1
0 66 37 67 61 34 62 1
0 68 67 41 63 62 38 1
0 69 38 37 64 35 34 1
0 70 40 42 65 37 39 1
0 59 42 60 54 39 55 1
0 71 41 40 66 38 37 1
0 50 72 51 45 45 46 1
0 49 51 55 44 46 50 1
0 53 60 54 48 55 49 1
0 44 46 39 41 43 36 1
0 59 70 42 54 65 39 1
0 58 56 39 53 51 36 1
0 63 58 39 58 53 36 1
0 64 63 39 59 58 36 1
0 38 64 39 35 59 36 1
0 48 73 39 6 6 36 1
0 67 37 39 62 34 36 1
0 41 67 39 38 62 36 1
0 62 61 63 57 56 58 1
0 65 62 64 60 57 59 1
0 45 55 46 42 50 43 1
0 73 54 39 6 49 36 1
0 66 69 37 61 64 34 1
0 71 68 41 66 63 38 1
0 70 71 40 65 66 37 1
0 69 65 38 64 60 35 1
0 68 66 67 63 61 62 1
0 74 75 76 67 68 69 1
0 77 78 76 70 71 69 1
0 79 76 75 72 69 68 1
0 80 77 76 73 70 69 1
0 81 82 83 74 75 76 1
0 84 75 74 77 68 67 1
0 85 74 82 78 67 75 1
0 86 87 88 79 80 81 1
0 89 90 91 10 10 82 1
0 92 91 87 83 82 80 1
0 93 94 95 84 85 86 1
0 96 88 97 87 81 88 1
0 98 97 94 89 88 85 1
0 99 78 77 90 71 70 1
0 100 95 101 91 86 92 1
0 102 101 78 93 92 71 1
0 103 104 76 94 95 69 1
0 105 77 80 96 70 73 1
0 106 80 104 97 73 95 1
0 94 107 76 85 6 69 1
0 78 101 76 71 92 69 1
0 101 95 76 92 86 69 1
0 108 109 76 6 6 69 1
0 107 108 76 6 6 69 1
0 82 74 76 75 67 69 1
0 110 83 76 6 76 69 1
0 83 82 76 76 75 69 1
0 109 110 76 6 6 69 1
0 95 94 76 86 85 69 1
0 100 93 95 91 84 86 1
0 84 79 75 77 72 68 1
0 104 80 76 95 73 69 1
0 102 100 101 93 91 92 1
0 79 103 76 72 94 69 1
0 111 81 83 30 74 76 1
0 103 106 104 94 97 95 1
0 81 85 82 74 78 75 1
0 106 105 80 97 96 73 1
0 85 84 74 78 77 67 1
0 105 99 77 96 90 70 1
0 93 98 94 84 89 85 1
0 99 102 78 90 93 71 1
0 92 89 91 83 10 82 1
0 86 92 87 79 83 80 1
0 96 86 88 87 79 81 1
0 98 96 97 89 87 88 1
0 112 113 114 98 47 99 1
0 115 116 117 100 101 102 1
0 118 119 120 103 104 45 1
0 114 121 122 99 105 106 1
0 123 124 125 107 108 109 1
0 122 126 115 106 110 100 1
0 125 127 128 109 111 112 1
0 129 130 123 113 114 107 1
0 128 131 132 112 115 116 1
0 117 133 134 102 117 118 1
0 132 135 136 116 119 120 1
0 137 138 139 121 122 123 1
0 136 140 141 120 124 125 1
0 139 142 118 123 126 103 1
0 134 143 129 118 127 113 1
0 144 112 145 6 98 6 1
0 146 144 145 6 6 6 1
0 131 135 132 115 119 116 1
0 127 131 128 111 115 112 1
0 124 127 125 108 111 109 1
0 130 124 123 114 108 107 1
0 141 147 137 125 128 121 1
0 133 143 134 117 127 118 1
0 143 130 129 127 114 113 1
0 112 114 145 98 99 6 1
0 116 133 117 101 117 102 1
0 126 116 115 110 101 100 1
0 121 126 122 105 110 106 1
0 113 121 114 47 105 99 1
0 114 122 145 99 106 6 1
0 142 119 118 126 104 103 1
0 148 146 145 6 6 6 1
0 119 149 120 104 45 45 1
0 125 128 145 109 112 6 1
0 123 125 145 107 109 6 1
0 147 138 137 128 122 121 1
0 122 115 145 106 100 6 1
0 138 142 139 122 126 123 1
0 117 134 145 102 118 6 1
0 134 129 145 118 113 6 1
0 115 117 145 100 102 6 1
0 135 140 136 119 124 120 1
0 140 147 141 124 128 125 1
0 129 123 145 113 107 6 1
0 132 136 145 116 120 6 1
0 128 132 145 112 116 6 1
0 150 151 152 129 65 130 1
0 153 154 155 61 63 131 1
0 156 157 158 132 56 52 1
0 159 158 160 133 52 40 1
0 161 162 163 134 64 135 1
0 162 153 164 64 61 136 1
0 154 150 165 63 129 137 1
0 166 167 168 48 138 138 1
0 151 169 170 65 54 139 1
0 169 166 171 54 48 140 1
0 172 173 174 141 41 42 1
0 175 176 168 142 143 138 1
0 177 174 176 50 42 143 1
0 161 178 179 134 134 144 1
0 180 179 157 145 144 56 1
0 181 160 173 146 40 41 1
0 182 183 184 147 78 77 1
0 185 186 187 108 114 148 1
0 188 189 190 149 101 150 1
0 159 156 158 133 132 52 1
0 156 180 157 132 145 56 1
0 180 161 179 145 134 144 1
0 178 161 163 134 134 135 1
0 163 162 164 135 64 136 1
0 164 153 155 136 61 131 1
0 155 154 165 131 63 137 1
0 165 150 152 137 129 130 1
0 191 184 192 151 77 72 1
0 193 194 195 152 152 153 1
0 171 166 168 140 48 138 1
0 167 175 168 138 142 138 1
0 175 177 176 142 50 143 1
0 177 172 174 50 141 42 1
0 196 197 198 154 103 126 1
0 199 200 201 125 155 124 1
0 200 202 203 155 156 157 1
0 198 204 205 126 158 122 1
0 202 206 207 156 159 160 1
0 205 208 209 122 121 128 1
0 206 210 211 159 134 134 1
0 193 212 213 152 83 82 1
0 214 195 183 161 153 78 1
0 212 215 216 83 79 80 1
0 209 199 201 128 125 124 1
0 215 217 218 79 87 162 1
0 201 200 203 124 155 157 1
0 217 219 220 87 163 164 1
0 203 202 207 157 156 160 1
0 219 221 222 163 84 165 1
0 207 206 211 160 159 134 1
0 221 223 224 84 91 166 1
0 210 185 211 134 108 134 1
0 223 225 226 91 93 167 1
0 227 188 228 127 149 168 1
0 225 229 230 93 169 169 1
0 186 227 231 114 127 170 1
0 232 233 230 171 172 169 1
0 189 234 235 101 173 174 1
0 236 237 233 175 97 172 1
0 234 238 239 173 105 176 1
0 240 241 237 177 94 97 1
0 238 242 243 105 138 178 1
0 244 192 241 179 72 94 1
0 245 242 196 138 138 154 1
0 246 247 248 180 181 13 1
0 181 159 160 146 133 40 1
0 185 187 211 108 148 134 1
0 152 151 170 130 65 139 1
0 244 191 192 179 151 72 1
0 191 182 184 151 147 77 1
0 182 214 183 147 161 78 1
0 214 193 195 161 152 153 1
0 194 193 213 152 152 82 1
0 213 212 216 82 83 80 1
0 216 215 218 80 79 162 1
0 218 217 220 162 87 164 1
0 220 219 222 164 163 165 1
0 222 221 224 165 84 166 1
0 224 223 226 166 91 167 1
0 226 225 230 167 93 169 1
0 229 232 230 169 171 169 1
0 232 236 233 171 175 172 1
0 236 240 237 175 177 97 1
0 240 244 241 177 179 94 1
0 170 169 171 139 54 140 1
0 227 228 231 127 168 170 1
0 172 181 173 141 146 41 1
0 208 199 209 121 125 128 1
0 204 208 205 158 121 122 1
0 197 204 198 103 158 126 1
0 242 197 196 138 103 154 1
0 242 245 243 138 138 178 1
0 238 243 239 105 178 176 1
0 234 239 235 173 176 174 1
0 189 235 190 101 174 150 1
0 188 190 228 149 150 168 1
0 186 231 187 114 170 148 1
0 249 246 250 182 180 17 1
0 247 251 252 181 183 32 1
0 251 253 254 183 184 185 1
0 253 255 256 184 186 187 1
0 255 257 258 186 152 152 1
0 259 260 258 9 2 152 1
0 261 262 260 1 0 2 1
0 263 264 262 8 7 0 1
0 265 266 264 188 189 7 1
0 267 268 266 16 190 189 1
0 269 270 268 27 191 190 1
0 271 272 270 25 192 191 1
0 273 274 272 169 169 192 1
0 273 275 276 169 193 194 1
0 275 249 277 193 182 19 1
0 259 261 260 9 1 2 1
0 248 247 252 13 181 32 1
0 252 251 254 32 183 185 1
0 254 253 256 185 184 187 1
0 256 255 258 187 186 152 1
0 257 259 258 152 9 152 1
0 250 246 248 17 180 13 1
0 277 249 250 19 182 17 1
0 276 275 277 194 193 19 1
0 274 273 276 169 169 194 1
0 271 273 272 25 169 192 1
0 269 271 270 27 25 191 1
0 267 269 268 16 27 190 1
0 265 267 266 188 16 189 1
0 263 265 264 8 188 7 1
0 261 263 262 1 8 0 1
"Frame_SC11" 0 10
96
0 -23.478701 27.321301 19.986423 0.853553 0.146447 -1
0 -24.452000 27.971601 19.986423 0.691341 0.038061 -1
0 -22.600000 25.200001 19.986423 1.000000 0.500001 -1
0 -25.600000 22.200001 19.986423 0.500000 1.000000 -1
0 -24.452000 22.428400 19.986423 0.691341 0.961940 -1
0 -25.600000 28.200001 19.986423 0.500000 0.000000 -1
0 -26.747999 22.428400 19.986423 0.308658 0.961940 -1
0 -26.747999 27.971601 19.986423 0.308658 0.038061 -1
0 -27.721300 27.321301 19.986423 0.146446 0.146447 -1
0 -28.371599 26.348099 19.986423 0.038060 0.308659 -1
0 -22.828400 26.348099 19.986423 0.961939 0.308659 -1
0 -23.478701 23.078699 19.986423 0.853553 0.853554 -1
0 -22.828400 24.051901 19.986423 0.961940 0.691343 -1
0 -28.600002 25.200001 19.986423 0.000000 0.500001 -1
0 -28.371599 24.051901 19.986423 0.038060 0.691343 -1
0 -27.721300 23.078699 19.986423 0.146446 0.853554 -1
0 28.371599 26.348099 19.986423 0.961940 0.308659 -1
0 27.721300 27.321301 19.986423 0.853554 0.146447 -1
0 22.600000 25.200001 19.986423 0.000000 0.500001 -1
0 23.478701 27.321301 19.986423 0.146447 0.146447 -1
0 22.828400 26.348099 19.986423 0.038061 0.308659 -1
0 26.747999 27.971601 19.986423 0.691342 0.038061 -1
0 25.600000 28.200001 19.986423 0.500000 0.000000 -1
0 24.452000 27.971601 19.986423 0.308659 0.038061 -1
0 26.747999 22.428400 19.986423 0.691342 0.961940 -1
0 27.721300 23.078699 19.986423 0.853554 0.853554 -1
0 24.452000 22.428400 19.986423 0.308659 0.961940 -1
0 25.600000 22.200001 19.986423 0.500000 1.000000 -1
0 23.478701 23.078699 19.986423 0.146447 0.853554 -1
0 22.828400 24.051901 19.986423 0.038060 0.691343 -1
0 28.371599 24.051901 19.986423 0.961940 0.691343 -1
0 28.600002 25.200001 19.986423 1.000000 0.500001 -1
0 -28.600002 -25.200001 19.986423 0.000000 0.500000 -1
0 -28.371599 -26.348099 19.986423 0.038060 0.691341 -1
0 -22.600000 -25.200001 19.986423 1.000000 0.500000 -1
0 -27.721300 -27.321301 19.986423 0.146446 0.853553 -1
0 -26.747999 -27.971601 19.986423 0.308658 0.961939 -1
0 -25.600000 -28.200001 19.986423 0.500000 1.000000 -1
0 -26.747999 -22.428400 19.986423 0.308658 0.038060 -1
0 -27.721300 -23.078699 19.986423 0.146446 0.146446 -1
0 -25.600000 -22.200001 19.986423 0.500000 0.000000 -1
0 -24.452000 -22.428400 19.986423 0.691341 0.038060 -1
0 -23.478701 -23.078699 19.986423 0.853553 0.146446 -1
0 -24.452000 -27.971601 19.986423 0.691341 0.961939 -1
0 -23.478701 -27.321301 19.986423 0.853553 0.853553 -1
0 -22.828400 -24.051901 19.986423 0.961940 0.308657 -1
0 -28.371599 -24.051901 19.986423 0.038060 0.308657 -1
0 -22.828400 -26.348099 19.986423 0.961939 0.691341 -1
0 24.452000 -27.971601 19.986423 0.308659 0.961939 -1
0 25.600000 -28.200001 19.986423 0.500000 1.000000 -1
0 22.600000 -25.200001 19.986423 0.000000 0.500000 -1
0 26.747999 -27.971601 19.986423 0.691342 0.961939 -1
0 22.828400 -26.348099 19.986423 0.038061 0.691341 -1
0 23.478701 -27.321301 19.986423 0.146447 0.853553 -1
0 27.721300 -27.321301 19.986423 0.853554 0.853553 -1
0 28.371599 -26.348099 19.986423 0.961940 0.691341 -1
0 28.600002 -25.200001 19.986423 1.000000 0.500000 -1
0 28.371599 -24.051901 19.986423 0.961940 0.308657 -1
0 27.721300 -23.078699 19.986423 0.853554 0.146446 -1
0 26.747999 -22.428400 19.986423 0.691342 0.038060 -1
0 25.600000 -22.200001 19.986423 0.500000 0.000000 -1
0 24.452000 -22.428400 19.986423 0.308659 0.038060 -1
0 23.478701 -23.078699 19.986423 0.146447 0.146446 -1
0 22.828400 -24.051901 19.986423 0.038060 0.308657 -1
0 60.919498 0.000000 31.933025 1.000000 0.500000 -1
0 43.076599 -43.076599 31.933025 0.853553 0.853553 -1
0 40.780499 -40.780499 29.933025 0.834708 0.834708 -1
0 -43.076599 -43.076599 31.933025 0.146447 0.853553 -1
0 -60.919498 0.000000 31.933025 0.000000 0.500000 -1
0 -40.780499 -40.780499 29.933025 0.165292 0.834708 -1
0 43.076599 43.076599 31.933025 0.853553 0.146447 -1
0 57.672298 0.000000 29.933025 0.973349 0.500000 -1
0 -57.672298 0.000000 29.933025 0.026651 0.500000 -1
0 0.000000 -57.672298 29.933025 0.500000 0.973349 -1
0 -43.076599 43.076599 31.933025 0.146447 0.146447 -1
0 -40.780499 40.780499 29.933025 0.165292 0.165292 -1
0 0.000000 60.919498 31.933025 0.500000 0.000000 -1
0 0.000000 57.672298 29.933025 0.500000 0.026651 -1
0 40.780499 40.780499 29.933025 0.834708 0.165292 -1
0 0.000000 -60.919498 31.933025 0.500000 1.000000 -1
0 -40.780499 40.780499 -2.960175 0.137446 0.137446 -1
0 -57.672298 0.000000 -2.960175 -0.012729 0.500000 -1
0 57.672298 0.000000 -2.960175 1.012729 0.500000 -1
0 0.000000 -57.672298 -2.960175 0.500000 1.012729 -1
0 -40.780499 -40.780499 -2.960175 0.137446 0.862554 -1
0 0.000000 -60.919498 -4.960176 0.500000 1.041598 -1
0 -43.076599 -43.076599 -4.960176 0.117032 0.882968 -1
0 -60.919498 0.000000 -4.960176 -0.041598 0.500000 -1
0 0.000000 57.672298 -2.960175 0.500000 -0.012729 -1
0 -43.076599 43.076599 -4.960176 0.117032 0.117033 -1
0 0.000000 60.919498 -4.960176 0.500000 -0.041598 -1
0 43.076599 43.076599 -4.960176 0.882967 0.117033 -1
0 60.919498 0.000000 -4.960176 1.041598 0.500000 -1
0 43.076599 -43.076599 -4.960176 0.882967 0.882968 -1
0 40.780499 -40.780499 -2.960175 0.862554 0.862554 -1
0 40.780499 40.780499 -2.960175 0.862554 0.137446 -1
33
0.000000 0.000000 1.000000
0.523057 -0.072219 -0.849233
0.318791 -0.420924 -0.849232
0.323444 -0.244964 -0.913989
-0.318791 -0.420924 -0.849232
-0.523057 -0.072219 -0.849233
-0.260113 -0.196999 -0.945268
0.420924 0.318791 -0.849232
0.178010 0.024578 -0.983722
-0.323227 0.044628 -0.945269
0.000000 -0.359069 -0.933311
-0.420924 0.318791 -0.849232
-0.196999 0.260113 -0.945268
0.000000 0.524426 -0.851456
0.000000 0.269386 -0.963032
0.244964 0.323444 -0.913989
0.000000 -0.524425 -0.851457
-0.260113 0.196999 0.945268
-0.323227 -0.044628 0.945269
0.178010 -0.024578 0.983722
0.000000 -0.269386 0.963032
-0.196999 -0.260113 0.945268
0.000000 -0.524427 0.851456
-0.420924 -0.318791 0.849232
-0.523057 0.072219 0.849233
0.000000 0.359069 0.933311
-0.318791 0.420924 0.849232
0.000000 0.524425 0.851456
0.318791 0.420924 0.849232
0.523057 0.072219 0.849233
0.420924 -0.318791 0.849232
0.244964 -0.323444 0.913989
0.323444 0.244964 0.913989
100
0 0 1 2 0 0 0 1
0 3 4 2 0 0 0 1
0 1 5 2 0 0 0 1
0 6 3 2 0 0 0 1
0 7 8 2 0 0 0 1
0 8 9 2 0 0 0 1
0 10 0 2 0 0 0 1
0 5 7 2 0 0 0 1
0 11 12 2 0 0 0 1
0 4 11 2 0 0 0 1
0 13 14 2 0 0 0 1
0 15 6 2 0 0 0 1
0 14 15 2 0 0 0 1
0 9 13 2 0 0 0 1
0 16 17 18 0 0 0 1
0 19 20 18 0 0 0 1
0 21 22 18 0 0 0 1
0 23 19 18 0 0 0 1
0 22 23 18 0 0 0 1
0 24 25 18 0 0 0 1
0 26 27 18 0 0 0 1
0 28 26 18 0 0 0 1
0 29 28 18 0 0 0 1
0 27 24 18 0 0 0 1
0 17 21 18 0 0 0 1
0 25 30 18 0 0 0 1
0 30 31 18 0 0 0 1
0 31 16 18 0 0 0 1
0 32 33 34 0 0 0 1
0 33 35 34 0 0 0 1
0 36 37 34 0 0 0 1
0 35 36 34 0 0 0 1
0 38 39 34 0 0 0 1
0 40 38 34 0 0 0 1
0 41 40 34 0 0 0 1
0 42 41 34 0 0 0 1
0 37 43 34 0 0 0 1
0 43 44 34 0 0 0 1
0 45 42 34 0 0 0 1
0 39 46 34 0 0 0 1
0 46 32 34 0 0 0 1
0 44 47 34 0 0 0 1
0 48 49 50 0 0 0 1
0 49 51 50 0 0 0 1
0 52 53 50 0 0 0 1
0 54 55 50 0 0 0 1
0 55 56 50 0 0 0 1
0 51 54 50 0 0 0 1
0 53 48 50 0 0 0 1
0 56 57 50 0 0 0 1
0 57 58 50 0 0 0 1
0 58 59 50 0 0 0 1
0 59 60 50 0 0 0 1
0 60 61 50 0 0 0 1
0 61 62 50 0 0 0 1
0 62 63 50 0 0 0 1
0 64 65 66 1 2 3 1
0 67 68 69 4 5 6 1
0 70 64 71 7 1 8 1
0 69 72 71 6 9 8 1
0 73 69 71 10 6 8 1
0 74 75 72 11 12 9 1
0 76 77 75 13 14 12 1
0 76 70 78 13 7 15 1
0 72 75 71 9 12 8 1
0 77 78 71 14 15 8 1
0 78 70 71 15 7 8 1
0 71 64 66 8 1 3 1
0 66 73 71 3 10 8 1
0 79 67 73 16 4 10 1
0 68 72 69 5 9 6 1
0 77 76 78 14 13 15 1
0 68 74 72 5 11 9 1
0 74 76 75 11 13 12 1
0 65 79 73 2 16 10 1
0 67 69 73 4 6 10 1
0 66 65 73 3 2 10 1
0 75 77 71 12 14 8 1
0 80 81 82 17 18 19 1
0 83 84 85 20 21 22 1
0 84 81 86 21 18 23 1
0 81 80 87 18 17 24 1
0 80 88 89 17 25 26 1
0 90 88 91 27 25 28 1
0 92 82 93 29 19 30 1
0 83 94 82 20 31 19 1
0 84 83 82 21 20 19 1
0 81 84 82 18 21 19 1
0 93 94 85 30 31 22 1
0 88 80 82 25 17 19 1
0 82 94 93 19 31 30 1
0 95 82 92 32 19 29 1
0 88 95 91 25 32 28 1
0 88 90 89 25 27 26 1
0 80 89 87 17 26 24 1
0 81 87 86 18 24 23 1
0 84 86 85 21 23 22 1
0 94 83 85 31 20 22 1
0 95 88 82 32 25 19 1
0 91 95 92 28 32 29 1
"Frame_SC12" 0 11
16
0 53.026402 -53.026402 -4.960176 0.853553 0.853553 -1
0 43.076599 -43.076599 -4.960176 0.787213 0.787213 -1
0 0.000000 -74.990601 -4.960176 0.500000 1.000000 -1
0 53.026402 53.026402 -4.960176 0.853553 0.146447 -1
0 43.076599 43.076599 -4.960176 0.787213 0.212787 -1
0 60.919498 0.000000 -4.960176 0.906181 0.500000 -1
0 0.000000 74.990601 -4.960176 0.500000 0.000000 -1
0 0.000000 60.919498 -4.960176 0.500000 0.093819 -1
0 -53.026402 53.026402 -4.960176 0.146447 0.146447 -1
0 -43.076599 43.076599 -4.960176 0.212787 0.212787 -1
0 -74.990601 0.000000 -4.960176 0.000000 0.500000 -1
0 -60.919498 0.000000 -4.960176 0.093819 0.500000 -1
0 -53.026402 -53.026402 -4.960176 0.146447 0.853553 -1
0 -43.076599 -43.076599 -4.960176 0.212787 0.787213 -1
0 0.000000 -60.919498 -4.960176 0.500000 0.906181 -1
0 74.990601 0.000000 -4.960176 1.000000 0.500000 -1
1
0.000000 0.000000 1.000000
16
0 0 1 2 0 0 0 1
0 3 4 5 0 0 0 1
0 6 7 4 0 0 0 1
0 6 8 9 0 0 0 1
0 8 10 11 0 0 0 1
0 11 10 12 0 0 0 1
0 13 12 2 0 0 0 1
0 1 14 2 0 0 0 1
0 5 1 0 0 0 0 1
0 14 13 2 0 0 0 1
0 13 11 12 0 0 0 1
0 9 8 11 0 0 0 1
0 7 6 9 0 0 0 1
0 3 6 4 0 0 0 1
0 15 3 5 0 0 0 1
0 15 5 0 0 0 0 1

Materials: 12
"0"
1.000000 1.000000 1.000000 1.000000
1.000000 1.000000 1.000000 1.000000
0.000000 0.000000 0.000000 1.000000
0.000000 0.000000 0.000000 1.000000
1.280000
1.000000
"0.PNG"
""
"1"
1.000000 1.000000 1.000000 1.000000
1.000000 1.000000 1.000000 1.000000
0.000000 0.000000 0.000000 1.000000
0.000000 0.000000 0.000000 1.000000
0.000000
1.000000
"1.png"
""
"2"
1.000000 1.000000 1.000000 1.000000
1.000000 1.000000 1.000000 1.000000
0.000000 0.000000 0.000000 1.000000
0.000000 0.000000 0.000000 1.000000
1.280000
1.000000
"2.PNG"
""
"3"
1.000000 1.000000 1.000000 1.000000
1.000000 1.000000 1.000000 1.000000
0.000000 0.000000 0.000000 1.000000
0.000000 0.000000 0.000000 1.000000
1.280000
1.000000
"4.PNG"
""
"4"
1.000000 1.000000 1.000000 1.000000
1.000000 1.000000 1.000000 1.000000
0.000000 0.000000 0.000000 1.000000
0.000000 0.000000 0.000000 1.000000
1.280000
1.000000
"3.PNG"
""
"5"
1.000000 1.000000 1.000000 1.000000
1.000000 1.000000 1.000000 1.000000
0.000000 0.000000 0.000000 1.000000
0.000000 0.000000 0.000000 1.000000
1.280000
1.000000
"5.PNG"
""
"6"
1.000000 1.000000 1.000000 1.000000
1.000000 1.000000 1.000000 1.000000
0.000000 0.000000 0.000000 1.000000
0.000000 0.000000 0.000000 1.000000
1.280000
1.000000
"6.PNG"
""
"a"
1.000000 1.000000 1.000000 1.000000
1.000000 1.000000 1.000000 1.000000
0.000000 0.000000 0.000000 1.000000
0.000000 0.000000 0.000000 1.000000
1.280000
1.000000
"a.png"
""
"7"
1.000000 1.000000 1.000000 1.000000
1.000000 1.000000 1.000000 1.000000
0.000000 0.000000 0.000000 1.000000
0.000000 0.000000 0.000000 1.000000
1.280000
1.000000
"8.PNG"
""
"8"
1.000000 1.000000 1.000000 1.000000
1.000000 1.000000 1.000000 1.000000
0.000000 0.000000 0.000000 1.000000
0.000000 0.000000 0.000000 1.000000
1.280000
1.000000
"7.PNG"
""
"9"
1.000000 1.000000 1.000000 1.000000
1.000000 1.000000 1.000000 1.000000
0.000000 0.000000 0.000000 1.000000
0.000000 0.000000 0.000000 1.000000
1.280000
1.000000
"9.PNG"
""
"c"
1.000000 1.000000 1.000000 1.000000
1.000000 1.000000 1.000000 1.000000
0.000000 0.000000 0.000000 1.000000
0.000000 0.000000 0.000000 1.000000
1.280000
1.000000
"C.PNG"
""

Bones: 0
GroupComments: 0
MaterialComments: 0
BoneComments: 0
ModelComment: 0
