// MilkShape 3D ASCII

Frames: 500
Frame: 1

Meshes: 45
"Mesh_expert_bg1_Material" 0 0
12
1 -0.400000 0.297000 0.620000 0.500000 -0.071428 1
1 -0.382679 0.297000 0.590000 1.000000 0.785714 1
1 -0.382679 0.297000 0.610000 1.000000 0.214286 1
1 -0.400000 -0.297000 0.620000 0.500000 -0.071428 1
1 -0.382679 -0.297000 0.610000 1.000000 0.214286 1
1 -0.382679 -0.297000 0.590000 1.000000 0.785714 1
1 -0.400000 0.297000 0.580000 0.500000 1.071428 1
1 -0.417320 0.297000 0.610000 0.000000 0.214286 1
1 -0.417320 0.297000 0.590000 0.000000 0.785714 1
1 -0.417320 -0.297000 0.590000 0.000000 0.785714 1
1 -0.417320 -0.297000 0.610000 0.000000 0.214286 1
1 -0.400000 -0.297000 0.580000 0.500000 1.071428 1
2
0.000000 -1.000000 0.000000
0.000000 1.000000 0.000000
8
1 0 1 2 0 0 0 0
1 3 4 5 1 1 1 0
1 0 6 1 0 0 0 0
1 0 7 8 0 0 0 0
1 0 8 6 0 0 0 0
1 3 9 10 1 1 1 0
1 3 11 9 1 1 1 0
1 3 5 11 1 1 1 0
"Mesh_expert_bg1_Material1" 0 1
12
1 0.200000 0.297000 0.420000 0.500000 -0.071430 1
1 0.200000 0.297000 0.380000 0.500000 1.071430 1
1 0.217321 0.297000 0.390000 1.000000 0.785712 1
1 0.182680 0.297000 0.390000 0.000000 0.785712 1
1 0.217321 0.297000 0.410000 1.000000 0.214284 1
1 0.200000 -0.297000 0.420000 0.500000 -0.071430 1
1 0.182680 -0.297000 0.390000 0.000000 0.785712 1
1 0.182680 -0.297000 0.410000 0.000000 0.214284 1
1 0.182680 0.297000 0.410000 0.000000 0.214284 1
1 0.200000 -0.297000 0.380000 0.500000 1.071430 1
1 0.217321 -0.297000 0.410000 1.000000 0.214284 1
1 0.217321 -0.297000 0.390000 1.000000 0.785712 1
2
0.000000 -1.000000 0.000000
0.000000 1.000000 0.000000
8
1 0 1 2 0 0 0 0
1 0 3 1 0 0 0 0
1 0 2 4 0 0 0 0
1 5 6 7 1 1 1 0
1 0 8 3 0 0 0 0
1 5 9 6 1 1 1 0
1 5 10 11 1 1 1 0
1 5 11 9 1 1 1 0
"Mesh_expert_bg1_Material2" 0 2
12
1 0.400000 0.297000 0.420000 0.500000 -0.071430 1
1 0.382679 0.297000 0.410000 0.000000 0.214284 1
1 0.382679 0.297000 0.390000 0.000000 0.785712 1
1 0.417321 0.297000 0.390000 1.000000 0.785712 1
1 0.417321 0.297000 0.410000 1.000000 0.214284 1
1 0.400000 -0.297000 0.420000 0.500000 -0.071430 1
1 0.417321 -0.297000 0.390000 1.000000 0.785712 1
1 0.400000 -0.297000 0.380000 0.500000 1.071430 1
1 0.382679 -0.297000 0.390000 0.000000 0.785712 1
1 0.400000 0.297000 0.380000 0.500000 1.071430 1
1 0.382679 -0.297000 0.410000 0.000000 0.214284 1
1 0.417321 -0.297000 0.410000 1.000000 0.214284 1
2
0.000000 -1.000000 0.000000
0.000000 1.000000 0.000000
8
1 0 1 2 0 0 0 0
1 0 3 4 0 0 0 0
1 5 6 7 1 1 1 0
1 5 7 8 1 1 1 0
1 0 2 9 0 0 0 0
1 0 9 3 0 0 0 0
1 5 8 10 1 1 1 0
1 5 11 6 1 1 1 0
"Mesh_expert_bg1_Material3" 0 3
12
1 0.600000 0.297000 0.420000 0.500000 -0.071430 1
1 0.582680 0.297000 0.410000 0.000000 0.214284 1
1 0.582680 0.297000 0.390000 0.000000 0.785712 1
1 0.600000 0.297000 0.380000 0.500000 1.071430 1
1 0.617321 0.297000 0.390000 1.000000 0.785712 1
1 0.600000 -0.297000 0.420000 0.500000 -0.071430 1
1 0.600000 -0.297000 0.380000 0.500000 1.071430 1
1 0.582680 -0.297000 0.390000 0.000000 0.785712 1
1 0.617321 -0.297000 0.410000 1.000000 0.214284 1
1 0.617321 -0.297000 0.390000 1.000000 0.785712 1
1 0.617321 0.297000 0.410000 1.000000 0.214284 1
1 0.582680 -0.297000 0.410000 0.000000 0.214284 1
2
0.000000 -1.000000 0.000000
0.000000 1.000000 0.000000
8
1 0 1 2 0 0 0 0
1 0 2 3 0 0 0 0
1 0 3 4 0 0 0 0
1 5 6 7 1 1 1 0
1 5 8 9 1 1 1 0
1 5 9 6 1 1 1 0
1 0 4 10 0 0 0 0
1 5 7 11 1 1 1 0
"Mesh_expert_bg1_Material4" 0 4
12
1 -0.600000 0.297000 0.220000 0.500002 -0.071428 1
1 -0.600000 0.297000 0.180000 0.500002 1.071428 1
1 -0.582679 0.297000 0.190000 1.000001 0.785714 1
1 -0.600000 -0.297000 0.220000 0.500002 -0.071428 1
1 -0.617321 -0.297000 0.190000 0.000001 0.785714 1
1 -0.617321 -0.297000 0.210000 0.000001 0.214286 1
1 -0.617321 0.297000 0.210000 0.000001 0.214286 1
1 -0.617321 0.297000 0.190000 0.000001 0.785714 1
1 -0.600000 -0.297000 0.180000 0.500002 1.071428 1
1 -0.582679 -0.297000 0.210000 1.000001 0.214286 1
1 -0.582679 -0.297000 0.190000 1.000001 0.785714 1
1 -0.582679 0.297000 0.210000 1.000001 0.214286 1
2
0.000000 -1.000000 0.000000
0.000000 1.000000 0.000000
8
1 0 1 2 0 0 0 0
1 3 4 5 1 1 1 0
1 0 6 7 0 0 0 0
1 3 8 4 1 1 1 0
1 0 7 1 0 0 0 0
1 3 9 10 1 1 1 0
1 0 2 11 0 0 0 0
1 3 10 8 1 1 1 0
"Mesh_expert_bg1_Material5" 0 5
12
1 -0.400000 0.297000 0.220000 0.500000 -0.071428 1
1 -0.382679 0.297000 0.190000 1.000000 0.785714 1
1 -0.382679 0.297000 0.210000 1.000000 0.214286 1
1 -0.400000 -0.297000 0.220000 0.500000 -0.071428 1
1 -0.382679 -0.297000 0.190000 1.000000 0.785714 1
1 -0.400000 -0.297000 0.180000 0.500000 1.071428 1
1 -0.417320 -0.297000 0.190000 0.000000 0.785714 1
1 -0.417320 -0.297000 0.210000 0.000000 0.214286 1
1 -0.417320 0.297000 0.210000 0.000000 0.214286 1
1 -0.417320 0.297000 0.190000 0.000000 0.785714 1
1 -0.400000 0.297000 0.180000 0.500000 1.071428 1
1 -0.382679 -0.297000 0.210000 1.000000 0.214286 1
2
0.000000 -1.000000 0.000000
0.000000 1.000000 0.000000
8
1 0 1 2 0 0 0 0
1 3 4 5 1 1 1 0
1 3 6 7 1 1 1 0
1 0 8 9 0 0 0 0
1 0 9 10 0 0 0 0
1 0 10 1 0 0 0 0
1 3 5 6 1 1 1 0
1 3 11 4 1 1 1 0
"Mesh_expert_bg1_Material6" 0 6
12
1 -0.200000 -0.297000 0.220000 0.500000 -0.071428 1
1 -0.182679 -0.297000 0.210000 1.000000 0.214286 1
1 -0.182679 -0.297000 0.190000 1.000000 0.785714 1
1 -0.217320 -0.297000 0.190000 0.000000 0.785714 1
1 -0.217320 -0.297000 0.210000 0.000000 0.214286 1
1 -0.200000 0.297000 0.220000 0.500000 -0.071428 1
1 -0.217320 0.297000 0.210000 0.000000 0.214286 1
1 -0.217320 0.297000 0.190000 0.000000 0.785714 1
1 -0.200000 -0.297000 0.180000 0.500000 1.071428 1
1 -0.200000 0.297000 0.180000 0.500000 1.071428 1
1 -0.182679 0.297000 0.190000 1.000000 0.785714 1
1 -0.182679 0.297000 0.210000 1.000000 0.214286 1
2
0.000000 1.000000 0.000000
0.000000 -1.000000 0.000000
8
1 0 1 2 0 0 0 0
1 0 3 4 0 0 0 0
1 5 6 7 1 1 1 0
1 0 2 8 0 0 0 0
1 5 7 9 1 1 1 0
1 5 9 10 1 1 1 0
1 0 8 3 0 0 0 0
1 5 10 11 1 1 1 0
"Mesh_expert_bg1_Material7" 0 7
12
1 0.000000 0.297000 0.220000 0.500000 -0.071428 1
1 -0.017320 0.297000 0.210000 0.000000 0.214286 1
1 -0.017320 0.297000 0.190000 0.000000 0.785714 1
1 0.000000 -0.297000 0.220000 0.500000 -0.071428 1
1 0.017321 -0.297000 0.210000 1.000000 0.214286 1
1 0.017321 -0.297000 0.190000 1.000000 0.785714 1
1 0.000000 -0.297000 0.180000 0.500000 1.071428 1
1 0.000000 0.297000 0.180000 0.500000 1.071428 1
1 0.017321 0.297000 0.190000 1.000000 0.785714 1
1 -0.017320 -0.297000 0.190000 0.000000 0.785714 1
1 -0.017320 -0.297000 0.210000 0.000000 0.214286 1
1 0.017321 0.297000 0.210000 1.000000 0.214286 1
2
0.000000 -1.000000 0.000000
0.000000 1.000000 0.000000
8
1 0 1 2 0 0 0 0
1 3 4 5 1 1 1 0
1 3 5 6 1 1 1 0
1 0 2 7 0 0 0 0
1 0 7 8 0 0 0 0
1 3 6 9 1 1 1 0
1 3 9 10 1 1 1 0
1 0 8 11 0 0 0 0
"Mesh_expert_bg1_Material8" 0 8
12
1 0.200000 -0.297000 0.220000 0.500000 -0.071428 1
1 0.182680 -0.297000 0.190000 0.000000 0.785714 1
1 0.182680 -0.297000 0.210000 0.000000 0.214286 1
1 0.217321 -0.297000 0.210000 1.000000 0.214286 1
1 0.217321 -0.297000 0.190000 1.000000 0.785714 1
1 0.200000 0.297000 0.220000 0.500000 -0.071428 1
1 0.217321 0.297000 0.190000 1.000000 0.785714 1
1 0.217321 0.297000 0.210000 1.000000 0.214286 1
1 0.182680 0.297000 0.210000 0.000000 0.214286 1
1 0.182680 0.297000 0.190000 0.000000 0.785714 1
1 0.200000 0.297000 0.180000 0.500000 1.071428 1
1 0.200000 -0.297000 0.180000 0.500000 1.071428 1
2
0.000000 1.000000 0.000000
0.000000 -1.000000 0.000000
8
1 0 1 2 0 0 0 0
1 0 3 4 0 0 0 0
1 5 6 7 1 1 1 0
1 5 8 9 1 1 1 0
1 5 9 10 1 1 1 0
1 5 10 6 1 1 1 0
1 0 4 11 0 0 0 0
1 0 11 1 0 0 0 0
"Mesh_expert_bg1_Material9" 0 9
12
1 0.400000 -0.297000 0.220000 0.500000 -0.071428 1
1 0.400000 -0.297000 0.180000 0.500000 1.071428 1
1 0.382679 -0.297000 0.190000 0.000000 0.785714 1
1 0.382679 -0.297000 0.210000 0.000000 0.214286 1
1 0.400000 0.297000 0.220000 0.500000 -0.071428 1
1 0.400000 0.297000 0.180000 0.500000 1.071428 1
1 0.417321 0.297000 0.190000 1.000000 0.785714 1
1 0.417321 -0.297000 0.210000 1.000000 0.214286 1
1 0.417321 -0.297000 0.190000 1.000000 0.785714 1
1 0.382679 0.297000 0.190000 0.000000 0.785714 1
1 0.382679 0.297000 0.210000 0.000000 0.214286 1
1 0.417321 0.297000 0.210000 1.000000 0.214286 1
2
0.000000 1.000000 0.000000
0.000000 -1.000000 0.000000
8
1 0 1 2 0 0 0 0
1 0 2 3 0 0 0 0
1 4 5 6 1 1 1 0
1 0 7 8 0 0 0 0
1 4 9 5 1 1 1 0
1 4 10 9 1 1 1 0
1 0 8 1 0 0 0 0
1 4 6 11 1 1 1 0
"Mesh_expert_bg1_Material10" 0 10
12
1 0.600000 -0.297000 0.220000 0.500000 -0.071428 1
1 0.617321 -0.297000 0.210000 1.000000 0.214286 1
1 0.617321 -0.297000 0.190000 1.000000 0.785714 1
1 0.600000 -0.297000 0.180000 0.500000 1.071428 1
1 0.582680 -0.297000 0.190000 0.000000 0.785714 1
1 0.600000 0.297000 0.220000 0.500000 -0.071428 1
1 0.582680 0.297000 0.190000 0.000000 0.785714 1
1 0.600000 0.297000 0.180000 0.500000 1.071428 1
1 0.617321 0.297000 0.190000 1.000000 0.785714 1
1 0.582680 0.297000 0.210000 0.000000 0.214286 1
1 0.582680 -0.297000 0.210000 0.000000 0.214286 1
1 0.617321 0.297000 0.210000 1.000000 0.214286 1
2
0.000000 1.000000 0.000000
0.000000 -1.000000 0.000000
8
1 0 1 2 0 0 0 0
1 0 3 4 0 0 0 0
1 5 6 7 1 1 1 0
1 5 7 8 1 1 1 0
1 0 2 3 0 0 0 0
1 5 9 6 1 1 1 0
1 0 4 10 0 0 0 0
1 5 8 11 1 1 1 0
"Mesh_expert_bg1_Material11" 0 11
12
1 -0.200000 0.297000 0.620000 0.500000 -0.071428 1
1 -0.200000 0.297000 0.580000 0.500000 1.071428 1
1 -0.182679 0.297000 0.590000 1.000000 0.785714 1
1 -0.200000 -0.297000 0.620000 0.500000 -0.071428 1
1 -0.182679 -0.297000 0.610000 1.000000 0.214286 1
1 -0.182679 -0.297000 0.590000 1.000000 0.785714 1
1 -0.182679 0.297000 0.610000 1.000000 0.214286 1
1 -0.200000 -0.297000 0.580000 0.500000 1.071428 1
1 -0.217320 0.297000 0.590000 0.000000 0.785714 1
1 -0.217320 -0.297000 0.590000 0.000000 0.785714 1
1 -0.217320 -0.297000 0.610000 0.000000 0.214286 1
1 -0.217320 0.297000 0.610000 0.000000 0.214286 1
2
0.000000 -1.000000 0.000000
0.000000 1.000000 0.000000
8
1 0 1 2 0 0 0 0
1 3 4 5 1 1 1 0
1 0 2 6 0 0 0 0
1 3 5 7 1 1 1 0
1 0 8 1 0 0 0 0
1 3 9 10 1 1 1 0
1 0 11 8 0 0 0 0
1 3 7 9 1 1 1 0
"Mesh_expert_bg1_Material12" 0 12
12
1 -0.600000 -0.297000 0.020000 0.500002 -0.071429 1
1 -0.582679 -0.297000 0.010000 1.000001 0.214285 1
1 -0.582679 -0.297000 -0.010000 1.000001 0.785713 1
1 -0.600000 -0.297000 -0.020000 0.500002 1.071429 1
1 -0.617321 -0.297000 -0.010000 0.000001 0.785713 1
1 -0.600000 0.297000 0.020000 0.500002 -0.071429 1
1 -0.582679 0.297000 -0.010000 1.000001 0.785713 1
1 -0.582679 0.297000 0.010000 1.000001 0.214285 1
1 -0.617321 -0.297000 0.010000 0.000001 0.214285 1
1 -0.617321 0.297000 -0.010000 0.000001 0.785713 1
1 -0.600000 0.297000 -0.020000 0.500002 1.071429 1
1 -0.617321 0.297000 0.010000 0.000001 0.214285 1
2
0.000000 1.000000 0.000000
0.000000 -1.000000 0.000000
8
1 0 1 2 0 0 0 0
1 0 3 4 0 0 0 0
1 5 6 7 1 1 1 0
1 0 2 3 0 0 0 0
1 0 4 8 0 0 0 0
1 5 9 10 1 1 1 0
1 5 10 6 1 1 1 0
1 5 11 9 1 1 1 0
"Mesh_expert_bg1_Material13" 0 13
12
1 -0.400000 -0.297000 0.020000 0.500000 -0.071429 1
1 -0.417320 -0.297000 -0.010000 0.000000 0.785713 1
1 -0.417320 -0.297000 0.010000 0.000000 0.214285 1
1 -0.400000 0.297000 0.020000 0.500000 -0.071429 1
1 -0.417320 0.297000 -0.010000 0.000000 0.785713 1
1 -0.400000 0.297000 -0.020000 0.500000 1.071429 1
1 -0.417320 0.297000 0.010000 0.000000 0.214285 1
1 -0.382679 0.297000 -0.010000 1.000000 0.785713 1
1 -0.382679 0.297000 0.010000 1.000000 0.214285 1
1 -0.382679 -0.297000 -0.010000 1.000000 0.785713 1
1 -0.400000 -0.297000 -0.020000 0.500000 1.071429 1
1 -0.382679 -0.297000 0.010000 1.000000 0.214285 1
2
0.000000 1.000000 0.000000
0.000000 -1.000000 0.000000
8
1 0 1 2 0 0 0 0
1 3 4 5 1 1 1 0
1 3 6 4 1 1 1 0
1 3 5 7 1 1 1 0
1 3 7 8 1 1 1 0
1 0 9 10 0 0 0 0
1 0 11 9 0 0 0 0
1 0 10 1 0 0 0 0
"Mesh_expert_bg1_Material14" 0 14
12
1 -0.200000 0.297000 0.020000 0.500000 -0.071429 1
1 -0.182679 0.297000 -0.010000 1.000000 0.785713 1
1 -0.182679 0.297000 0.010000 1.000000 0.214285 1
1 -0.200000 -0.297000 0.020000 0.500000 -0.071429 1
1 -0.200000 -0.297000 -0.020000 0.500000 1.071429 1
1 -0.217320 -0.297000 -0.010000 0.000000 0.785713 1
1 -0.217320 0.297000 0.010000 0.000000 0.214285 1
1 -0.217320 0.297000 -0.010000 0.000000 0.785713 1
1 -0.217320 -0.297000 0.010000 0.000000 0.214285 1
1 -0.182679 -0.297000 -0.010000 1.000000 0.785713 1
1 -0.182679 -0.297000 0.010000 1.000000 0.214285 1
1 -0.200000 0.297000 -0.020000 0.500000 1.071429 1
2
0.000000 -1.000000 0.000000
0.000000 1.000000 0.000000
8
1 0 1 2 0 0 0 0
1 3 4 5 1 1 1 0
1 0 6 7 0 0 0 0
1 3 5 8 1 1 1 0
1 3 9 4 1 1 1 0
1 3 10 9 1 1 1 0
1 0 7 11 0 0 0 0
1 0 11 1 0 0 0 0
"Mesh_expert_bg1_Material15" 0 15
12
1 0.000000 0.297000 0.020000 0.500000 -0.071429 1
1 0.017321 0.297000 -0.010000 1.000000 0.785713 1
1 0.017321 0.297000 0.010000 1.000000 0.214285 1
1 0.000000 0.297000 -0.020000 0.500000 1.071429 1
1 0.000000 -0.297000 0.020000 0.500000 -0.071429 1
1 0.017321 -0.297000 0.010000 1.000000 0.214285 1
1 0.017321 -0.297000 -0.010000 1.000000 0.785713 1
1 0.000000 -0.297000 -0.020000 0.500000 1.071429 1
1 -0.017320 -0.297000 -0.010000 0.000000 0.785713 1
1 -0.017320 -0.297000 0.010000 0.000000 0.214285 1
1 -0.017320 0.297000 0.010000 0.000000 0.214285 1
1 -0.017320 0.297000 -0.010000 0.000000 0.785713 1
2
0.000000 -1.000000 0.000000
0.000000 1.000000 0.000000
8
1 0 1 2 0 0 0 0
1 0 3 1 0 0 0 0
1 4 5 6 1 1 1 0
1 4 6 7 1 1 1 0
1 4 7 8 1 1 1 0
1 4 8 9 1 1 1 0
1 0 10 11 0 0 0 0
1 0 11 3 0 0 0 0
"Mesh_expert_bg1_Material16" 0 16
12
1 0.200000 0.297000 0.020000 0.500000 -0.071429 1
1 0.200000 0.297000 -0.020000 0.500000 1.071429 1
1 0.217321 0.297000 -0.010000 1.000000 0.785713 1
1 0.182680 0.297000 0.010000 0.000000 0.214285 1
1 0.182680 0.297000 -0.010000 0.000000 0.785713 1
1 0.200000 -0.297000 0.020000 0.500000 -0.071429 1
1 0.200000 -0.297000 -0.020000 0.500000 1.071429 1
1 0.182680 -0.297000 -0.010000 0.000000 0.785713 1
1 0.182680 -0.297000 0.010000 0.000000 0.214285 1
1 0.217321 0.297000 0.010000 1.000000 0.214285 1
1 0.217321 -0.297000 -0.010000 1.000000 0.785713 1
1 0.217321 -0.297000 0.010000 1.000000 0.214285 1
2
0.000000 -1.000000 0.000000
0.000000 1.000000 0.000000
8
1 0 1 2 0 0 0 0
1 0 3 4 0 0 0 0
1 0 4 1 0 0 0 0
1 5 6 7 1 1 1 0
1 5 7 8 1 1 1 0
1 0 2 9 0 0 0 0
1 5 10 6 1 1 1 0
1 5 11 10 1 1 1 0
"Mesh_expert_bg1_Material17" 0 17
12
1 0.400000 0.297000 0.020000 0.500000 -0.071429 1
1 0.400000 0.297000 -0.020000 0.500000 1.071429 1
1 0.417321 0.297000 -0.010000 1.000000 0.785713 1
1 0.382679 0.297000 -0.010000 0.000000 0.785713 1
1 0.417321 0.297000 0.010000 1.000000 0.214285 1
1 0.400000 -0.297000 0.020000 0.500000 -0.071429 1
1 0.400000 -0.297000 -0.020000 0.500000 1.071429 1
1 0.382679 -0.297000 -0.010000 0.000000 0.785713 1
1 0.417321 -0.297000 -0.010000 1.000000 0.785713 1
1 0.417321 -0.297000 0.010000 1.000000 0.214285 1
1 0.382679 -0.297000 0.010000 0.000000 0.214285 1
1 0.382679 0.297000 0.010000 0.000000 0.214285 1
2
0.000000 -1.000000 0.000000
0.000000 1.000000 0.000000
8
1 0 1 2 0 0 0 0
1 0 3 1 0 0 0 0
1 0 2 4 0 0 0 0
1 5 6 7 1 1 1 0
1 5 8 6 1 1 1 0
1 5 9 8 1 1 1 0
1 5 7 10 1 1 1 0
1 0 11 3 0 0 0 0
"Mesh_expert_bg1_Material18" 0 18
12
1 0.600000 -0.297000 0.020000 0.500000 -0.071429 1
1 0.617321 -0.297000 0.010000 1.000000 0.214285 1
1 0.617321 -0.297000 -0.010000 1.000000 0.785713 1
1 0.600000 0.297000 0.020000 0.500000 -0.071429 1
1 0.582680 0.297000 -0.010000 0.000000 0.785713 1
1 0.600000 0.297000 -0.020000 0.500000 1.071429 1
1 0.617321 0.297000 -0.010000 1.000000 0.785713 1
1 0.582680 0.297000 0.010000 0.000000 0.214285 1
1 0.600000 -0.297000 -0.020000 0.500000 1.071429 1
1 0.582680 -0.297000 -0.010000 0.000000 0.785713 1
1 0.582680 -0.297000 0.010000 0.000000 0.214285 1
1 0.617321 0.297000 0.010000 1.000000 0.214285 1
2
0.000000 1.000000 0.000000
0.000000 -1.000000 0.000000
8
1 0 1 2 0 0 0 0
1 3 4 5 1 1 1 0
1 3 5 6 1 1 1 0
1 3 7 4 1 1 1 0
1 0 2 8 0 0 0 0
1 0 8 9 0 0 0 0
1 0 9 10 0 0 0 0
1 3 6 11 1 1 1 0
"Mesh_expert_bg1_Material19" 0 19
12
1 -0.600000 0.297000 -0.180000 0.500002 -0.071429 1
1 -0.582679 0.297000 -0.210000 1.000001 0.785715 1
1 -0.582679 0.297000 -0.190000 1.000001 0.214285 1
1 -0.600000 0.297000 -0.220000 0.500002 1.071429 1
1 -0.617321 0.297000 -0.190000 0.000001 0.214285 1
1 -0.617321 0.297000 -0.210000 0.000001 0.785715 1
1 -0.600000 -0.297000 -0.180000 0.500002 -0.071429 1
1 -0.582679 -0.297000 -0.190000 1.000001 0.214285 1
1 -0.582679 -0.297000 -0.210000 1.000001 0.785715 1
1 -0.600000 -0.297000 -0.220000 0.500002 1.071429 1
1 -0.617321 -0.297000 -0.210000 0.000001 0.785715 1
1 -0.617321 -0.297000 -0.190000 0.000001 0.214285 1
2
0.000000 -1.000000 0.000000
0.000000 1.000000 0.000000
8
1 0 1 2 0 0 0 0
1 0 3 1 0 0 0 0
1 0 4 5 0 0 0 0
1 6 7 8 1 1 1 0
1 6 9 10 1 1 1 0
1 6 8 9 1 1 1 0
1 0 5 3 0 0 0 0
1 6 10 11 1 1 1 0
"Mesh_expert_bg1_Material20" 0 20
12
1 -0.400000 -0.297000 -0.180000 0.500000 -0.071429 1
1 -0.382679 -0.297000 -0.190000 1.000000 0.214285 1
1 -0.382679 -0.297000 -0.210000 1.000000 0.785715 1
1 -0.400000 -0.297000 -0.220000 0.500000 1.071429 1
1 -0.417320 -0.297000 -0.210000 0.000000 0.785715 1
1 -0.400000 0.297000 -0.180000 0.500000 -0.071429 1
1 -0.382679 0.297000 -0.210000 1.000000 0.785715 1
1 -0.382679 0.297000 -0.190000 1.000000 0.214285 1
1 -0.417320 0.297000 -0.210000 0.000000 0.785715 1
1 -0.400000 0.297000 -0.220000 0.500000 1.071429 1
1 -0.417320 0.297000 -0.190000 0.000000 0.214285 1
1 -0.417320 -0.297000 -0.190000 0.000000 0.214285 1
2
0.000000 1.000000 0.000000
0.000000 -1.000000 0.000000
8
1 0 1 2 0 0 0 0
1 0 3 4 0 0 0 0
1 0 2 3 0 0 0 0
1 5 6 7 1 1 1 0
1 5 8 9 1 1 1 0
1 5 10 8 1 1 1 0
1 5 9 6 1 1 1 0
1 0 4 11 0 0 0 0
"Mesh_expert_bg1_Material21" 0 21
12
1 -0.200000 -0.297000 -0.180000 0.500000 -0.071429 1
1 -0.200000 -0.297000 -0.220000 0.500000 1.071429 1
1 -0.217320 -0.297000 -0.210000 0.000000 0.785715 1
1 -0.200000 0.297000 -0.180000 0.500000 -0.071429 1
1 -0.217320 0.297000 -0.190000 0.000000 0.214285 1
1 -0.217320 0.297000 -0.210000 0.000000 0.785715 1
1 -0.217320 -0.297000 -0.190000 0.000000 0.214285 1
1 -0.200000 0.297000 -0.220000 0.500000 1.071429 1
1 -0.182679 -0.297000 -0.210000 1.000000 0.785715 1
1 -0.182679 -0.297000 -0.190000 1.000000 0.214285 1
1 -0.182679 0.297000 -0.210000 1.000000 0.785715 1
1 -0.182679 0.297000 -0.190000 1.000000 0.214285 1
2
0.000000 1.000000 0.000000
0.000000 -1.000000 0.000000
8
1 0 1 2 0 0 0 0
1 3 4 5 1 1 1 0
1 0 2 6 0 0 0 0
1 3 5 7 1 1 1 0
1 0 8 1 0 0 0 0
1 0 9 8 0 0 0 0
1 3 10 11 1 1 1 0
1 3 7 10 1 1 1 0
"Mesh_expert_bg1_Material22" 0 22
12
1 0.000000 -0.297000 0.620000 0.500000 -0.071428 1
1 0.000000 -0.297000 0.580000 0.500000 1.071428 1
1 -0.017320 -0.297000 0.590000 0.000000 0.785714 1
1 0.000000 0.297000 0.620000 0.500000 -0.071428 1
1 0.017321 0.297000 0.590000 1.000000 0.785714 1
1 0.017321 0.297000 0.610000 1.000000 0.214286 1
1 0.017321 -0.297000 0.610000 1.000000 0.214286 1
1 0.017321 -0.297000 0.590000 1.000000 0.785714 1
1 -0.017320 -0.297000 0.610000 0.000000 0.214286 1
1 -0.017320 0.297000 0.610000 0.000000 0.214286 1
1 -0.017320 0.297000 0.590000 0.000000 0.785714 1
1 0.000000 0.297000 0.580000 0.500000 1.071428 1
2
0.000000 1.000000 0.000000
0.000000 -1.000000 0.000000
8
1 0 1 2 0 0 0 0
1 3 4 5 1 1 1 0
1 0 6 7 0 0 0 0
1 0 2 8 0 0 0 0
1 0 7 1 0 0 0 0
1 3 9 10 1 1 1 0
1 3 10 11 1 1 1 0
1 3 11 4 1 1 1 0
"Mesh_expert_bg1_Material23" 0 23
12
1 0.000000 0.297000 -0.180000 0.500000 -0.071429 1
1 -0.017320 0.297000 -0.190000 0.000000 0.214285 1
1 -0.017320 0.297000 -0.210000 0.000000 0.785715 1
1 0.000000 -0.297000 -0.180000 0.500000 -0.071429 1
1 0.017321 -0.297000 -0.190000 1.000000 0.214285 1
1 0.017321 -0.297000 -0.210000 1.000000 0.785715 1
1 0.017321 0.297000 -0.210000 1.000000 0.785715 1
1 0.017321 0.297000 -0.190000 1.000000 0.214285 1
1 0.000000 -0.297000 -0.220000 0.500000 1.071429 1
1 -0.017320 -0.297000 -0.210000 0.000000 0.785715 1
1 0.000000 0.297000 -0.220000 0.500000 1.071429 1
1 -0.017320 -0.297000 -0.190000 0.000000 0.214285 1
2
0.000000 -1.000000 0.000000
0.000000 1.000000 0.000000
8
1 0 1 2 0 0 0 0
1 3 4 5 1 1 1 0
1 0 6 7 0 0 0 0
1 3 8 9 1 1 1 0
1 0 10 6 0 0 0 0
1 3 9 11 1 1 1 0
1 3 5 8 1 1 1 0
1 0 2 10 0 0 0 0
"Mesh_expert_bg1_Material24" 0 24
12
1 0.200000 0.297000 -0.180000 0.500000 -0.071429 1
1 0.182680 0.297000 -0.210000 0.000000 0.785715 1
1 0.200000 0.297000 -0.220000 0.500000 1.071429 1
1 0.200000 -0.297000 -0.180000 0.500000 -0.071429 1
1 0.182680 -0.297000 -0.210000 0.000000 0.785715 1
1 0.182680 -0.297000 -0.190000 0.000000 0.214285 1
1 0.200000 -0.297000 -0.220000 0.500000 1.071429 1
1 0.217321 0.297000 -0.210000 1.000000 0.785715 1
1 0.182680 0.297000 -0.190000 0.000000 0.214285 1
1 0.217321 -0.297000 -0.210000 1.000000 0.785715 1
1 0.217321 -0.297000 -0.190000 1.000000 0.214285 1
1 0.217321 0.297000 -0.190000 1.000000 0.214285 1
2
0.000000 -1.000000 0.000000
0.000000 1.000000 0.000000
8
1 0 1 2 0 0 0 0
1 3 4 5 1 1 1 0
1 3 6 4 1 1 1 0
1 0 2 7 0 0 0 0
1 0 8 1 0 0 0 0
1 3 9 6 1 1 1 0
1 3 10 9 1 1 1 0
1 0 7 11 0 0 0 0
"Mesh_expert_bg1_Material25" 0 25
12
1 0.400000 -0.297000 -0.180000 0.500000 -0.071429 1
1 0.400000 -0.297000 -0.220000 0.500000 1.071429 1
1 0.382679 -0.297000 -0.210000 0.000000 0.785715 1
1 0.400000 0.297000 -0.180000 0.500000 -0.071429 1
1 0.382679 0.297000 -0.190000 0.000000 0.214285 1
1 0.382679 0.297000 -0.210000 0.000000 0.785715 1
1 0.417321 -0.297000 -0.190000 1.000000 0.214285 1
1 0.417321 -0.297000 -0.210000 1.000000 0.785715 1
1 0.400000 0.297000 -0.220000 0.500000 1.071429 1
1 0.417321 0.297000 -0.210000 1.000000 0.785715 1
1 0.382679 -0.297000 -0.190000 0.000000 0.214285 1
1 0.417321 0.297000 -0.190000 1.000000 0.214285 1
2
0.000000 1.000000 0.000000
0.000000 -1.000000 0.000000
8
1 0 1 2 0 0 0 0
1 3 4 5 1 1 1 0
1 0 6 7 0 0 0 0
1 0 7 1 0 0 0 0
1 3 5 8 1 1 1 0
1 3 8 9 1 1 1 0
1 0 2 10 0 0 0 0
1 3 9 11 1 1 1 0
"Mesh_expert_bg1_Material26" 0 26
12
1 0.600000 -0.297000 -0.180000 0.500000 -0.071429 1
1 0.582680 -0.297000 -0.210000 0.000000 0.785715 1
1 0.582680 -0.297000 -0.190000 0.000000 0.214285 1
1 0.600000 0.297000 -0.180000 0.500000 -0.071429 1
1 0.617321 0.297000 -0.210000 1.000000 0.785715 1
1 0.617321 0.297000 -0.190000 1.000000 0.214285 1
1 0.617321 -0.297000 -0.190000 1.000000 0.214285 1
1 0.617321 -0.297000 -0.210000 1.000000 0.785715 1
1 0.600000 0.297000 -0.220000 0.500000 1.071429 1
1 0.582680 0.297000 -0.210000 0.000000 0.785715 1
1 0.600000 -0.297000 -0.220000 0.500000 1.071429 1
1 0.582680 0.297000 -0.190000 0.000000 0.214285 1
2
0.000000 1.000000 0.000000
0.000000 -1.000000 0.000000
8
1 0 1 2 0 0 0 0
1 3 4 5 1 1 1 0
1 0 6 7 0 0 0 0
1 3 8 4 1 1 1 0
1 3 9 8 1 1 1 0
1 0 7 10 0 0 0 0
1 0 10 1 0 0 0 0
1 3 11 9 1 1 1 0
"Mesh_expert_bg1_Material27" 0 27
12
1 -0.600000 0.297000 -0.380000 0.500002 -0.071428 1
1 -0.617321 0.297000 -0.390000 0.000001 0.214286 1
1 -0.617321 0.297000 -0.410000 0.000001 0.785713 1
1 -0.600000 -0.297000 -0.380000 0.500002 -0.071428 1
1 -0.617321 -0.297000 -0.410000 0.000001 0.785713 1
1 -0.617321 -0.297000 -0.390000 0.000001 0.214286 1
1 -0.582679 -0.297000 -0.390000 1.000001 0.214286 1
1 -0.582679 -0.297000 -0.410000 1.000001 0.785713 1
1 -0.600000 -0.297000 -0.420000 0.500002 1.071429 1
1 -0.600000 0.297000 -0.420000 0.500002 1.071429 1
1 -0.582679 0.297000 -0.410000 1.000001 0.785713 1
1 -0.582679 0.297000 -0.390000 1.000001 0.214286 1
2
0.000000 -1.000000 0.000000
0.000000 1.000000 0.000000
8
1 0 1 2 0 0 0 0
1 3 4 5 1 1 1 0
1 3 6 7 1 1 1 0
1 3 7 8 1 1 1 0
1 3 8 4 1 1 1 0
1 0 2 9 0 0 0 0
1 0 9 10 0 0 0 0
1 0 10 11 0 0 0 0
"Mesh_expert_bg1_Material28" 0 28
12
1 -0.400000 0.297000 -0.380000 0.500000 -0.071428 1
1 -0.417320 0.297000 -0.390000 0.000000 0.214286 1
1 -0.417320 0.297000 -0.410000 0.000000 0.785713 1
1 -0.400000 -0.297000 -0.380000 0.500000 -0.071428 1
1 -0.400000 -0.297000 -0.420000 0.500000 1.071429 1
1 -0.417320 -0.297000 -0.410000 0.000000 0.785713 1
1 -0.382679 -0.297000 -0.390000 1.000000 0.214286 1
1 -0.382679 -0.297000 -0.410000 1.000000 0.785713 1
1 -0.417320 -0.297000 -0.390000 0.000000 0.214286 1
1 -0.382679 0.297000 -0.410000 1.000000 0.785713 1
1 -0.382679 0.297000 -0.390000 1.000000 0.214286 1
1 -0.400000 0.297000 -0.420000 0.500000 1.071429 1
2
0.000000 -1.000000 0.000000
0.000000 1.000000 0.000000
8
1 0 1 2 0 0 0 0
1 3 4 5 1 1 1 0
1 3 6 7 1 1 1 0
1 3 7 4 1 1 1 0
1 3 5 8 1 1 1 0
1 0 9 10 0 0 0 0
1 0 2 11 0 0 0 0
1 0 11 9 0 0 0 0
"Mesh_expert_bg1_Material29" 0 29
12
1 -0.200000 -0.297000 -0.380000 0.500000 -0.071428 1
1 -0.217320 -0.297000 -0.410000 0.000000 0.785713 1
1 -0.217320 -0.297000 -0.390000 0.000000 0.214286 1
1 -0.200000 -0.297000 -0.420000 0.500000 1.071429 1
1 -0.182679 -0.297000 -0.390000 1.000000 0.214286 1
1 -0.182679 -0.297000 -0.410000 1.000000 0.785713 1
1 -0.200000 0.297000 -0.380000 0.500000 -0.071428 1
1 -0.217320 0.297000 -0.390000 0.000000 0.214286 1
1 -0.217320 0.297000 -0.410000 0.000000 0.785713 1
1 -0.182679 0.297000 -0.410000 1.000000 0.785713 1
1 -0.182679 0.297000 -0.390000 1.000000 0.214286 1
1 -0.200000 0.297000 -0.420000 0.500000 1.071429 1
2
0.000000 1.000000 0.000000
0.000000 -1.000000 0.000000
8
1 0 1 2 0 0 0 0
1 0 3 1 0 0 0 0
1 0 4 5 0 0 0 0
1 6 7 8 1 1 1 0
1 6 9 10 1 1 1 0
1 0 5 3 0 0 0 0
1 6 11 9 1 1 1 0
1 6 8 11 1 1 1 0
"Mesh_expert_bg1_Material30" 0 30
12
1 0.000000 0.297000 -0.380000 0.500000 -0.071428 1
1 -0.017320 0.297000 -0.390000 0.000000 0.214286 1
1 -0.017320 0.297000 -0.410000 0.000000 0.785713 1
1 0.000000 -0.297000 -0.380000 0.500000 -0.071428 1
1 0.017321 -0.297000 -0.410000 1.000000 0.785713 1
1 0.000000 -0.297000 -0.420000 0.500000 1.071429 1
1 0.000000 0.297000 -0.420000 0.500000 1.071429 1
1 0.017321 0.297000 -0.410000 1.000000 0.785713 1
1 0.017321 0.297000 -0.390000 1.000000 0.214286 1
1 -0.017320 -0.297000 -0.410000 0.000000 0.785713 1
1 0.017321 -0.297000 -0.390000 1.000000 0.214286 1
1 -0.017320 -0.297000 -0.390000 0.000000 0.214286 1
2
0.000000 -1.000000 0.000000
0.000000 1.000000 0.000000
8
1 0 1 2 0 0 0 0
1 3 4 5 1 1 1 0
1 0 2 6 0 0 0 0
1 0 6 7 0 0 0 0
1 0 7 8 0 0 0 0
1 3 5 9 1 1 1 0
1 3 10 4 1 1 1 0
1 3 9 11 1 1 1 0
"Mesh_expert_bg1_Material31" 0 31
12
1 0.200000 -0.297000 -0.380000 0.500000 -0.071428 1
1 0.217321 -0.297000 -0.390000 1.000000 0.214286 1
1 0.217321 -0.297000 -0.410000 1.000000 0.785713 1
1 0.200000 0.297000 -0.380000 0.500000 -0.071428 1
1 0.182680 0.297000 -0.390000 0.000000 0.214286 1
1 0.182680 0.297000 -0.410000 0.000000 0.785713 1
1 0.200000 0.297000 -0.420000 0.500000 1.071429 1
1 0.217321 0.297000 -0.410000 1.000000 0.785713 1
1 0.217321 0.297000 -0.390000 1.000000 0.214286 1
1 0.200000 -0.297000 -0.420000 0.500000 1.071429 1
1 0.182680 -0.297000 -0.410000 0.000000 0.785713 1
1 0.182680 -0.297000 -0.390000 0.000000 0.214286 1
2
0.000000 1.000000 0.000000
0.000000 -1.000000 0.000000
8
1 0 1 2 0 0 0 0
1 3 4 5 1 1 1 0
1 3 5 6 1 1 1 0
1 3 6 7 1 1 1 0
1 3 7 8 1 1 1 0
1 0 9 10 0 0 0 0
1 0 10 11 0 0 0 0
1 0 2 9 0 0 0 0
"Mesh_expert_bg1_Material32" 0 32
12
1 0.400000 0.297000 -0.380000 0.500000 -0.071428 1
1 0.417321 0.297000 -0.410000 1.000000 0.785713 1
1 0.417321 0.297000 -0.390000 1.000000 0.214286 1
1 0.400000 -0.297000 -0.380000 0.500000 -0.071428 1
1 0.400000 -0.297000 -0.420000 0.500000 1.071429 1
1 0.382679 -0.297000 -0.410000 0.000000 0.785713 1
1 0.417321 -0.297000 -0.410000 1.000000 0.785713 1
1 0.417321 -0.297000 -0.390000 1.000000 0.214286 1
1 0.400000 0.297000 -0.420000 0.500000 1.071429 1
1 0.382679 0.297000 -0.410000 0.000000 0.785713 1
1 0.382679 0.297000 -0.390000 0.000000 0.214286 1
1 0.382679 -0.297000 -0.390000 0.000000 0.214286 1
2
0.000000 -1.000000 0.000000
0.000000 1.000000 0.000000
8
1 0 1 2 0 0 0 0
1 3 4 5 1 1 1 0
1 3 6 4 1 1 1 0
1 3 7 6 1 1 1 0
1 0 8 1 0 0 0 0
1 0 9 8 0 0 0 0
1 0 10 9 0 0 0 0
1 3 5 11 1 1 1 0
"Mesh_expert_bg1_Material33" 0 33
12
1 0.200000 -0.297000 0.620000 0.500000 -0.071428 1
1 0.200000 -0.297000 0.580000 0.500000 1.071428 1
1 0.182680 -0.297000 0.590000 0.000000 0.785714 1
1 0.200000 0.297000 0.620000 0.500000 -0.071428 1
1 0.217321 0.297000 0.590000 1.000000 0.785714 1
1 0.217321 0.297000 0.610000 1.000000 0.214286 1
1 0.200000 0.297000 0.580000 0.500000 1.071428 1
1 0.182680 0.297000 0.590000 0.000000 0.785714 1
1 0.217321 -0.297000 0.610000 1.000000 0.214286 1
1 0.217321 -0.297000 0.590000 1.000000 0.785714 1
1 0.182680 -0.297000 0.610000 0.000000 0.214286 1
1 0.182680 0.297000 0.610000 0.000000 0.214286 1
2
0.000000 1.000000 0.000000
0.000000 -1.000000 0.000000
8
1 0 1 2 0 0 0 0
1 3 4 5 1 1 1 0
1 3 6 4 1 1 1 0
1 3 7 6 1 1 1 0
1 0 8 9 0 0 0 0
1 0 2 10 0 0 0 0
1 0 9 1 0 0 0 0
1 3 11 7 1 1 1 0
"Mesh_expert_bg1_Material34" 0 34
12
1 0.600000 0.297000 -0.380000 0.500000 -0.071428 1
1 0.617321 0.297000 -0.410000 1.000000 0.785713 1
1 0.617321 0.297000 -0.390000 1.000000 0.214286 1
1 0.600000 -0.297000 -0.380000 0.500000 -0.071428 1
1 0.582680 -0.297000 -0.410000 0.000000 0.785713 1
1 0.582680 -0.297000 -0.390000 0.000000 0.214286 1
1 0.617321 -0.297000 -0.410000 1.000000 0.785713 1
1 0.600000 -0.297000 -0.420000 0.500000 1.071429 1
1 0.617321 -0.297000 -0.390000 1.000000 0.214286 1
1 0.582680 0.297000 -0.390000 0.000000 0.214286 1
1 0.582680 0.297000 -0.410000 0.000000 0.785713 1
1 0.600000 0.297000 -0.420000 0.500000 1.071429 1
2
0.000000 -1.000000 0.000000
0.000000 1.000000 0.000000
8
1 0 1 2 0 0 0 0
1 3 4 5 1 1 1 0
1 3 6 7 1 1 1 0
1 3 8 6 1 1 1 0
1 3 7 4 1 1 1 0
1 0 9 10 0 0 0 0
1 0 10 11 0 0 0 0
1 0 11 1 0 0 0 0
"Mesh_expert_bg1_Material35" 0 35
12
1 -0.400000 0.297000 -0.580000 0.500000 -0.071430 1
1 -0.400000 0.297000 -0.620000 0.500000 1.071428 1
1 -0.382679 0.297000 -0.610000 1.000000 0.785714 1
1 -0.417320 0.297000 -0.590000 0.000000 0.214286 1
1 -0.417320 0.297000 -0.610000 0.000000 0.785714 1
1 -0.382679 0.297000 -0.590000 1.000000 0.214286 1
1 -0.400000 -0.297000 -0.580000 0.500000 -0.071430 1
1 -0.382679 -0.297000 -0.590000 1.000000 0.214286 1
1 -0.382679 -0.297000 -0.610000 1.000000 0.785714 1
1 -0.417320 -0.297000 -0.610000 0.000000 0.785714 1
1 -0.417320 -0.297000 -0.590000 0.000000 0.214286 1
1 -0.400000 -0.297000 -0.620000 0.500000 1.071428 1
2
0.000000 -1.000000 0.000000
0.000000 1.000000 0.000000
8
1 0 1 2 0 0 0 0
1 0 3 4 0 0 0 0
1 0 2 5 0 0 0 0
1 6 7 8 1 1 1 0
1 0 4 1 0 0 0 0
1 6 9 10 1 1 1 0
1 6 11 9 1 1 1 0
1 6 8 11 1 1 1 0
"Mesh_expert_bg1_Material36" 0 36
12
1 -0.200000 0.297000 -0.580000 0.500000 -0.071430 1
1 -0.200000 0.297000 -0.620000 0.500000 1.071428 1
1 -0.182679 0.297000 -0.610000 1.000000 0.785714 1
1 -0.217320 0.297000 -0.610000 0.000000 0.785714 1
1 -0.217320 0.297000 -0.590000 0.000000 0.214286 1
1 -0.200000 -0.297000 -0.580000 0.500000 -0.071430 1
1 -0.217320 -0.297000 -0.610000 0.000000 0.785714 1
1 -0.217320 -0.297000 -0.590000 0.000000 0.214286 1
1 -0.200000 -0.297000 -0.620000 0.500000 1.071428 1
1 -0.182679 -0.297000 -0.610000 1.000000 0.785714 1
1 -0.182679 -0.297000 -0.590000 1.000000 0.214286 1
1 -0.182679 0.297000 -0.590000 1.000000 0.214286 1
2
0.000000 -1.000000 0.000000
0.000000 1.000000 0.000000
8
1 0 1 2 0 0 0 0
1 0 3 1 0 0 0 0
1 0 4 3 0 0 0 0
1 5 6 7 1 1 1 0
1 5 8 6 1 1 1 0
1 5 9 8 1 1 1 0
1 5 10 9 1 1 1 0
1 0 2 11 0 0 0 0
"Mesh_expert_bg1_Material37" 0 37
12
1 0.000000 -0.297000 -0.580000 0.500000 -0.071430 1
1 0.017321 -0.297000 -0.590000 1.000000 0.214286 1
1 0.017321 -0.297000 -0.610000 1.000000 0.785714 1
1 0.000000 0.297000 -0.580000 0.500000 -0.071430 1
1 0.000000 0.297000 -0.620000 0.500000 1.071428 1
1 0.017321 0.297000 -0.610000 1.000000 0.785714 1
1 -0.017320 0.297000 -0.590000 0.000000 0.214286 1
1 -0.017320 0.297000 -0.610000 0.000000 0.785714 1
1 0.000000 -0.297000 -0.620000 0.500000 1.071428 1
1 -0.017320 -0.297000 -0.610000 0.000000 0.785714 1
1 0.017321 0.297000 -0.590000 1.000000 0.214286 1
1 -0.017320 -0.297000 -0.590000 0.000000 0.214286 1
2
0.000000 1.000000 0.000000
0.000000 -1.000000 0.000000
8
1 0 1 2 0 0 0 0
1 3 4 5 1 1 1 0
1 3 6 7 1 1 1 0
1 0 8 9 0 0 0 0
1 3 5 10 1 1 1 0
1 0 9 11 0 0 0 0
1 0 2 8 0 0 0 0
1 3 7 4 1 1 1 0
"Mesh_expert_bg1_Material38" 0 38
12
1 0.200000 0.297000 -0.580000 0.500000 -0.071430 1
1 0.200000 0.297000 -0.620000 0.500000 1.071428 1
1 0.217321 0.297000 -0.610000 1.000000 0.785714 1
1 0.182680 0.297000 -0.610000 0.000000 0.785714 1
1 0.200000 -0.297000 -0.580000 0.500000 -0.071430 1
1 0.217321 -0.297000 -0.590000 1.000000 0.214286 1
1 0.217321 -0.297000 -0.610000 1.000000 0.785714 1
1 0.200000 -0.297000 -0.620000 0.500000 1.071428 1
1 0.182680 -0.297000 -0.610000 0.000000 0.785714 1
1 0.182680 -0.297000 -0.590000 0.000000 0.214286 1
1 0.182680 0.297000 -0.590000 0.000000 0.214286 1
1 0.217321 0.297000 -0.590000 1.000000 0.214286 1
2
0.000000 -1.000000 0.000000
0.000000 1.000000 0.000000
8
1 0 1 2 0 0 0 0
1 0 3 1 0 0 0 0
1 4 5 6 1 1 1 0
1 4 7 8 1 1 1 0
1 4 6 7 1 1 1 0
1 4 8 9 1 1 1 0
1 0 10 3 0 0 0 0
1 0 2 11 0 0 0 0
"Mesh_expert_bg1_Material39" 0 39
12
1 0.400000 -0.297000 -0.580000 0.500000 -0.071430 1
1 0.400000 -0.297000 -0.620000 0.500000 1.071428 1
1 0.382679 -0.297000 -0.610000 0.000000 0.785714 1
1 0.400000 0.297000 -0.580000 0.500000 -0.071430 1
1 0.417321 0.297000 -0.610000 1.000000 0.785714 1
1 0.417321 0.297000 -0.590000 1.000000 0.214286 1
1 0.382679 -0.297000 -0.590000 0.000000 0.214286 1
1 0.400000 0.297000 -0.620000 0.500000 1.071428 1
1 0.382679 0.297000 -0.610000 0.000000 0.785714 1
1 0.417321 -0.297000 -0.610000 1.000000 0.785714 1
1 0.417321 -0.297000 -0.590000 1.000000 0.214286 1
1 0.382679 0.297000 -0.590000 0.000000 0.214286 1
2
0.000000 1.000000 0.000000
0.000000 -1.000000 0.000000
8
1 0 1 2 0 0 0 0
1 3 4 5 1 1 1 0
1 0 2 6 0 0 0 0
1 3 7 4 1 1 1 0
1 3 8 7 1 1 1 0
1 0 9 1 0 0 0 0
1 0 10 9 0 0 0 0
1 3 11 8 1 1 1 0
"Mesh_expert_bg1_Material40" 0 40
12
1 0.400000 -0.297000 0.620000 0.500000 -0.071428 1
1 0.400000 -0.297000 0.580000 0.500000 1.071428 1
1 0.382679 -0.297000 0.590000 0.000000 0.785714 1
1 0.417321 -0.297000 0.610000 1.000000 0.214286 1
1 0.417321 -0.297000 0.590000 1.000000 0.785714 1
1 0.382679 -0.297000 0.610000 0.000000 0.214286 1
1 0.400000 0.297000 0.620000 0.500000 -0.071428 1
1 0.400000 0.297000 0.580000 0.500000 1.071428 1
1 0.417321 0.297000 0.590000 1.000000 0.785714 1
1 0.382679 0.297000 0.590000 0.000000 0.785714 1
1 0.382679 0.297000 0.610000 0.000000 0.214286 1
1 0.417321 0.297000 0.610000 1.000000 0.214286 1
2
0.000000 1.000000 0.000000
0.000000 -1.000000 0.000000
8
1 0 1 2 0 0 0 0
1 0 3 4 0 0 0 0
1 0 2 5 0 0 0 0
1 6 7 8 1 1 1 0
1 6 9 7 1 1 1 0
1 6 10 9 1 1 1 0
1 0 4 1 0 0 0 0
1 6 8 11 1 1 1 0
"Mesh_expert_bg1_Material41" 0 41
12
1 -0.600000 0.297000 0.420000 0.500002 -0.071430 1
1 -0.582679 0.297000 0.390000 1.000001 0.785712 1
1 -0.582679 0.297000 0.410000 1.000001 0.214284 1
1 -0.600000 -0.297000 0.420000 0.500002 -0.071430 1
1 -0.600000 -0.297000 0.380000 0.500002 1.071430 1
1 -0.617321 -0.297000 0.390000 0.000001 0.785712 1
1 -0.582679 -0.297000 0.390000 1.000001 0.785712 1
1 -0.582679 -0.297000 0.410000 1.000001 0.214284 1
1 -0.600000 0.297000 0.380000 0.500002 1.071430 1
1 -0.617321 -0.297000 0.410000 0.000001 0.214284 1
1 -0.617321 0.297000 0.390000 0.000001 0.785712 1
1 -0.617321 0.297000 0.410000 0.000001 0.214284 1
2
0.000000 -1.000000 0.000000
0.000000 1.000000 0.000000
8
1 0 1 2 0 0 0 0
1 3 4 5 1 1 1 0
1 3 6 4 1 1 1 0
1 3 7 6 1 1 1 0
1 0 8 1 0 0 0 0
1 3 5 9 1 1 1 0
1 0 10 8 0 0 0 0
1 0 11 10 0 0 0 0
"Mesh_expert_bg1_Material42" 0 42
12
1 -0.400000 0.297000 0.420000 0.500000 -0.071430 1
1 -0.400000 0.297000 0.380000 0.500000 1.071430 1
1 -0.382679 0.297000 0.390000 1.000000 0.785712 1
1 -0.417320 0.297000 0.410000 0.000000 0.214284 1
1 -0.417320 0.297000 0.390000 0.000000 0.785712 1
1 -0.400000 -0.297000 0.420000 0.500000 -0.071430 1
1 -0.382679 -0.297000 0.410000 1.000000 0.214284 1
1 -0.382679 -0.297000 0.390000 1.000000 0.785712 1
1 -0.400000 -0.297000 0.380000 0.500000 1.071430 1
1 -0.382679 0.297000 0.410000 1.000000 0.214284 1
1 -0.417320 -0.297000 0.390000 0.000000 0.785712 1
1 -0.417320 -0.297000 0.410000 0.000000 0.214284 1
2
0.000000 -1.000000 0.000000
0.000000 1.000000 0.000000
8
1 0 1 2 0 0 0 0
1 0 3 4 0 0 0 0
1 0 4 1 0 0 0 0
1 5 6 7 1 1 1 0
1 5 7 8 1 1 1 0
1 0 2 9 0 0 0 0
1 5 10 11 1 1 1 0
1 5 8 10 1 1 1 0
"Mesh_expert_bg1_Material43" 0 43
12
1 -0.200000 -0.297000 0.420000 0.500000 -0.071430 1
1 -0.182679 -0.297000 0.410000 1.000000 0.214284 1
1 -0.182679 -0.297000 0.390000 1.000000 0.785712 1
1 -0.200000 -0.297000 0.380000 0.500000 1.071430 1
1 -0.217320 -0.297000 0.390000 0.000000 0.785712 1
1 -0.217320 -0.297000 0.410000 0.000000 0.214284 1
1 -0.200000 0.297000 0.420000 0.500000 -0.071430 1
1 -0.217320 0.297000 0.390000 0.000000 0.785712 1
1 -0.200000 0.297000 0.380000 0.500000 1.071430 1
1 -0.182679 0.297000 0.390000 1.000000 0.785712 1
1 -0.182679 0.297000 0.410000 1.000000 0.214284 1
1 -0.217320 0.297000 0.410000 0.000000 0.214284 1
2
0.000000 1.000000 0.000000
0.000000 -1.000000 0.000000
8
1 0 1 2 0 0 0 0
1 0 2 3 0 0 0 0
1 0 4 5 0 0 0 0
1 6 7 8 1 1 1 0
1 6 8 9 1 1 1 0
1 6 9 10 1 1 1 0
1 6 11 7 1 1 1 0
1 0 3 4 0 0 0 0
"Mesh_expert_bg1" 0 44
12
1 0.000000 0.297000 0.420000 0.500000 -0.071430 1
1 -0.017320 0.297000 0.390000 0.000000 0.785712 1
1 0.000000 0.297000 0.380000 0.500000 1.071430 1
1 0.017321 0.297000 0.390000 1.000000 0.785712 1
1 -0.017320 0.297000 0.410000 0.000000 0.214284 1
1 0.000000 -0.297000 0.420000 0.500000 -0.071430 1
1 -0.017320 -0.297000 0.390000 0.000000 0.785712 1
1 -0.017320 -0.297000 0.410000 0.000000 0.214284 1
1 0.017321 -0.297000 0.410000 1.000000 0.214284 1
1 0.017321 -0.297000 0.390000 1.000000 0.785712 1
1 0.000000 -0.297000 0.380000 0.500000 1.071430 1
1 0.017321 0.297000 0.410000 1.000000 0.214284 1
2
0.000000 -1.000000 0.000000
0.000000 1.000000 0.000000
8
1 0 1 2 0 0 0 0
1 0 2 3 0 0 0 0
1 0 4 1 0 0 0 0
1 5 6 7 1 1 1 0
1 5 8 9 1 1 1 0
1 5 10 6 1 1 1 0
1 0 3 11 0 0 0 0
1 5 9 10 1 1 1 0

Materials: 45
"Material"
1.000000 1.000000 1.000000 1.000000
1.000000 1.000000 1.000000 1.000000
0.000000 0.000000 0.000000 1.000000
1.000000 1.000000 1.000000 1.000000
51.200001
1.000000
"spotlight.png"
""
"Material1"
1.000000 1.000000 1.000000 1.000000
1.000000 1.000000 1.000000 1.000000
0.000000 0.000000 0.000000 1.000000
1.000000 1.000000 1.000000 1.000000
51.200001
1.000000
"spotlight.png"
""
"Material2"
1.000000 1.000000 1.000000 1.000000
1.000000 1.000000 1.000000 1.000000
0.000000 0.000000 0.000000 1.000000
1.000000 1.000000 1.000000 1.000000
51.200001
1.000000
"spotlight.png"
""
"Material3"
1.000000 1.000000 1.000000 1.000000
1.000000 1.000000 1.000000 1.000000
0.000000 0.000000 0.000000 1.000000
1.000000 1.000000 1.000000 1.000000
51.200001
1.000000
"spotlight.png"
""
"Material4"
1.000000 1.000000 1.000000 1.000000
1.000000 1.000000 1.000000 1.000000
0.000000 0.000000 0.000000 1.000000
1.000000 1.000000 1.000000 1.000000
51.200001
1.000000
"spotlight.png"
""
"Material5"
1.000000 1.000000 1.000000 1.000000
1.000000 1.000000 1.000000 1.000000
0.000000 0.000000 0.000000 1.000000
1.000000 1.000000 1.000000 1.000000
51.200001
1.000000
"spotlight.png"
""
"Material6"
1.000000 1.000000 1.000000 1.000000
1.000000 1.000000 1.000000 1.000000
0.000000 0.000000 0.000000 1.000000
1.000000 1.000000 1.000000 1.000000
51.200001
1.000000
"spotlight.png"
""
"Material7"
1.000000 1.000000 1.000000 1.000000
1.000000 1.000000 1.000000 1.000000
0.000000 0.000000 0.000000 1.000000
1.000000 1.000000 1.000000 1.000000
51.200001
1.000000
"spotlight.png"
""
"Material8"
1.000000 1.000000 1.000000 1.000000
1.000000 1.000000 1.000000 1.000000
0.000000 0.000000 0.000000 1.000000
1.000000 1.000000 1.000000 1.000000
51.200001
1.000000
"spotlight.png"
""
"Material9"
1.000000 1.000000 1.000000 1.000000
1.000000 1.000000 1.000000 1.000000
0.000000 0.000000 0.000000 1.000000
1.000000 1.000000 1.000000 1.000000
51.200001
1.000000
"spotlight.png"
""
"Material10"
1.000000 1.000000 1.000000 1.000000
1.000000 1.000000 1.000000 1.000000
0.000000 0.000000 0.000000 1.000000
1.000000 1.000000 1.000000 1.000000
51.200001
1.000000
"spotlight.png"
""
"Material11"
1.000000 1.000000 1.000000 1.000000
1.000000 1.000000 1.000000 1.000000
0.000000 0.000000 0.000000 1.000000
1.000000 1.000000 1.000000 1.000000
51.200001
1.000000
"spotlight.png"
""
"Material12"
1.000000 1.000000 1.000000 1.000000
1.000000 1.000000 1.000000 1.000000
0.000000 0.000000 0.000000 1.000000
1.000000 1.000000 1.000000 1.000000
51.200001
1.000000
"spotlight.png"
""
"Material13"
1.000000 1.000000 1.000000 1.000000
1.000000 1.000000 1.000000 1.000000
0.000000 0.000000 0.000000 1.000000
1.000000 1.000000 1.000000 1.000000
51.200001
1.000000
"spotlight.png"
""
"Material14"
1.000000 1.000000 1.000000 1.000000
1.000000 1.000000 1.000000 1.000000
0.000000 0.000000 0.000000 1.000000
1.000000 1.000000 1.000000 1.000000
51.200001
1.000000
"spotlight.png"
""
"Material15"
1.000000 1.000000 1.000000 1.000000
1.000000 1.000000 1.000000 1.000000
0.000000 0.000000 0.000000 1.000000
1.000000 1.000000 1.000000 1.000000
51.200001
1.000000
"spotlight.png"
""
"Material16"
1.000000 1.000000 1.000000 1.000000
1.000000 1.000000 1.000000 1.000000
0.000000 0.000000 0.000000 1.000000
1.000000 1.000000 1.000000 1.000000
51.200001
1.000000
"spotlight.png"
""
"Material17"
1.000000 1.000000 1.000000 1.000000
1.000000 1.000000 1.000000 1.000000
0.000000 0.000000 0.000000 1.000000
1.000000 1.000000 1.000000 1.000000
51.200001
1.000000
"spotlight.png"
""
"Material18"
1.000000 1.000000 1.000000 1.000000
1.000000 1.000000 1.000000 1.000000
0.000000 0.000000 0.000000 1.000000
1.000000 1.000000 1.000000 1.000000
51.200001
1.000000
"spotlight.png"
""
"Material19"
1.000000 1.000000 1.000000 1.000000
1.000000 1.000000 1.000000 1.000000
0.000000 0.000000 0.000000 1.000000
1.000000 1.000000 1.000000 1.000000
51.200001
1.000000
"spotlight.png"
""
"Material20"
1.000000 1.000000 1.000000 1.000000
1.000000 1.000000 1.000000 1.000000
0.000000 0.000000 0.000000 1.000000
1.000000 1.000000 1.000000 1.000000
51.200001
1.000000
"spotlight.png"
""
"Material21"
1.000000 1.000000 1.000000 1.000000
1.000000 1.000000 1.000000 1.000000
0.000000 0.000000 0.000000 1.000000
1.000000 1.000000 1.000000 1.000000
51.200001
1.000000
"spotlight.png"
""
"Material22"
1.000000 1.000000 1.000000 1.000000
1.000000 1.000000 1.000000 1.000000
0.000000 0.000000 0.000000 1.000000
1.000000 1.000000 1.000000 1.000000
51.200001
1.000000
"spotlight.png"
""
"Material23"
1.000000 1.000000 1.000000 1.000000
1.000000 1.000000 1.000000 1.000000
0.000000 0.000000 0.000000 1.000000
1.000000 1.000000 1.000000 1.000000
51.200001
1.000000
"spotlight.png"
""
"Material24"
1.000000 1.000000 1.000000 1.000000
1.000000 1.000000 1.000000 1.000000
0.000000 0.000000 0.000000 1.000000
1.000000 1.000000 1.000000 1.000000
51.200001
1.000000
"spotlight.png"
""
"Material25"
1.000000 1.000000 1.000000 1.000000
1.000000 1.000000 1.000000 1.000000
0.000000 0.000000 0.000000 1.000000
1.000000 1.000000 1.000000 1.000000
51.200001
1.000000
"spotlight.png"
""
"Material26"
1.000000 1.000000 1.000000 1.000000
1.000000 1.000000 1.000000 1.000000
0.000000 0.000000 0.000000 1.000000
1.000000 1.000000 1.000000 1.000000
51.200001
1.000000
"spotlight.png"
""
"Material27"
1.000000 1.000000 1.000000 1.000000
1.000000 1.000000 1.000000 1.000000
0.000000 0.000000 0.000000 1.000000
1.000000 1.000000 1.000000 1.000000
51.200001
1.000000
"spotlight.png"
""
"Material28"
1.000000 1.000000 1.000000 1.000000
1.000000 1.000000 1.000000 1.000000
0.000000 0.000000 0.000000 1.000000
1.000000 1.000000 1.000000 1.000000
51.200001
1.000000
"spotlight.png"
""
"Material29"
1.000000 1.000000 1.000000 1.000000
1.000000 1.000000 1.000000 1.000000
0.000000 0.000000 0.000000 1.000000
1.000000 1.000000 1.000000 1.000000
51.200001
1.000000
"spotlight.png"
""
"Material30"
1.000000 1.000000 1.000000 1.000000
1.000000 1.000000 1.000000 1.000000
0.000000 0.000000 0.000000 1.000000
1.000000 1.000000 1.000000 1.000000
51.200001
1.000000
"spotlight.png"
""
"Material31"
1.000000 1.000000 1.000000 1.000000
1.000000 1.000000 1.000000 1.000000
0.000000 0.000000 0.000000 1.000000
1.000000 1.000000 1.000000 1.000000
51.200001
1.000000
"spotlight.png"
""
"Material32"
1.000000 1.000000 1.000000 1.000000
1.000000 1.000000 1.000000 1.000000
0.000000 0.000000 0.000000 1.000000
1.000000 1.000000 1.000000 1.000000
51.200001
1.000000
"spotlight.png"
""
"Material33"
1.000000 1.000000 1.000000 1.000000
1.000000 1.000000 1.000000 1.000000
0.000000 0.000000 0.000000 1.000000
1.000000 1.000000 1.000000 1.000000
51.200001
1.000000
"spotlight.png"
""
"Material34"
1.000000 1.000000 1.000000 1.000000
1.000000 1.000000 1.000000 1.000000
0.000000 0.000000 0.000000 1.000000
1.000000 1.000000 1.000000 1.000000
51.200001
1.000000
"spotlight.png"
""
"Material35"
1.000000 1.000000 1.000000 1.000000
1.000000 1.000000 1.000000 1.000000
0.000000 0.000000 0.000000 1.000000
1.000000 1.000000 1.000000 1.000000
51.200001
1.000000
"spotlight.png"
""
"Material36"
1.000000 1.000000 1.000000 1.000000
1.000000 1.000000 1.000000 1.000000
0.000000 0.000000 0.000000 1.000000
1.000000 1.000000 1.000000 1.000000
51.200001
1.000000
"spotlight.png"
""
"Material37"
1.000000 1.000000 1.000000 1.000000
1.000000 1.000000 1.000000 1.000000
0.000000 0.000000 0.000000 1.000000
1.000000 1.000000 1.000000 1.000000
51.200001
1.000000
"spotlight.png"
""
"Material38"
1.000000 1.000000 1.000000 1.000000
1.000000 1.000000 1.000000 1.000000
0.000000 0.000000 0.000000 1.000000
1.000000 1.000000 1.000000 1.000000
51.200001
1.000000
"spotlight.png"
""
"Material39"
1.000000 1.000000 1.000000 1.000000
1.000000 1.000000 1.000000 1.000000
0.000000 0.000000 0.000000 1.000000
1.000000 1.000000 1.000000 1.000000
51.200001
1.000000
"spotlight.png"
""
"Material40"
1.000000 1.000000 1.000000 1.000000
1.000000 1.000000 1.000000 1.000000
0.000000 0.000000 0.000000 1.000000
1.000000 1.000000 1.000000 1.000000
51.200001
1.000000
"spotlight.png"
""
"Material41"
1.000000 1.000000 1.000000 1.000000
1.000000 1.000000 1.000000 1.000000
0.000000 0.000000 0.000000 1.000000
1.000000 1.000000 1.000000 1.000000
51.200001
1.000000
"spotlight.png"
""
"Material42"
1.000000 1.000000 1.000000 1.000000
1.000000 1.000000 1.000000 1.000000
0.000000 0.000000 0.000000 1.000000
1.000000 1.000000 1.000000 1.000000
51.200001
1.000000
"spotlight.png"
""
"Material43"
1.000000 1.000000 1.000000 1.000000
1.000000 1.000000 1.000000 1.000000
0.000000 0.000000 0.000000 1.000000
1.000000 1.000000 1.000000 1.000000
51.200001
1.000000
"spotlight.png"
""
"Material44"
1.000000 1.000000 1.000000 1.000000
1.000000 1.000000 1.000000 1.000000
0.000000 0.000000 0.000000 1.000000
1.000000 1.000000 1.000000 1.000000
51.200001
1.000000
"spotlight.png"
""

Bones: 2
"Frame_SCENE_ROOT"
""
8 0.000000 0.000000 0.000000 0.000000 -0.000000 0.000000
2
0.416320 0.000000 0.000000 0.000000
500.000000 0.000000 0.000000 0.000000
2
0.416320 0.000000 -0.000000 0.000000
500.000000 0.000000 -0.000000 0.000000
"Frame1_expert_bg1_Layer1"
"Frame_SCENE_ROOT"
8 0.000000 0.000000 0.000000 0.000000 -0.000000 0.000000
1201
0.416320 0.000000 0.000000 0.000000
0.832639 0.000000 0.000000 0.000000
1.248959 0.000000 0.000000 0.000000
1.665279 0.000000 0.000000 0.000000
2.081599 0.000000 0.000000 0.000000
2.497918 0.000000 0.000000 0.000000
2.914238 0.000000 0.000000 0.000000
3.330558 0.000000 0.000000 0.000000
3.746878 0.000000 0.000000 0.000000
4.163198 0.000000 0.000000 0.000000
4.579517 0.000000 0.000000 0.000000
4.995837 0.000000 0.000000 0.000000
5.412157 0.000000 0.000000 0.000000
5.828476 0.000000 0.000000 0.000000
6.244796 0.000000 0.000000 0.000000
6.661116 0.000000 0.000000 0.000000
7.077435 0.000000 0.000000 0.000000
7.493755 0.000000 0.000000 0.000000
7.910075 0.000000 0.000000 0.000000
8.326395 0.000000 0.000000 0.000000
8.742714 0.000000 0.000000 0.000000
9.159034 0.000000 0.000000 0.000000
9.575354 0.000000 0.000000 0.000000
9.991673 0.000000 0.000000 0.000000
10.407993 0.000000 0.000000 0.000000
10.824313 0.000000 0.000000 0.000000
11.240633 0.000000 0.000000 0.000000
11.656952 0.000000 0.000000 0.000000
12.073271 0.000000 0.000000 0.000000
12.489592 0.000000 0.000000 0.000000
12.905911 0.000000 0.000000 0.000000
13.322231 0.000000 0.000000 0.000000
13.738551 0.000000 0.000000 0.000000
14.154871 0.000000 0.000000 0.000000
14.571191 0.000000 0.000000 0.000000
14.987511 0.000000 0.000000 0.000000
15.403830 0.000000 0.000000 0.000000
15.820149 0.000000 0.000000 0.000000
16.236469 0.000000 0.000000 0.000000
16.652790 0.000000 0.000000 0.000000
17.069109 0.000000 0.000000 0.000000
17.485428 0.000000 0.000000 0.000000
17.901749 0.000000 0.000000 0.000000
18.318068 0.000000 0.000000 0.000000
18.734388 0.000000 0.000000 0.000000
19.150707 0.000000 0.000000 0.000000
19.567028 0.000000 0.000000 0.000000
19.983347 0.000000 0.000000 0.000000
20.399666 0.000000 0.000000 0.000000
20.815987 0.000000 0.000000 0.000000
21.232304 0.000000 0.000000 0.000000
21.648626 0.000000 0.000000 0.000000
22.064945 0.000000 0.000000 0.000000
22.481266 0.000000 0.000000 0.000000
22.897585 0.000000 0.000000 0.000000
23.313904 0.000000 0.000000 0.000000
23.730225 0.000000 0.000000 0.000000
24.146542 0.000000 0.000000 0.000000
24.562864 0.000000 0.000000 0.000000
24.979183 0.000000 0.000000 0.000000
25.395504 0.000000 0.000000 0.000000
25.811823 0.000000 0.000000 0.000000
26.228144 0.000000 0.000000 0.000000
26.644463 0.000000 0.000000 0.000000
27.060780 0.000000 0.000000 0.000000
27.477102 0.000000 0.000000 0.000000
27.893421 0.000000 0.000000 0.000000
28.309742 0.000000 0.000000 0.000000
28.726061 0.000000 0.000000 0.000000
29.142382 0.000000 0.000000 0.000000
29.558701 0.000000 0.000000 0.000000
29.975021 0.000000 0.000000 0.000000
30.391340 0.000000 0.000000 0.000000
30.807659 0.000000 0.000000 0.000000
31.223980 0.000000 0.000000 0.000000
31.640299 0.000000 0.000000 0.000000
32.056618 0.000000 0.000000 0.000000
32.472939 0.000000 0.000000 0.000000
32.889259 0.000000 0.000000 0.000000
33.305580 0.000000 0.000000 0.000000
33.721897 0.000000 0.000000 0.000000
34.138218 0.000000 0.000000 0.000000
34.554539 0.000000 0.000000 0.000000
34.970856 0.000000 0.000000 0.000000
35.387177 0.000000 0.000000 0.000000
35.803497 0.000000 0.000000 0.000000
36.219818 0.000000 0.000000 0.000000
36.636135 0.000000 0.000000 0.000000
37.052456 0.000000 0.000000 0.000000
37.468777 0.000000 0.000000 0.000000
37.885094 0.000000 0.000000 0.000000
38.301414 0.000000 0.000000 0.000000
38.717735 0.000000 0.000000 0.000000
39.134056 0.000000 0.000000 0.000000
39.550373 0.000000 0.000000 0.000000
39.966694 0.000000 0.000000 0.000000
40.383015 0.000000 0.000000 0.000000
40.799332 0.000000 0.000000 0.000000
41.215652 0.000000 0.000000 0.000000
41.631973 0.000000 0.000000 0.000000
42.048294 0.000000 0.000000 0.000000
42.464607 0.000000 0.000000 0.000000
42.880932 0.000000 0.000000 0.000000
43.297253 0.000000 0.000000 0.000000
43.713570 0.000000 0.000000 0.000000
44.129890 0.000000 0.000000 0.000000
44.546211 0.000000 0.000000 0.000000
44.962532 0.000000 0.000000 0.000000
45.378845 0.000000 0.000000 0.000000
45.795170 0.000000 0.000000 0.000000
46.211491 0.000000 0.000000 0.000000
46.627808 0.000000 0.000000 0.000000
47.044128 0.000000 0.000000 0.000000
47.460449 0.000000 0.000000 0.000000
47.876770 0.000000 0.000000 0.000000
48.293083 0.000000 0.000000 0.000000
48.709408 0.000000 0.000000 0.000000
49.125729 0.000000 0.000000 0.000000
49.542049 0.000000 0.000000 0.000000
49.958366 0.000000 0.000000 0.000000
50.374687 0.000000 0.000000 0.000000
50.791008 0.000000 0.000000 0.000000
51.207321 0.000000 0.000000 0.000000
51.623646 0.000000 0.000000 0.000000
52.039967 0.000000 0.000000 0.000000
52.456287 0.000000 0.000000 0.000000
52.872604 0.000000 0.000000 0.000000
53.288925 0.000000 0.000000 0.000000
53.705246 0.000000 0.000000 0.000000
54.121559 0.000000 0.000000 0.000000
54.537884 0.000000 0.000000 0.000000
54.954205 0.000000 0.000000 0.000000
55.370525 0.000000 0.000000 0.000000
55.786842 0.000000 0.000000 0.000000
56.203163 0.000000 0.000000 0.000000
56.619484 0.000000 0.000000 0.000000
57.035797 0.000000 0.000000 0.000000
57.452122 0.000000 0.000000 0.000000
57.868443 0.000000 0.000000 0.000000
58.284763 0.000000 0.000000 0.000000
58.701080 0.000000 0.000000 0.000000
59.117401 0.000000 0.000000 0.000000
59.533722 0.000000 0.000000 0.000000
59.950043 0.000000 0.000000 0.000000
60.366360 0.000000 0.000000 0.000000
60.782681 0.000000 0.000000 0.000000
61.199001 0.000000 0.000000 0.000000
61.615318 0.000000 0.000000 0.000000
62.031639 0.000000 0.000000 0.000000
62.447960 0.000000 0.000000 0.000000
62.864281 0.000000 0.000000 0.000000
63.280598 0.000000 0.000000 0.000000
63.696918 0.000000 0.000000 0.000000
64.113235 0.000000 0.000000 0.000000
64.529556 0.000000 0.000000 0.000000
64.945877 0.000000 0.000000 0.000000
65.362198 0.000000 0.000000 0.000000
65.778519 0.000000 0.000000 0.000000
66.194839 0.000000 0.000000 0.000000
66.611160 0.000000 0.000000 0.000000
67.027473 0.000000 0.000000 0.000000
67.443794 0.000000 0.000000 0.000000
67.860115 0.000000 0.000000 0.000000
68.276436 0.000000 0.000000 0.000000
68.692757 0.000000 0.000000 0.000000
69.109077 0.000000 0.000000 0.000000
69.525398 0.000000 0.000000 0.000000
69.941711 0.000000 0.000000 0.000000
70.358032 0.000000 0.000000 0.000000
70.774353 0.000000 0.000000 0.000000
71.190674 0.000000 0.000000 0.000000
71.606995 0.000000 0.000000 0.000000
72.023315 0.000000 0.000000 0.000000
72.439636 0.000000 0.000000 0.000000
72.855949 0.000000 0.000000 0.000000
73.272270 0.000000 0.000000 0.000000
73.688591 0.000000 0.000000 0.000000
74.104912 0.000000 0.000000 0.000000
74.521233 0.000000 0.000000 0.000000
74.937553 0.000000 0.000000 0.000000
75.353874 0.000000 0.000000 0.000000
75.770187 0.000000 0.000000 0.000000
76.186508 0.000000 0.000000 0.000000
76.602829 0.000000 0.000000 0.000000
77.019150 0.000000 0.000000 0.000000
77.435471 0.000000 0.000000 0.000000
77.851791 0.000000 0.000000 0.000000
78.268112 0.000000 0.000000 0.000000
78.684425 0.000000 0.000000 0.000000
79.100746 0.000000 0.000000 0.000000
79.517067 0.000000 0.000000 0.000000
79.933388 0.000000 0.000000 0.000000
80.349716 0.000000 0.000000 0.000000
80.766029 0.000000 0.000000 0.000000
81.182343 0.000000 0.000000 0.000000
81.598663 0.000000 0.000000 0.000000
82.014984 0.000000 0.000000 0.000000
82.431305 0.000000 0.000000 0.000000
82.847626 0.000000 0.000000 0.000000
83.263947 0.000000 0.000000 0.000000
83.680267 0.000000 0.000000 0.000000
84.096588 0.000000 0.000000 0.000000
84.512901 0.000000 0.000000 0.000000
84.929214 0.000000 0.000000 0.000000
85.345543 0.000000 0.000000 0.000000
85.761864 0.000000 0.000000 0.000000
86.178192 0.000000 0.000000 0.000000
86.594505 0.000000 0.000000 0.000000
87.010818 0.000000 0.000000 0.000000
87.427139 0.000000 0.000000 0.000000
87.843460 0.000000 0.000000 0.000000
88.259781 0.000000 0.000000 0.000000
88.676102 0.000000 0.000000 0.000000
89.092422 0.000000 0.000000 0.000000
89.508743 0.000000 0.000000 0.000000
89.925064 0.000000 0.000000 0.000000
90.341377 0.000000 0.000000 0.000000
90.757690 0.000000 0.000000 0.000000
91.174019 0.000000 0.000000 0.000000
91.590340 0.000000 0.000000 0.000000
92.006668 0.000000 0.000000 0.000000
92.422981 0.000000 0.000000 0.000000
92.839294 0.000000 0.000000 0.000000
93.255615 0.000000 0.000000 0.000000
93.671936 0.000000 0.000000 0.000000
94.088257 0.000000 0.000000 0.000000
94.504578 0.000000 0.000000 0.000000
94.920898 0.000000 0.000000 0.000000
95.337219 0.000000 0.000000 0.000000
95.753540 0.000000 0.000000 0.000000
96.169861 0.000000 0.000000 0.000000
96.586166 0.000000 0.000000 0.000000
97.002495 0.000000 0.000000 0.000000
97.418816 0.000000 0.000000 0.000000
97.835144 0.000000 0.000000 0.000000
98.251457 0.000000 0.000000 0.000000
98.667770 0.000000 0.000000 0.000000
99.084099 0.000000 0.000000 0.000000
99.500412 0.000000 0.000000 0.000000
99.916733 0.000000 0.000000 0.000000
100.333054 0.000000 0.000000 0.000000
100.749374 0.000000 0.000000 0.000000
101.165695 0.000000 0.000000 0.000000
101.582016 0.000000 0.000000 0.000000
101.998337 0.000000 0.000000 0.000000
102.414642 0.000000 0.000000 0.000000
102.830971 0.000000 0.000000 0.000000
103.247292 0.000000 0.000000 0.000000
103.663620 0.000000 0.000000 0.000000
104.079933 0.000000 0.000000 0.000000
104.496246 0.000000 0.000000 0.000000
104.912575 0.000000 0.000000 0.000000
105.328888 0.000000 0.000000 0.000000
105.745209 0.000000 0.000000 0.000000
106.161530 0.000000 0.000000 0.000000
106.577850 0.000000 0.000000 0.000000
106.994171 0.000000 0.000000 0.000000
107.410492 0.000000 0.000000 0.000000
107.826813 0.000000 0.000000 0.000000
108.243118 0.000000 0.000000 0.000000
108.659447 0.000000 0.000000 0.000000
109.075768 0.000000 0.000000 0.000000
109.492096 0.000000 0.000000 0.000000
109.908409 0.000000 0.000000 0.000000
110.324722 0.000000 0.000000 0.000000
110.741051 0.000000 0.000000 0.000000
111.157364 0.000000 0.000000 0.000000
111.573685 0.000000 0.000000 0.000000
111.990005 0.000000 0.000000 0.000000
112.406326 0.000000 0.000000 0.000000
112.822647 0.000000 0.000000 0.000000
113.238968 0.000000 0.000000 0.000000
113.655289 0.000000 0.000000 0.000000
114.071594 0.000000 0.000000 0.000000
114.487923 0.000000 0.000000 0.000000
114.904243 0.000000 0.000000 0.000000
115.320572 0.000000 0.000000 0.000000
115.736885 0.000000 0.000000 0.000000
116.153198 0.000000 0.000000 0.000000
116.569527 0.000000 0.000000 0.000000
116.985840 0.000000 0.000000 0.000000
117.402161 0.000000 0.000000 0.000000
117.818481 0.000000 0.000000 0.000000
118.234802 0.000000 0.000000 0.000000
118.651123 0.000000 0.000000 0.000000
119.067444 0.000000 0.000000 0.000000
119.483765 0.000000 0.000000 0.000000
119.900085 0.000000 0.000000 0.000000
120.316399 0.000000 0.000000 0.000000
120.732719 0.000000 0.000000 0.000000
121.149048 0.000000 0.000000 0.000000
121.565361 0.000000 0.000000 0.000000
121.981674 0.000000 0.000000 0.000000
122.398003 0.000000 0.000000 0.000000
122.814323 0.000000 0.000000 0.000000
123.230637 0.000000 0.000000 0.000000
123.646957 0.000000 0.000000 0.000000
124.063278 0.000000 0.000000 0.000000
124.479599 0.000000 0.000000 0.000000
124.895920 0.000000 0.000000 0.000000
125.312241 0.000000 0.000000 0.000000
125.728561 0.000000 0.000000 0.000000
126.144875 0.000000 0.000000 0.000000
126.561195 0.000000 0.000000 0.000000
126.977524 0.000000 0.000000 0.000000
127.393837 0.000000 0.000000 0.000000
127.810150 0.000000 0.000000 0.000000
128.226471 0.000000 0.000000 0.000000
128.642792 0.000000 0.000000 0.000000
129.059113 0.000000 0.000000 0.000000
129.475433 0.000000 0.000000 0.000000
129.891754 0.000000 0.000000 0.000000
130.308075 0.000000 0.000000 0.000000
130.724396 0.000000 0.000000 0.000000
131.140717 0.000000 0.000000 0.000000
131.557037 0.000000 0.000000 0.000000
131.973358 0.000000 0.000000 0.000000
132.389679 0.000000 0.000000 0.000000
132.806000 0.000000 0.000000 0.000000
133.222321 0.000000 0.000000 0.000000
133.638626 0.000000 0.000000 0.000000
134.054947 0.000000 0.000000 0.000000
134.471268 0.000000 0.000000 0.000000
134.887589 0.000000 0.000000 0.000000
135.303909 0.000000 0.000000 0.000000
135.720230 0.000000 0.000000 0.000000
136.136551 0.000000 0.000000 0.000000
136.552872 0.000000 0.000000 0.000000
136.969193 0.000000 0.000000 0.000000
137.385513 0.000000 0.000000 0.000000
137.801834 0.000000 0.000000 0.000000
138.218155 0.000000 0.000000 0.000000
138.634476 0.000000 0.000000 0.000000
139.050797 0.000000 0.000000 0.000000
139.467102 0.000000 0.000000 0.000000
139.883423 0.000000 0.000000 0.000000
140.299744 0.000000 0.000000 0.000000
140.716064 0.000000 0.000000 0.000000
141.132385 0.000000 0.000000 0.000000
141.548706 0.000000 0.000000 0.000000
141.965027 0.000000 0.000000 0.000000
142.381348 0.000000 0.000000 0.000000
142.797668 0.000000 0.000000 0.000000
143.213989 0.000000 0.000000 0.000000
143.630310 0.000000 0.000000 0.000000
144.046631 0.000000 0.000000 0.000000
144.462952 0.000000 0.000000 0.000000
144.879272 0.000000 0.000000 0.000000
145.295578 0.000000 0.000000 0.000000
145.711899 0.000000 0.000000 0.000000
146.128220 0.000000 0.000000 0.000000
146.544540 0.000000 0.000000 0.000000
146.960861 0.000000 0.000000 0.000000
147.377182 0.000000 0.000000 0.000000
147.793503 0.000000 0.000000 0.000000
148.209824 0.000000 0.000000 0.000000
148.626144 0.000000 0.000000 0.000000
149.042465 0.000000 0.000000 0.000000
149.458786 0.000000 0.000000 0.000000
149.875107 0.000000 0.000000 0.000000
150.291428 0.000000 0.000000 0.000000
150.707748 0.000000 0.000000 0.000000
151.124054 0.000000 0.000000 0.000000
151.540375 0.000000 0.000000 0.000000
151.956696 0.000000 0.000000 0.000000
152.373016 0.000000 0.000000 0.000000
152.789337 0.000000 0.000000 0.000000
153.205658 0.000000 0.000000 0.000000
153.621979 0.000000 0.000000 0.000000
154.038300 0.000000 0.000000 0.000000
154.454620 0.000000 0.000000 0.000000
154.870941 0.000000 0.000000 0.000000
155.287262 0.000000 0.000000 0.000000
155.703583 0.000000 0.000000 0.000000
156.119904 0.000000 0.000000 0.000000
156.536224 0.000000 0.000000 0.000000
156.952530 0.000000 0.000000 0.000000
157.368851 0.000000 0.000000 0.000000
157.785172 0.000000 0.000000 0.000000
158.201492 0.000000 0.000000 0.000000
158.617813 0.000000 0.000000 0.000000
159.034134 0.000000 0.000000 0.000000
159.450455 0.000000 0.000000 0.000000
159.866776 0.000000 0.000000 0.000000
160.283081 0.000000 0.000000 0.000000
160.699432 0.000000 0.000000 0.000000
161.115738 0.000000 0.000000 0.000000
161.532059 0.000000 0.000000 0.000000
161.948380 0.000000 0.000000 0.000000
162.364685 0.000000 0.000000 0.000000
162.781036 0.000000 0.000000 0.000000
163.197327 0.000000 0.000000 0.000000
163.613647 0.000000 0.000000 0.000000
164.029968 0.000000 0.000000 0.000000
164.446289 0.000000 0.000000 0.000000
164.862610 0.000000 0.000000 0.000000
165.278931 0.000000 0.000000 0.000000
165.695251 0.000000 0.000000 0.000000
166.111572 0.000000 0.000000 0.000000
166.527893 0.000000 0.000000 0.000000
166.944214 0.000000 0.000000 0.000000
167.360535 0.000000 0.000000 0.000000
167.776855 0.000000 0.000000 0.000000
168.193176 0.000000 0.000000 0.000000
168.609497 0.000000 0.000000 0.000000
169.025803 0.000000 0.000000 0.000000
169.442123 0.000000 0.000000 0.000000
169.858429 0.000000 0.000000 0.000000
170.274780 0.000000 0.000000 0.000000
170.691086 0.000000 0.000000 0.000000
171.107407 0.000000 0.000000 0.000000
171.523727 0.000000 0.000000 0.000000
171.940033 0.000000 0.000000 0.000000
172.356384 0.000000 0.000000 0.000000
172.772690 0.000000 0.000000 0.000000
173.189011 0.000000 0.000000 0.000000
173.605331 0.000000 0.000000 0.000000
174.021637 0.000000 0.000000 0.000000
174.437988 0.000000 0.000000 0.000000
174.854279 0.000000 0.000000 0.000000
175.270599 0.000000 0.000000 0.000000
175.686920 0.000000 0.000000 0.000000
176.103241 0.000000 0.000000 0.000000
176.519562 0.000000 0.000000 0.000000
176.935883 0.000000 0.000000 0.000000
177.352203 0.000000 0.000000 0.000000
177.768524 0.000000 0.000000 0.000000
178.184845 0.000000 0.000000 0.000000
178.601166 0.000000 0.000000 0.000000
179.017487 0.000000 0.000000 0.000000
179.433807 0.000000 0.000000 0.000000
179.850128 0.000000 0.000000 0.000000
180.266449 0.000000 0.000000 0.000000
180.682755 0.000000 0.000000 0.000000
181.099075 0.000000 0.000000 0.000000
181.515381 0.000000 0.000000 0.000000
181.931732 0.000000 0.000000 0.000000
182.348038 0.000000 0.000000 0.000000
182.764359 0.000000 0.000000 0.000000
183.180679 0.000000 0.000000 0.000000
183.596985 0.000000 0.000000 0.000000
184.013336 0.000000 0.000000 0.000000
184.429642 0.000000 0.000000 0.000000
184.845963 0.000000 0.000000 0.000000
185.262283 0.000000 0.000000 0.000000
185.678589 0.000000 0.000000 0.000000
186.094940 0.000000 0.000000 0.000000
186.511230 0.000000 0.000000 0.000000
186.927551 0.000000 0.000000 0.000000
187.343872 0.000000 0.000000 0.000000
187.760193 0.000000 0.000000 0.000000
188.176514 0.000000 0.000000 0.000000
188.592834 0.000000 0.000000 0.000000
189.009155 0.000000 0.000000 0.000000
189.425476 0.000000 0.000000 0.000000
189.841797 0.000000 0.000000 0.000000
190.258118 0.000000 0.000000 0.000000
190.674438 0.000000 0.000000 0.000000
191.090759 0.000000 0.000000 0.000000
191.507080 0.000000 0.000000 0.000000
191.923401 0.000000 0.000000 0.000000
192.339722 0.000000 0.000000 0.000000
192.756027 0.000000 0.000000 0.000000
193.172333 0.000000 0.000000 0.000000
193.588684 0.000000 0.000000 0.000000
194.004990 0.000000 0.000000 0.000000
194.421310 0.000000 0.000000 0.000000
194.837631 0.000000 0.000000 0.000000
195.253937 0.000000 0.000000 0.000000
195.670288 0.000000 0.000000 0.000000
196.086594 0.000000 0.000000 0.000000
196.502914 0.000000 0.000000 0.000000
196.919235 0.000000 0.000000 0.000000
197.335541 0.000000 0.000000 0.000000
197.751892 0.000000 0.000000 0.000000
198.168198 0.000000 0.000000 0.000000
198.584503 0.000000 0.000000 0.000000
199.000824 0.000000 0.000000 0.000000
199.417145 0.000000 0.000000 0.000000
199.833466 0.000000 0.000000 0.000000
200.249786 0.000000 0.000000 0.000000
200.666107 0.000000 0.000000 0.000000
201.082428 0.000000 0.000000 0.000000
201.498749 0.000000 0.000000 0.000000
201.915070 0.000000 0.000000 0.000000
202.331390 0.000000 0.000000 0.000000
202.747711 0.000000 0.000000 0.000000
203.164032 0.000000 0.000000 0.000000
203.580353 0.000000 0.000000 0.000000
203.996674 0.000000 0.000000 0.000000
204.412979 0.000000 0.000000 0.000000
204.829285 0.000000 0.000000 0.000000
205.245636 0.000000 0.000000 0.000000
205.661942 0.000000 0.000000 0.000000
206.078262 0.000000 0.000000 0.000000
206.494583 0.000000 0.000000 0.000000
206.910889 0.000000 0.000000 0.000000
207.327240 0.000000 0.000000 0.000000
207.743546 0.000000 0.000000 0.000000
208.159866 0.000000 0.000000 0.000000
208.576187 0.000000 0.000000 0.000000
208.992493 0.000000 0.000000 0.000000
209.408844 0.000000 0.000000 0.000000
209.825150 0.000000 0.000000 0.000000
210.241455 0.000000 0.000000 0.000000
210.657776 0.000000 0.000000 0.000000
211.074097 0.000000 0.000000 0.000000
211.490417 0.000000 0.000000 0.000000
211.906738 0.000000 0.000000 0.000000
212.323059 0.000000 0.000000 0.000000
212.739380 0.000000 0.000000 0.000000
213.155701 0.000000 0.000000 0.000000
213.572021 0.000000 0.000000 0.000000
213.988342 0.000000 0.000000 0.000000
214.404663 0.000000 0.000000 0.000000
214.820984 0.000000 0.000000 0.000000
215.237305 0.000000 0.000000 0.000000
215.653625 0.000000 0.000000 0.000000
216.069946 0.000000 0.000000 0.000000
216.486237 0.000000 0.000000 0.000000
216.902588 0.000000 0.000000 0.000000
217.318893 0.000000 0.000000 0.000000
217.735214 0.000000 0.000000 0.000000
218.151535 0.000000 0.000000 0.000000
218.567841 0.000000 0.000000 0.000000
218.984192 0.000000 0.000000 0.000000
219.400497 0.000000 0.000000 0.000000
219.816818 0.000000 0.000000 0.000000
220.233139 0.000000 0.000000 0.000000
220.649445 0.000000 0.000000 0.000000
221.065796 0.000000 0.000000 0.000000
221.482101 0.000000 0.000000 0.000000
221.898422 0.000000 0.000000 0.000000
222.314728 0.000000 0.000000 0.000000
222.731049 0.000000 0.000000 0.000000
223.147369 0.000000 0.000000 0.000000
223.563690 0.000000 0.000000 0.000000
223.980011 0.000000 0.000000 0.000000
224.396332 0.000000 0.000000 0.000000
224.812653 0.000000 0.000000 0.000000
225.228973 0.000000 0.000000 0.000000
225.645294 0.000000 0.000000 0.000000
226.061615 0.000000 0.000000 0.000000
226.477936 0.000000 0.000000 0.000000
226.894257 0.000000 0.000000 0.000000
227.310577 0.000000 0.000000 0.000000
227.726898 0.000000 0.000000 0.000000
228.143188 0.000000 0.000000 0.000000
228.559540 0.000000 0.000000 0.000000
228.975845 0.000000 0.000000 0.000000
229.392166 0.000000 0.000000 0.000000
229.808487 0.000000 0.000000 0.000000
230.224792 0.000000 0.000000 0.000000
230.641144 0.000000 0.000000 0.000000
231.057449 0.000000 0.000000 0.000000
231.473770 0.000000 0.000000 0.000000
231.890091 0.000000 0.000000 0.000000
232.306396 0.000000 0.000000 0.000000
232.722748 0.000000 0.000000 0.000000
233.139053 0.000000 0.000000 0.000000
233.555374 0.000000 0.000000 0.000000
233.971680 0.000000 0.000000 0.000000
234.388000 0.000000 0.000000 0.000000
234.804321 0.000000 0.000000 0.000000
235.220642 0.000000 0.000000 0.000000
235.636963 0.000000 0.000000 0.000000
236.053284 0.000000 0.000000 0.000000
236.469604 0.000000 0.000000 0.000000
236.885925 0.000000 0.000000 0.000000
237.302246 0.000000 0.000000 0.000000
237.718567 0.000000 0.000000 0.000000
238.134888 0.000000 0.000000 0.000000
238.551208 0.000000 0.000000 0.000000
238.967529 0.000000 0.000000 0.000000
239.383850 0.000000 0.000000 0.000000
239.800171 0.000000 0.000000 0.000000
240.216492 0.000000 0.000000 0.000000
240.632797 0.000000 0.000000 0.000000
241.049118 0.000000 0.000000 0.000000
241.465439 0.000000 0.000000 0.000000
241.881744 0.000000 0.000000 0.000000
242.298096 0.000000 0.000000 0.000000
242.714401 0.000000 0.000000 0.000000
243.130722 0.000000 0.000000 0.000000
243.547043 0.000000 0.000000 0.000000
243.963348 0.000000 0.000000 0.000000
244.379700 0.000000 0.000000 0.000000
244.796005 0.000000 0.000000 0.000000
245.212326 0.000000 0.000000 0.000000
245.628647 0.000000 0.000000 0.000000
246.044952 0.000000 0.000000 0.000000
246.461273 0.000000 0.000000 0.000000
246.877594 0.000000 0.000000 0.000000
247.293915 0.000000 0.000000 0.000000
247.710236 0.000000 0.000000 0.000000
248.126556 0.000000 0.000000 0.000000
248.542877 0.000000 0.000000 0.000000
248.959198 0.000000 0.000000 0.000000
249.375519 0.000000 0.000000 0.000000
249.791840 0.000000 0.000000 0.000000
250.208160 0.000000 0.000000 0.000000
250.624481 0.000000 0.000000 0.000000
251.040802 0.000000 0.000000 0.000000
251.457123 0.000000 0.000000 0.000000
251.873444 0.000000 0.000000 0.000000
252.289749 0.000000 0.000000 0.000000
252.706070 0.000000 0.000000 0.000000
253.122391 0.000000 0.000000 0.000000
253.538696 0.000000 0.000000 0.000000
253.955048 0.000000 0.000000 0.000000
254.371353 0.000000 0.000000 0.000000
254.787674 0.000000 0.000000 0.000000
255.203995 0.000000 0.000000 0.000000
255.620300 0.000000 0.000000 0.000000
256.036621 0.000000 0.000000 0.000000
256.452942 0.000000 0.000000 0.000000
256.869263 0.000000 0.000000 0.000000
257.285583 0.000000 0.000000 0.000000
257.701904 0.000000 0.000000 0.000000
258.118225 0.000000 0.000000 0.000000
258.534546 0.000000 0.000000 0.000000
258.950867 0.000000 0.000000 0.000000
259.367188 0.000000 0.000000 0.000000
259.783508 0.000000 0.000000 0.000000
260.199829 0.000000 0.000000 0.000000
260.616150 0.000000 0.000000 0.000000
261.032471 0.000000 0.000000 0.000000
261.448792 0.000000 0.000000 0.000000
261.865112 0.000000 0.000000 0.000000
262.281433 0.000000 0.000000 0.000000
262.697754 0.000000 0.000000 0.000000
263.114075 0.000000 0.000000 0.000000
263.530396 0.000000 0.000000 0.000000
263.946716 0.000000 0.000000 0.000000
264.363037 0.000000 0.000000 0.000000
264.779358 0.000000 0.000000 0.000000
265.195679 0.000000 0.000000 0.000000
265.612000 0.000000 0.000000 0.000000
266.028320 0.000000 0.000000 0.000000
266.444641 0.000000 0.000000 0.000000
266.860931 0.000000 0.000000 0.000000
267.277252 0.000000 0.000000 0.000000
267.693573 0.000000 0.000000 0.000000
268.109894 0.000000 0.000000 0.000000
268.526215 0.000000 0.000000 0.000000
268.942535 0.000000 0.000000 0.000000
269.358856 0.000000 0.000000 0.000000
269.775177 0.000000 0.000000 0.000000
270.191498 0.000000 0.000000 0.000000
270.607819 0.000000 0.000000 0.000000
271.024139 0.000000 0.000000 0.000000
271.440460 0.000000 0.000000 0.000000
271.856781 0.000000 0.000000 0.000000
272.273102 0.000000 0.000000 0.000000
272.689423 0.000000 0.000000 0.000000
273.105743 0.000000 0.000000 0.000000
273.522064 0.000000 0.000000 0.000000
273.938385 0.000000 0.000000 0.000000
274.354706 0.000000 0.000000 0.000000
274.771027 0.000000 0.000000 0.000000
275.187347 0.000000 0.000000 0.000000
275.603668 0.000000 0.000000 0.000000
276.019989 0.000000 0.000000 0.000000
276.436310 0.000000 0.000000 0.000000
276.852631 0.000000 0.000000 0.000000
277.268951 0.000000 0.000000 0.000000
277.685272 0.000000 0.000000 0.000000
278.101593 0.000000 0.000000 0.000000
278.517883 0.000000 0.000000 0.000000
278.934204 0.000000 0.000000 0.000000
279.350525 0.000000 0.000000 0.000000
279.766846 0.000000 0.000000 0.000000
280.183167 0.000000 0.000000 0.000000
280.599487 0.000000 0.000000 0.000000
281.015808 0.000000 0.000000 0.000000
281.432129 0.000000 0.000000 0.000000
281.848450 0.000000 0.000000 0.000000
282.264771 0.000000 0.000000 0.000000
282.681091 0.000000 0.000000 0.000000
283.097412 0.000000 0.000000 0.000000
283.513733 0.000000 0.000000 0.000000
283.930054 0.000000 0.000000 0.000000
284.346375 0.000000 0.000000 0.000000
284.762695 0.000000 0.000000 0.000000
285.179016 0.000000 0.000000 0.000000
285.595337 0.000000 0.000000 0.000000
286.011658 0.000000 0.000000 0.000000
286.427979 0.000000 0.000000 0.000000
286.844299 0.000000 0.000000 0.000000
287.260620 0.000000 0.000000 0.000000
287.676941 0.000000 0.000000 0.000000
288.093262 0.000000 0.000000 0.000000
288.509583 0.000000 0.000000 0.000000
288.925903 0.000000 0.000000 0.000000
289.342224 0.000000 0.000000 0.000000
289.758545 0.000000 0.000000 0.000000
290.174835 0.000000 0.000000 0.000000
290.591156 0.000000 0.000000 0.000000
291.007477 0.000000 0.000000 0.000000
291.423798 0.000000 0.000000 0.000000
291.840118 0.000000 0.000000 0.000000
292.256439 0.000000 0.000000 0.000000
292.672760 0.000000 0.000000 0.000000
293.089081 0.000000 0.000000 0.000000
293.505402 0.000000 0.000000 0.000000
293.921722 0.000000 0.000000 0.000000
294.338043 0.000000 0.000000 0.000000
294.754364 0.000000 0.000000 0.000000
295.170685 0.000000 0.000000 0.000000
295.587006 0.000000 0.000000 0.000000
296.003326 0.000000 0.000000 0.000000
296.419647 0.000000 0.000000 0.000000
296.835968 0.000000 0.000000 0.000000
297.252289 0.000000 0.000000 0.000000
297.668610 0.000000 0.000000 0.000000
298.084930 0.000000 0.000000 0.000000
298.501251 0.000000 0.000000 0.000000
298.917572 0.000000 0.000000 0.000000
299.333893 0.000000 0.000000 0.000000
299.750214 0.000000 0.000000 0.000000
300.166534 0.000000 0.000000 0.000000
300.582855 0.000000 0.000000 0.000000
300.999176 0.000000 0.000000 0.000000
301.415497 0.000000 0.000000 0.000000
301.831818 0.000000 0.000000 0.000000
302.248108 0.000000 0.000000 0.000000
302.664429 0.000000 0.000000 0.000000
303.080750 0.000000 0.000000 0.000000
303.497070 0.000000 0.000000 0.000000
303.913391 0.000000 0.000000 0.000000
304.329712 0.000000 0.000000 0.000000
304.746033 0.000000 0.000000 0.000000
305.162354 0.000000 0.000000 0.000000
305.578674 0.000000 0.000000 0.000000
305.994995 0.000000 0.000000 0.000000
306.411316 0.000000 0.000000 0.000000
306.827637 0.000000 0.000000 0.000000
307.243958 0.000000 0.000000 0.000000
307.660278 0.000000 0.000000 0.000000
308.076599 0.000000 0.000000 0.000000
308.492920 0.000000 0.000000 0.000000
308.909241 0.000000 0.000000 0.000000
309.325562 0.000000 0.000000 0.000000
309.741882 0.000000 0.000000 0.000000
310.158203 0.000000 0.000000 0.000000
310.574524 0.000000 0.000000 0.000000
310.990845 0.000000 0.000000 0.000000
311.407166 0.000000 0.000000 0.000000
311.823486 0.000000 0.000000 0.000000
312.239807 0.000000 0.000000 0.000000
312.656128 0.000000 0.000000 0.000000
313.072449 0.000000 0.000000 0.000000
313.488770 0.000000 0.000000 0.000000
313.905060 0.000000 0.000000 0.000000
314.321381 0.000000 0.000000 0.000000
314.737701 0.000000 0.000000 0.000000
315.154022 0.000000 0.000000 0.000000
315.570343 0.000000 0.000000 0.000000
315.986664 0.000000 0.000000 0.000000
316.402985 0.000000 0.000000 0.000000
316.819305 0.000000 0.000000 0.000000
317.235626 0.000000 0.000000 0.000000
317.651947 0.000000 0.000000 0.000000
318.068268 0.000000 0.000000 0.000000
318.484589 0.000000 0.000000 0.000000
318.900909 0.000000 0.000000 0.000000
319.317230 0.000000 0.000000 0.000000
319.733551 0.000000 0.000000 0.000000
320.149872 0.000000 0.000000 0.000000
320.566162 0.000000 0.000000 0.000000
320.982513 0.000000 0.000000 0.000000
321.398865 0.000000 0.000000 0.000000
321.815155 0.000000 0.000000 0.000000
322.231476 0.000000 0.000000 0.000000
322.647766 0.000000 0.000000 0.000000
323.064117 0.000000 0.000000 0.000000
323.480469 0.000000 0.000000 0.000000
323.896759 0.000000 0.000000 0.000000
324.313080 0.000000 0.000000 0.000000
324.729370 0.000000 0.000000 0.000000
325.145721 0.000000 0.000000 0.000000
325.562073 0.000000 0.000000 0.000000
325.978333 0.000000 0.000000 0.000000
326.394653 0.000000 0.000000 0.000000
326.810974 0.000000 0.000000 0.000000
327.227295 0.000000 0.000000 0.000000
327.643616 0.000000 0.000000 0.000000
328.059937 0.000000 0.000000 0.000000
328.476257 0.000000 0.000000 0.000000
328.892578 0.000000 0.000000 0.000000
329.308899 0.000000 0.000000 0.000000
329.725220 0.000000 0.000000 0.000000
330.141541 0.000000 0.000000 0.000000
330.557861 0.000000 0.000000 0.000000
330.974182 0.000000 0.000000 0.000000
331.390503 0.000000 0.000000 0.000000
331.806824 0.000000 0.000000 0.000000
332.223145 0.000000 0.000000 0.000000
332.639465 0.000000 0.000000 0.000000
333.055786 0.000000 0.000000 0.000000
333.472107 0.000000 0.000000 0.000000
333.888428 0.000000 0.000000 0.000000
334.304749 0.000000 0.000000 0.000000
334.721069 0.000000 0.000000 0.000000
335.137390 0.000000 0.000000 0.000000
335.553711 0.000000 0.000000 0.000000
335.970032 0.000000 0.000000 0.000000
336.386353 0.000000 0.000000 0.000000
336.802673 0.000000 0.000000 0.000000
337.218994 0.000000 0.000000 0.000000
337.635254 0.000000 0.000000 0.000000
338.051605 0.000000 0.000000 0.000000
338.467957 0.000000 0.000000 0.000000
338.884247 0.000000 0.000000 0.000000
339.300568 0.000000 0.000000 0.000000
339.716858 0.000000 0.000000 0.000000
340.133209 0.000000 0.000000 0.000000
340.549561 0.000000 0.000000 0.000000
340.965851 0.000000 0.000000 0.000000
341.382172 0.000000 0.000000 0.000000
341.798462 0.000000 0.000000 0.000000
342.214813 0.000000 0.000000 0.000000
342.631165 0.000000 0.000000 0.000000
343.047455 0.000000 0.000000 0.000000
343.463776 0.000000 0.000000 0.000000
343.880066 0.000000 0.000000 0.000000
344.296417 0.000000 0.000000 0.000000
344.712769 0.000000 0.000000 0.000000
345.129059 0.000000 0.000000 0.000000
345.545380 0.000000 0.000000 0.000000
345.961670 0.000000 0.000000 0.000000
346.378021 0.000000 0.000000 0.000000
346.794373 0.000000 0.000000 0.000000
347.210663 0.000000 0.000000 0.000000
347.626984 0.000000 0.000000 0.000000
348.043274 0.000000 0.000000 0.000000
348.459625 0.000000 0.000000 0.000000
348.875977 0.000000 0.000000 0.000000
349.292267 0.000000 0.000000 0.000000
349.708557 0.000000 0.000000 0.000000
350.124878 0.000000 0.000000 0.000000
350.541199 0.000000 0.000000 0.000000
350.957520 0.000000 0.000000 0.000000
351.373840 0.000000 0.000000 0.000000
351.790161 0.000000 0.000000 0.000000
352.206482 0.000000 0.000000 0.000000
352.622803 0.000000 0.000000 0.000000
353.039124 0.000000 0.000000 0.000000
353.455444 0.000000 0.000000 0.000000
353.871765 0.000000 0.000000 0.000000
354.288086 0.000000 0.000000 0.000000
354.704407 0.000000 0.000000 0.000000
355.120728 0.000000 0.000000 0.000000
355.537048 0.000000 0.000000 0.000000
355.953369 0.000000 0.000000 0.000000
356.369690 0.000000 0.000000 0.000000
356.786011 0.000000 0.000000 0.000000
357.202332 0.000000 0.000000 0.000000
357.618652 0.000000 0.000000 0.000000
358.034973 0.000000 0.000000 0.000000
358.451294 0.000000 0.000000 0.000000
358.867615 0.000000 0.000000 0.000000
359.283936 0.000000 0.000000 0.000000
359.700256 0.000000 0.000000 0.000000
360.116577 0.000000 0.000000 0.000000
360.532898 0.000000 0.000000 0.000000
360.949219 0.000000 0.000000 0.000000
361.365509 0.000000 0.000000 0.000000
361.781860 0.000000 0.000000 0.000000
362.198151 0.000000 0.000000 0.000000
362.614471 0.000000 0.000000 0.000000
363.030762 0.000000 0.000000 0.000000
363.447113 0.000000 0.000000 0.000000
363.863464 0.000000 0.000000 0.000000
364.279755 0.000000 0.000000 0.000000
364.696075 0.000000 0.000000 0.000000
365.112366 0.000000 0.000000 0.000000
365.528717 0.000000 0.000000 0.000000
365.945068 0.000000 0.000000 0.000000
366.361359 0.000000 0.000000 0.000000
366.777679 0.000000 0.000000 0.000000
367.193970 0.000000 0.000000 0.000000
367.610321 0.000000 0.000000 0.000000
368.026672 0.000000 0.000000 0.000000
368.442963 0.000000 0.000000 0.000000
368.859283 0.000000 0.000000 0.000000
369.275574 0.000000 0.000000 0.000000
369.691925 0.000000 0.000000 0.000000
370.108276 0.000000 0.000000 0.000000
370.524567 0.000000 0.000000 0.000000
370.940887 0.000000 0.000000 0.000000
371.357178 0.000000 0.000000 0.000000
371.773529 0.000000 0.000000 0.000000
372.189880 0.000000 0.000000 0.000000
372.606171 0.000000 0.000000 0.000000
373.022461 0.000000 0.000000 0.000000
373.438782 0.000000 0.000000 0.000000
373.855103 0.000000 0.000000 0.000000
374.271423 0.000000 0.000000 0.000000
374.687744 0.000000 0.000000 0.000000
375.104065 0.000000 0.000000 0.000000
375.520386 0.000000 0.000000 0.000000
375.936707 0.000000 0.000000 0.000000
376.353027 0.000000 0.000000 0.000000
376.769348 0.000000 0.000000 0.000000
377.185669 0.000000 0.000000 0.000000
377.601990 0.000000 0.000000 0.000000
378.018311 0.000000 0.000000 0.000000
378.434631 0.000000 0.000000 0.000000
378.850952 0.000000 0.000000 0.000000
379.267273 0.000000 0.000000 0.000000
379.683594 0.000000 0.000000 0.000000
380.099915 0.000000 0.000000 0.000000
380.516235 0.000000 0.000000 0.000000
380.932556 0.000000 0.000000 0.000000
381.348877 0.000000 0.000000 0.000000
381.765198 0.000000 0.000000 0.000000
382.181519 0.000000 0.000000 0.000000
382.597839 0.000000 0.000000 0.000000
383.014160 0.000000 0.000000 0.000000
383.430481 0.000000 0.000000 0.000000
383.846802 0.000000 0.000000 0.000000
384.263123 0.000000 0.000000 0.000000
384.679443 0.000000 0.000000 0.000000
385.095764 0.000000 0.000000 0.000000
385.512054 0.000000 0.000000 0.000000
385.928375 0.000000 0.000000 0.000000
386.344666 0.000000 0.000000 0.000000
386.761017 0.000000 0.000000 0.000000
387.177368 0.000000 0.000000 0.000000
387.593658 0.000000 0.000000 0.000000
388.009979 0.000000 0.000000 0.000000
388.426270 0.000000 0.000000 0.000000
388.842621 0.000000 0.000000 0.000000
389.258972 0.000000 0.000000 0.000000
389.675262 0.000000 0.000000 0.000000
390.091583 0.000000 0.000000 0.000000
390.507874 0.000000 0.000000 0.000000
390.924225 0.000000 0.000000 0.000000
391.340576 0.000000 0.000000 0.000000
391.756866 0.000000 0.000000 0.000000
392.173187 0.000000 0.000000 0.000000
392.589478 0.000000 0.000000 0.000000
393.005829 0.000000 0.000000 0.000000
393.422180 0.000000 0.000000 0.000000
393.838470 0.000000 0.000000 0.000000
394.254791 0.000000 0.000000 0.000000
394.671082 0.000000 0.000000 0.000000
395.087433 0.000000 0.000000 0.000000
395.503784 0.000000 0.000000 0.000000
395.920074 0.000000 0.000000 0.000000
396.336395 0.000000 0.000000 0.000000
396.752686 0.000000 0.000000 0.000000
397.169006 0.000000 0.000000 0.000000
397.585327 0.000000 0.000000 0.000000
398.001648 0.000000 0.000000 0.000000
398.417969 0.000000 0.000000 0.000000
398.834290 0.000000 0.000000 0.000000
399.250610 0.000000 0.000000 0.000000
399.666931 0.000000 0.000000 0.000000
400.083252 0.000000 0.000000 0.000000
400.499573 0.000000 0.000000 0.000000
400.915894 0.000000 0.000000 0.000000
401.332214 0.000000 0.000000 0.000000
401.748535 0.000000 0.000000 0.000000
402.164856 0.000000 0.000000 0.000000
402.581177 0.000000 0.000000 0.000000
402.997498 0.000000 0.000000 0.000000
403.413818 0.000000 0.000000 0.000000
403.830139 0.000000 0.000000 0.000000
404.246460 0.000000 0.000000 0.000000
404.662781 0.000000 0.000000 0.000000
405.079102 0.000000 0.000000 0.000000
405.495422 0.000000 0.000000 0.000000
405.911743 0.000000 0.000000 0.000000
406.328064 0.000000 0.000000 0.000000
406.744385 0.000000 0.000000 0.000000
407.160706 0.000000 0.000000 0.000000
407.577026 0.000000 0.000000 0.000000
407.993347 0.000000 0.000000 0.000000
408.409668 0.000000 0.000000 0.000000
408.825958 0.000000 0.000000 0.000000
409.242279 0.000000 0.000000 0.000000
409.658569 0.000000 0.000000 0.000000
410.074921 0.000000 0.000000 0.000000
410.491272 0.000000 0.000000 0.000000
410.907562 0.000000 0.000000 0.000000
411.323883 0.000000 0.000000 0.000000
411.740173 0.000000 0.000000 0.000000
412.156525 0.000000 0.000000 0.000000
412.572876 0.000000 0.000000 0.000000
412.989166 0.000000 0.000000 0.000000
413.405487 0.000000 0.000000 0.000000
413.821777 0.000000 0.000000 0.000000
414.238129 0.000000 0.000000 0.000000
414.654480 0.000000 0.000000 0.000000
415.070770 0.000000 0.000000 0.000000
415.487091 0.000000 0.000000 0.000000
415.903381 0.000000 0.000000 0.000000
416.319733 0.000000 0.000000 0.000000
416.736084 0.000000 0.000000 0.000000
417.152374 0.000000 0.000000 0.000000
417.568695 0.000000 0.000000 0.000000
417.984985 0.000000 0.000000 0.000000
418.401337 0.000000 0.000000 0.000000
418.817688 0.000000 0.000000 0.000000
419.233978 0.000000 0.000000 0.000000
419.650299 0.000000 0.000000 0.000000
420.066589 0.000000 0.000000 0.000000
420.482910 0.000000 0.000000 0.000000
420.899231 0.000000 0.000000 0.000000
421.315552 0.000000 0.000000 0.000000
421.731873 0.000000 0.000000 0.000000
422.148193 0.000000 0.000000 0.000000
422.564514 0.000000 0.000000 0.000000
422.980835 0.000000 0.000000 0.000000
423.397156 0.000000 0.000000 0.000000
423.813477 0.000000 0.000000 0.000000
424.229797 0.000000 0.000000 0.000000
424.646118 0.000000 0.000000 0.000000
425.062439 0.000000 0.000000 0.000000
425.478760 0.000000 0.000000 0.000000
425.895081 0.000000 0.000000 0.000000
426.311401 0.000000 0.000000 0.000000
426.727722 0.000000 0.000000 0.000000
427.144043 0.000000 0.000000 0.000000
427.560364 0.000000 0.000000 0.000000
427.976685 0.000000 0.000000 0.000000
428.393005 0.000000 0.000000 0.000000
428.809326 0.000000 0.000000 0.000000
429.225647 0.000000 0.000000 0.000000
429.641968 0.000000 0.000000 0.000000
430.058289 0.000000 0.000000 0.000000
430.474609 0.000000 0.000000 0.000000
430.890930 0.000000 0.000000 0.000000
431.307251 0.000000 0.000000 0.000000
431.723572 0.000000 0.000000 0.000000
432.139893 0.000000 0.000000 0.000000
432.556183 0.000000 0.000000 0.000000
432.972473 0.000000 0.000000 0.000000
433.388824 0.000000 0.000000 0.000000
433.805176 0.000000 0.000000 0.000000
434.221466 0.000000 0.000000 0.000000
434.637787 0.000000 0.000000 0.000000
435.054077 0.000000 0.000000 0.000000
435.470428 0.000000 0.000000 0.000000
435.886780 0.000000 0.000000 0.000000
436.303070 0.000000 0.000000 0.000000
436.719391 0.000000 0.000000 0.000000
437.135681 0.000000 0.000000 0.000000
437.552032 0.000000 0.000000 0.000000
437.968384 0.000000 0.000000 0.000000
438.384674 0.000000 0.000000 0.000000
438.800995 0.000000 0.000000 0.000000
439.217285 0.000000 0.000000 0.000000
439.633636 0.000000 0.000000 0.000000
440.049988 0.000000 0.000000 0.000000
440.466278 0.000000 0.000000 0.000000
440.882599 0.000000 0.000000 0.000000
441.298889 0.000000 0.000000 0.000000
441.715240 0.000000 0.000000 0.000000
442.131592 0.000000 0.000000 0.000000
442.547882 0.000000 0.000000 0.000000
442.964203 0.000000 0.000000 0.000000
443.380493 0.000000 0.000000 0.000000
443.796844 0.000000 0.000000 0.000000
444.213135 0.000000 0.000000 0.000000
444.629456 0.000000 0.000000 0.000000
445.045776 0.000000 0.000000 0.000000
445.462097 0.000000 0.000000 0.000000
445.878418 0.000000 0.000000 0.000000
446.294739 0.000000 0.000000 0.000000
446.711060 0.000000 0.000000 0.000000
447.127380 0.000000 0.000000 0.000000
447.543701 0.000000 0.000000 0.000000
447.960022 0.000000 0.000000 0.000000
448.376343 0.000000 0.000000 0.000000
448.792664 0.000000 0.000000 0.000000
449.208984 0.000000 0.000000 0.000000
449.625305 0.000000 0.000000 0.000000
450.041626 0.000000 0.000000 0.000000
450.457947 0.000000 0.000000 0.000000
450.874268 0.000000 0.000000 0.000000
451.290588 0.000000 0.000000 0.000000
451.706909 0.000000 0.000000 0.000000
452.123230 0.000000 0.000000 0.000000
452.539551 0.000000 0.000000 0.000000
452.955872 0.000000 0.000000 0.000000
453.372192 0.000000 0.000000 0.000000
453.788513 0.000000 0.000000 0.000000
454.204834 0.000000 0.000000 0.000000
454.621155 0.000000 0.000000 0.000000
455.037476 0.000000 0.000000 0.000000
455.453796 0.000000 0.000000 0.000000
455.870117 0.000000 0.000000 0.000000
456.286377 0.000000 0.000000 0.000000
456.702728 0.000000 0.000000 0.000000
457.119080 0.000000 0.000000 0.000000
457.535370 0.000000 0.000000 0.000000
457.951691 0.000000 0.000000 0.000000
458.367981 0.000000 0.000000 0.000000
458.784332 0.000000 0.000000 0.000000
459.200684 0.000000 0.000000 0.000000
459.616974 0.000000 0.000000 0.000000
460.033295 0.000000 0.000000 0.000000
460.449585 0.000000 0.000000 0.000000
460.865936 0.000000 0.000000 0.000000
461.282288 0.000000 0.000000 0.000000
461.698578 0.000000 0.000000 0.000000
462.114899 0.000000 0.000000 0.000000
462.531189 0.000000 0.000000 0.000000
462.947540 0.000000 0.000000 0.000000
463.363892 0.000000 0.000000 0.000000
463.780182 0.000000 0.000000 0.000000
464.196503 0.000000 0.000000 0.000000
464.612793 0.000000 0.000000 0.000000
465.029144 0.000000 0.000000 0.000000
465.445496 0.000000 0.000000 0.000000
465.861786 0.000000 0.000000 0.000000
466.278107 0.000000 0.000000 0.000000
466.694397 0.000000 0.000000 0.000000
467.110748 0.000000 0.000000 0.000000
467.527100 0.000000 0.000000 0.000000
467.943359 0.000000 0.000000 0.000000
468.359680 0.000000 0.000000 0.000000
468.776001 0.000000 0.000000 0.000000
469.192322 0.000000 0.000000 0.000000
469.608643 0.000000 0.000000 0.000000
470.024963 0.000000 0.000000 0.000000
470.441284 0.000000 0.000000 0.000000
470.857605 0.000000 0.000000 0.000000
471.273926 0.000000 0.000000 0.000000
471.690247 0.000000 0.000000 0.000000
472.106567 0.000000 0.000000 0.000000
472.522888 0.000000 0.000000 0.000000
472.939209 0.000000 0.000000 0.000000
473.355530 0.000000 0.000000 0.000000
473.771851 0.000000 0.000000 0.000000
474.188171 0.000000 0.000000 0.000000
474.604492 0.000000 0.000000 0.000000
475.020813 0.000000 0.000000 0.000000
475.437134 0.000000 0.000000 0.000000
475.853455 0.000000 0.000000 0.000000
476.269775 0.000000 0.000000 0.000000
476.686096 0.000000 0.000000 0.000000
477.102417 0.000000 0.000000 0.000000
477.518738 0.000000 0.000000 0.000000
477.935059 0.000000 0.000000 0.000000
478.351379 0.000000 0.000000 0.000000
478.767700 0.000000 0.000000 0.000000
479.184021 0.000000 0.000000 0.000000
479.600342 0.000000 0.000000 0.000000
480.016632 0.000000 0.000000 0.000000
480.432983 0.000000 0.000000 0.000000
480.849274 0.000000 0.000000 0.000000
481.265594 0.000000 0.000000 0.000000
481.681885 0.000000 0.000000 0.000000
482.098236 0.000000 0.000000 0.000000
482.514587 0.000000 0.000000 0.000000
482.930878 0.000000 0.000000 0.000000
483.347198 0.000000 0.000000 0.000000
483.763489 0.000000 0.000000 0.000000
484.179840 0.000000 0.000000 0.000000
484.596191 0.000000 0.000000 0.000000
485.012482 0.000000 0.000000 0.000000
485.428802 0.000000 0.000000 0.000000
485.845093 0.000000 0.000000 0.000000
486.261444 0.000000 0.000000 0.000000
486.677795 0.000000 0.000000 0.000000
487.094086 0.000000 0.000000 0.000000
487.510406 0.000000 0.000000 0.000000
487.926697 0.000000 0.000000 0.000000
488.343048 0.000000 0.000000 0.000000
488.759399 0.000000 0.000000 0.000000
489.175690 0.000000 0.000000 0.000000
489.592010 0.000000 0.000000 0.000000
490.008301 0.000000 0.000000 0.000000
490.424652 0.000000 0.000000 0.000000
490.841003 0.000000 0.000000 0.000000
491.257294 0.000000 0.000000 0.000000
491.673584 0.000000 0.000000 0.000000
492.089905 0.000000 0.000000 0.000000
492.506226 0.000000 0.000000 0.000000
492.922546 0.000000 0.000000 0.000000
493.338867 0.000000 0.000000 0.000000
493.755188 0.000000 0.000000 0.000000
494.171509 0.000000 0.000000 0.000000
494.587830 0.000000 0.000000 0.000000
495.004150 0.000000 0.000000 0.000000
495.420471 0.000000 0.000000 0.000000
495.836792 0.000000 0.000000 0.000000
496.253113 0.000000 0.000000 0.000000
496.669434 0.000000 0.000000 0.000000
497.085754 0.000000 0.000000 0.000000
497.502075 0.000000 0.000000 0.000000
497.918396 0.000000 0.000000 0.000000
498.334717 0.000000 0.000000 0.000000
498.751038 0.000000 0.000000 0.000000
499.167358 0.000000 0.000000 0.000000
499.583679 0.000000 0.000000 0.000000
500.000000 0.000000 0.000000 0.000000
1201
0.416320 0.000000 -0.000000 0.000000
0.832639 0.000000 -0.005236 0.000000
1.248959 0.000000 -0.010472 0.000000
1.665279 0.000000 -0.015708 0.000000
2.081599 0.000000 -0.020944 0.000000
2.497918 0.000000 -0.026181 0.000000
2.914238 0.000000 -0.031415 0.000000
3.330558 0.000000 -0.036652 0.000000
3.746878 0.000000 -0.041889 0.000000
4.163198 0.000000 -0.047124 0.000000
4.579517 0.000000 -0.052360 0.000000
4.995837 0.000000 -0.057596 0.000000
5.412157 0.000000 -0.062832 0.000000
5.828476 0.000000 -0.068069 0.000000
6.244796 0.000000 -0.073304 0.000000
6.661116 0.000000 -0.078540 0.000000
7.077435 0.000000 -0.083776 0.000000
7.493755 0.000000 -0.089011 0.000000
7.910075 0.000000 -0.094249 0.000000
8.326395 0.000000 -0.099485 0.000000
8.742714 0.000000 -0.104720 0.000000
9.159034 0.000000 -0.109955 0.000000
9.575354 0.000000 -0.115192 0.000000
9.991673 0.000000 -0.120429 0.000000
10.407993 0.000000 -0.125665 0.000000
10.824313 0.000000 -0.130899 0.000000
11.240633 0.000000 -0.136135 0.000000
11.656952 0.000000 -0.141372 0.000000
12.073271 0.000000 -0.146607 0.000000
12.489592 0.000000 -0.151844 0.000000
12.905911 0.000000 -0.157079 0.000000
13.322231 0.000000 -0.162316 0.000000
13.738551 0.000000 -0.167552 0.000000
14.154871 0.000000 -0.172789 0.000000
14.571191 0.000000 -0.178023 0.000000
14.987511 0.000000 -0.183260 0.000000
15.403830 0.000000 -0.188495 0.000000
15.820149 0.000000 -0.193733 0.000000
16.236469 0.000000 -0.198968 0.000000
16.652790 0.000000 -0.204205 0.000000
17.069109 0.000000 -0.209441 0.000000
17.485428 0.000000 -0.214676 0.000000
17.901749 0.000000 -0.219911 0.000000
18.318068 0.000000 -0.225147 0.000000
18.734388 0.000000 -0.230383 0.000000
19.150707 0.000000 -0.235621 0.000000
19.567028 0.000000 -0.240856 0.000000
19.983347 0.000000 -0.246092 0.000000
20.399666 0.000000 -0.251327 0.000000
20.815987 0.000000 -0.256563 0.000000
21.232304 0.000000 -0.261799 0.000000
21.648626 0.000000 -0.267035 0.000000
22.064945 0.000000 -0.272272 0.000000
22.481266 0.000000 -0.277508 0.000000
22.897585 0.000000 -0.282743 0.000000
23.313904 0.000000 -0.287980 0.000000
23.730225 0.000000 -0.293215 0.000000
24.146542 0.000000 -0.298452 0.000000
24.562864 0.000000 -0.303688 0.000000
24.979183 0.000000 -0.308923 0.000000
25.395504 0.000000 -0.314160 0.000000
25.811823 0.000000 -0.319396 0.000000
26.228144 0.000000 -0.324632 0.000000
26.644463 0.000000 -0.329867 0.000000
27.060780 0.000000 -0.335104 0.000000
27.477102 0.000000 -0.340340 0.000000
27.893421 0.000000 -0.345575 0.000000
28.309742 0.000000 -0.350812 0.000000
28.726061 0.000000 -0.356048 0.000000
29.142382 0.000000 -0.361284 0.000000
29.558701 0.000000 -0.366520 0.000000
29.975021 0.000000 -0.371755 0.000000
30.391340 0.000000 -0.376990 0.000000
30.807659 0.000000 -0.382226 0.000000
31.223980 0.000000 -0.387463 0.000000
31.640299 0.000000 -0.392698 0.000000
32.056618 0.000000 -0.397934 0.000000
32.472939 0.000000 -0.403171 0.000000
32.889259 0.000000 -0.408406 0.000000
33.305580 0.000000 -0.413643 0.000000
33.721897 0.000000 -0.418880 0.000000
34.138218 0.000000 -0.424116 0.000000
34.554539 0.000000 -0.429352 0.000000
34.970856 0.000000 -0.434588 0.000000
35.387177 0.000000 -0.439823 0.000000
35.803497 0.000000 -0.445060 0.000000
36.219818 0.000000 -0.450295 0.000000
36.636135 0.000000 -0.455530 0.000000
37.052456 0.000000 -0.460767 0.000000
37.468777 0.000000 -0.466003 0.000000
37.885094 0.000000 -0.471238 0.000000
38.301414 0.000000 -0.476474 0.000000
38.717735 0.000000 -0.481712 0.000000
39.134056 0.000000 -0.486946 0.000000
39.550373 0.000000 -0.492183 0.000000
39.966694 0.000000 -0.497418 0.000000
40.383015 0.000000 -0.502655 0.000000
40.799332 0.000000 -0.507891 0.000000
41.215652 0.000000 -0.513127 0.000000
41.631973 0.000000 -0.518364 0.000000
42.048294 0.000000 -0.523599 0.000000
42.464607 0.000000 -0.528835 0.000000
42.880932 0.000000 -0.534071 0.000000
43.297253 0.000000 -0.539306 0.000000
43.713570 0.000000 -0.544543 0.000000
44.129890 0.000000 -0.549780 0.000000
44.546211 0.000000 -0.555014 0.000000
44.962532 0.000000 -0.560250 0.000000
45.378845 0.000000 -0.565487 0.000000
45.795170 0.000000 -0.570722 0.000000
46.211491 0.000000 -0.575958 0.000000
46.627808 0.000000 -0.581196 0.000000
47.044128 0.000000 -0.586431 0.000000
47.460449 0.000000 -0.591666 0.000000
47.876770 0.000000 -0.596902 0.000000
48.293083 0.000000 -0.602140 0.000000
48.709408 0.000000 -0.607375 0.000000
49.125729 0.000000 -0.612611 0.000000
49.542049 0.000000 -0.617846 0.000000
49.958366 0.000000 -0.623082 0.000000
50.374687 0.000000 -0.628318 0.000000
50.791008 0.000000 -0.633555 0.000000
51.207321 0.000000 -0.638792 0.000000
51.623646 0.000000 -0.644026 0.000000
52.039967 0.000000 -0.649262 0.000000
52.456287 0.000000 -0.654500 0.000000
52.872604 0.000000 -0.659736 0.000000
53.288925 0.000000 -0.664970 0.000000
53.705246 0.000000 -0.670207 0.000000
54.121559 0.000000 -0.675443 0.000000
54.537884 0.000000 -0.680679 0.000000
54.954205 0.000000 -0.685915 0.000000
55.370525 0.000000 -0.691151 0.000000
55.786842 0.000000 -0.696387 0.000000
56.203163 0.000000 -0.701623 0.000000
56.619484 0.000000 -0.706858 0.000000
57.035797 0.000000 -0.712094 0.000000
57.452122 0.000000 -0.717331 0.000000
57.868443 0.000000 -0.722567 0.000000
58.284763 0.000000 -0.727803 0.000000
58.701080 0.000000 -0.733038 0.000000
59.117401 0.000000 -0.738275 0.000000
59.533722 0.000000 -0.743510 0.000000
59.950043 0.000000 -0.748746 0.000000
60.366360 0.000000 -0.753983 0.000000
60.782681 0.000000 -0.759220 0.000000
61.199001 0.000000 -0.764455 0.000000
61.615318 0.000000 -0.769691 0.000000
62.031639 0.000000 -0.774927 0.000000
62.447960 0.000000 -0.780164 0.000000
62.864281 0.000000 -0.785400 0.000000
63.280598 0.000000 -0.790634 0.000000
63.696918 0.000000 -0.795871 0.000000
64.113235 0.000000 -0.801107 0.000000
64.529556 0.000000 -0.806342 0.000000
64.945877 0.000000 -0.811578 0.000000
65.362198 0.000000 -0.816815 0.000000
65.778519 0.000000 -0.822050 0.000000
66.194839 0.000000 -0.827287 0.000000
66.611160 0.000000 -0.832523 0.000000
67.027473 0.000000 -0.837759 0.000000
67.443794 0.000000 -0.842994 0.000000
67.860115 0.000000 -0.848229 0.000000
68.276436 0.000000 -0.853466 0.000000
68.692757 0.000000 -0.858702 0.000000
69.109077 0.000000 -0.863939 0.000000
69.525398 0.000000 -0.869175 0.000000
69.941711 0.000000 -0.874410 0.000000
70.358032 0.000000 -0.879645 0.000000
70.774353 0.000000 -0.884883 0.000000
71.190674 0.000000 -0.890118 0.000000
71.606995 0.000000 -0.895355 0.000000
72.023315 0.000000 -0.900590 0.000000
72.439636 0.000000 -0.905827 0.000000
72.855949 0.000000 -0.911062 0.000000
73.272270 0.000000 -0.916299 0.000000
73.688591 0.000000 -0.921534 0.000000
74.104912 0.000000 -0.926771 0.000000
74.521233 0.000000 -0.932006 0.000000
74.937553 0.000000 -0.937241 0.000000
75.353874 0.000000 -0.942479 0.000000
75.770187 0.000000 -0.947715 0.000000
76.186508 0.000000 -0.952951 0.000000
76.602829 0.000000 -0.958185 0.000000
77.019150 0.000000 -0.963422 0.000000
77.435471 0.000000 -0.968659 0.000000
77.851791 0.000000 -0.973894 0.000000
78.268112 0.000000 -0.979130 0.000000
78.684425 0.000000 -0.984366 0.000000
79.100746 0.000000 -0.989601 0.000000
79.517067 0.000000 -0.994838 0.000000
79.933388 0.000000 -1.000074 0.000000
80.349716 0.000000 -1.005311 0.000000
80.766029 0.000000 -1.010545 0.000000
81.182343 0.000000 -1.015781 0.000000
81.598663 0.000000 -1.021017 0.000000
82.014984 0.000000 -1.026254 0.000000
82.431305 0.000000 -1.031490 0.000000
82.847626 0.000000 -1.036726 0.000000
83.263947 0.000000 -1.041961 0.000000
83.680267 0.000000 -1.047197 0.000000
84.096588 0.000000 -1.052434 0.000000
84.512901 0.000000 -1.057671 0.000000
84.929214 0.000000 -1.062905 0.000000
85.345543 0.000000 -1.068143 0.000000
85.761864 0.000000 -1.073377 0.000000
86.178192 0.000000 -1.078613 0.000000
86.594505 0.000000 -1.083849 0.000000
87.010818 0.000000 -1.089085 0.000000
87.427139 0.000000 -1.094322 0.000000
87.843460 0.000000 -1.099558 0.000000
88.259781 0.000000 -1.104793 0.000000
88.676102 0.000000 -1.110030 0.000000
89.092422 0.000000 -1.115265 0.000000
89.508743 0.000000 -1.120502 0.000000
89.925064 0.000000 -1.125739 0.000000
90.341377 0.000000 -1.130974 0.000000
90.757690 0.000000 -1.136211 0.000000
91.174019 0.000000 -1.141445 0.000000
91.590340 0.000000 -1.146683 0.000000
92.006668 0.000000 -1.151917 0.000000
92.422981 0.000000 -1.157154 0.000000
92.839294 0.000000 -1.162390 0.000000
93.255615 0.000000 -1.167625 0.000000
93.671936 0.000000 -1.172862 0.000000
94.088257 0.000000 -1.178097 0.000000
94.504578 0.000000 -1.183333 0.000000
94.920898 0.000000 -1.188569 0.000000
95.337219 0.000000 -1.193804 0.000000
95.753540 0.000000 -1.199042 0.000000
96.169861 0.000000 -1.204277 0.000000
96.586166 0.000000 -1.209513 0.000000
97.002495 0.000000 -1.214750 0.000000
97.418816 0.000000 -1.219984 0.000000
97.835144 0.000000 -1.225221 0.000000
98.251457 0.000000 -1.230457 0.000000
98.667770 0.000000 -1.235693 0.000000
99.084099 0.000000 -1.240928 0.000000
99.500412 0.000000 -1.246164 0.000000
99.916733 0.000000 -1.251400 0.000000
100.333054 0.000000 -1.256636 0.000000
100.749374 0.000000 -1.261872 0.000000
101.165695 0.000000 -1.267108 0.000000
101.582016 0.000000 -1.272345 0.000000
101.998337 0.000000 -1.277581 0.000000
102.414642 0.000000 -1.282818 0.000000
102.830971 0.000000 -1.288052 0.000000
103.247292 0.000000 -1.293290 0.000000
103.663620 0.000000 -1.298525 0.000000
104.079933 0.000000 -1.303760 0.000000
104.496246 0.000000 -1.308999 0.000000
104.912575 0.000000 -1.314232 0.000000
105.328888 0.000000 -1.319469 0.000000
105.745209 0.000000 -1.324706 0.000000
106.161530 0.000000 -1.329941 0.000000
106.577850 0.000000 -1.335177 0.000000
106.994171 0.000000 -1.340413 0.000000
107.410492 0.000000 -1.345648 0.000000
107.826813 0.000000 -1.350886 0.000000
108.243118 0.000000 -1.356122 0.000000
108.659447 0.000000 -1.361359 0.000000
109.075768 0.000000 -1.366594 0.000000
109.492096 0.000000 -1.371829 0.000000
109.908409 0.000000 -1.377066 0.000000
110.324722 0.000000 -1.382301 0.000000
110.741051 0.000000 -1.387537 0.000000
111.157364 0.000000 -1.392774 0.000000
111.573685 0.000000 -1.398009 0.000000
111.990005 0.000000 -1.403246 0.000000
112.406326 0.000000 -1.408480 0.000000
112.822647 0.000000 -1.413717 0.000000
113.238968 0.000000 -1.418954 0.000000
113.655289 0.000000 -1.424190 0.000000
114.071594 0.000000 -1.429424 0.000000
114.487923 0.000000 -1.434660 0.000000
114.904243 0.000000 -1.439897 0.000000
115.320572 0.000000 -1.445133 0.000000
115.736885 0.000000 -1.450367 0.000000
116.153198 0.000000 -1.455603 0.000000
116.569527 0.000000 -1.460841 0.000000
116.985840 0.000000 -1.466078 0.000000
117.402161 0.000000 -1.471313 0.000000
117.818481 0.000000 -1.476550 0.000000
118.234802 0.000000 -1.481786 0.000000
118.651123 0.000000 -1.487021 0.000000
119.067444 0.000000 -1.492257 0.000000
119.483765 0.000000 -1.497493 0.000000
119.900085 0.000000 -1.502728 0.000000
120.316399 0.000000 -1.507964 0.000000
120.732719 0.000000 -1.513200 0.000000
121.149048 0.000000 -1.518438 0.000000
121.565361 0.000000 -1.523672 0.000000
121.981674 0.000000 -1.528908 0.000000
122.398003 0.000000 -1.534143 0.000000
122.814323 0.000000 -1.539381 0.000000
123.230637 0.000000 -1.544618 0.000000
123.646957 0.000000 -1.549852 0.000000
124.063278 0.000000 -1.555090 0.000000
124.479599 0.000000 -1.560325 0.000000
124.895920 0.000000 -1.565560 0.000000
125.312241 0.000000 -1.570796 0.000000
125.728561 0.000000 -1.565559 0.000000
126.144875 0.000000 -1.560323 0.000000
126.561195 0.000000 -1.555087 0.000000
126.977524 3.141592 -1.549851 3.141592
127.393837 3.141592 -1.544616 3.141592
127.810150 3.141592 -1.539381 3.141592
128.226471 3.141592 -1.534144 3.141592
128.642792 3.141592 -1.528909 3.141592
129.059113 3.141592 -1.523671 3.141592
129.475433 3.141592 -1.518438 3.141592
129.891754 3.141592 -1.513201 3.141592
130.308075 3.141592 -1.507963 3.141592
130.724396 3.141592 -1.502729 3.141592
131.140717 3.141592 -1.497492 3.141592
131.557037 3.141592 -1.492255 3.141592
131.973358 3.141592 -1.487021 3.141592
132.389679 3.141592 -1.481783 3.141592
132.806000 3.141592 -1.476549 3.141592
133.222321 3.141592 -1.471311 3.141592
133.638626 3.141592 -1.466076 3.141592
134.054947 3.141592 -1.460841 3.141592
134.471268 3.141592 -1.455605 3.141592
134.887589 3.141592 -1.450369 3.141592
135.303909 3.141592 -1.445133 3.141592
135.720230 3.141592 -1.439896 3.141592
136.136551 3.141592 -1.434662 3.141592
136.552872 3.141592 -1.429424 3.141592
136.969193 3.141592 -1.424189 3.141592
137.385513 3.141592 -1.418953 3.141592
137.801834 3.141592 -1.413717 3.141592
138.218155 3.141592 -1.408480 3.141592
138.634476 3.141592 -1.403245 3.141592
139.050797 3.141592 -1.398009 3.141592
139.467102 3.141592 -1.392773 3.141592
139.883423 3.141592 -1.387536 3.141592
140.299744 3.141592 -1.382301 3.141592
140.716064 3.141592 -1.377066 3.141592
141.132385 3.141592 -1.371829 3.141592
141.548706 3.141592 -1.366592 3.141592
141.965027 3.141592 -1.361357 3.141592
142.381348 3.141592 -1.356120 3.141592
142.797668 3.141592 -1.350886 3.141592
143.213989 3.141592 -1.345648 3.141592
143.630310 3.141592 -1.340411 3.141592
144.046631 3.141592 -1.335176 3.141592
144.462952 3.141592 -1.329941 3.141592
144.879272 3.141592 -1.324704 3.141592
145.295578 3.141592 -1.319469 3.141592
145.711899 3.141592 -1.314232 3.141592
146.128220 3.141592 -1.308998 3.141592
146.544540 3.141592 -1.303762 3.141592
146.960861 3.141592 -1.298525 3.141592
147.377182 3.141592 -1.293289 3.141592
147.793503 3.141592 -1.288052 3.141592
148.209824 3.141592 -1.282817 3.141592
148.626144 3.141592 -1.277580 3.141592
149.042465 3.141592 -1.272344 3.141592
149.458786 3.141592 -1.267110 3.141592
149.875107 3.141592 -1.261874 3.141592
150.291428 3.141592 -1.256637 3.141592
150.707748 3.141592 -1.251401 3.141592
151.124054 3.141592 -1.246164 3.141592
151.540375 3.141592 -1.240928 3.141592
151.956696 3.141592 -1.235692 3.141592
152.373016 3.141592 -1.230456 3.141592
152.789337 3.141592 -1.225220 3.141592
153.205658 3.141592 -1.219985 3.141592
153.621979 3.141592 -1.214749 3.141592
154.038300 3.141592 -1.209512 3.141592
154.454620 3.141592 -1.204278 3.141592
154.870941 3.141592 -1.199042 3.141592
155.287262 3.141592 -1.193804 3.141592
155.703583 3.141592 -1.188570 3.141592
156.119904 3.141592 -1.183334 3.141592
156.536224 3.141592 -1.178096 3.141592
156.952530 3.141592 -1.172861 3.141592
157.368851 3.141592 -1.167626 3.141592
157.785172 3.141592 -1.162390 3.141592
158.201492 3.141592 -1.157153 3.141592
158.617813 3.141592 -1.151916 3.141592
159.034134 3.141592 -1.146680 3.141592
159.450455 3.141592 -1.141444 3.141592
159.866776 3.141592 -1.136210 3.141592
160.283081 3.141592 -1.130973 3.141592
160.699432 3.141592 -1.125737 3.141592
161.115738 3.141592 -1.120501 3.141592
161.532059 3.141592 -1.115266 3.141592
161.948380 3.141592 -1.110029 3.141592
162.364685 3.141592 -1.104794 3.141592
162.781036 3.141592 -1.099558 3.141592
163.197327 3.141592 -1.094322 3.141592
163.613647 3.141592 -1.089086 3.141592
164.029968 3.141592 -1.083848 3.141592
164.446289 3.141592 -1.078613 3.141592
164.862610 3.141592 -1.073378 3.141592
165.278931 3.141592 -1.068141 3.141592
165.695251 3.141592 -1.062905 3.141592
166.111572 3.141592 -1.057669 3.141592
166.527893 3.141592 -1.052434 3.141592
166.944214 3.141592 -1.047199 3.141592
167.360535 3.141592 -1.041960 3.141592
167.776855 3.141592 -1.036724 3.141592
168.193176 3.141592 -1.031489 3.141592
168.609497 3.141592 -1.026253 3.141592
169.025803 3.141592 -1.021017 3.141592
169.442123 3.141592 -1.015782 3.141592
169.858429 3.141592 -1.010546 3.141592
170.274780 3.141592 -1.005309 3.141592
170.691086 3.141592 -1.000073 3.141592
171.107407 3.141592 -0.994838 3.141592
171.523727 3.141592 -0.989602 3.141592
171.940033 3.141592 -0.984367 3.141592
172.356384 3.141592 -0.979129 3.141592
172.772690 3.141592 -0.973893 3.141592
173.189011 3.141592 -0.968656 3.141592
173.605331 3.141592 -0.963421 3.141592
174.021637 3.141592 -0.958184 3.141592
174.437988 3.141592 -0.952950 3.141592
174.854279 3.141592 -0.947714 3.141592
175.270599 3.141592 -0.942476 3.141592
175.686920 3.141592 -0.937242 3.141592
176.103241 3.141592 -0.932007 3.141592
176.519562 3.141592 -0.926769 3.141592
176.935883 3.141592 -0.921533 3.141592
177.352203 3.141592 -0.916298 3.141592
177.768524 3.141592 -0.911061 3.141592
178.184845 3.141592 -0.905827 3.141592
178.601166 3.141592 -0.900589 3.141592
179.017487 3.141592 -0.895355 3.141592
179.433807 3.141592 -0.890118 3.141592
179.850128 3.141592 -0.884883 3.141592
180.266449 3.141592 -0.879646 3.141592
180.682755 3.141592 -0.874409 3.141592
181.099075 3.141592 -0.869174 3.141592
181.515381 3.141592 -0.863939 3.141592
181.931732 3.141592 -0.858702 3.141592
182.348038 3.141592 -0.853466 3.141592
182.764359 3.141592 -0.848230 3.141592
183.180679 3.141592 -0.842993 3.141592
183.596985 3.141592 -0.837759 3.141592
184.013336 3.141592 -0.832523 3.141592
184.429642 3.141592 -0.827285 3.141592
184.845963 3.141592 -0.822049 3.141592
185.262283 3.141592 -0.816813 3.141592
185.678589 3.141592 -0.811579 3.141592
186.094940 3.141592 -0.806341 3.141592
186.511230 3.141592 -0.801106 3.141592
186.927551 3.141592 -0.795870 3.141592
187.343872 3.141592 -0.790633 3.141592
187.760193 3.141592 -0.785397 3.141592
188.176514 3.141592 -0.780162 3.141592
188.592834 3.141592 -0.774926 3.141592
189.009155 3.141592 -0.769689 3.141592
189.425476 3.141592 -0.764455 3.141592
189.841797 3.141592 -0.759217 3.141592
190.258118 3.141592 -0.753980 3.141592
190.674438 3.141592 -0.748746 3.141592
191.090759 3.141592 -0.743510 3.141592
191.507080 3.141592 -0.738274 3.141592
191.923401 3.141592 -0.733039 3.141592
192.339722 3.141592 -0.727804 3.141592
192.756027 3.141592 -0.722567 3.141592
193.172333 3.141592 -0.717331 3.141592
193.588684 3.141592 -0.712094 3.141592
194.004990 3.141592 -0.706859 3.141592
194.421310 3.141592 -0.701623 3.141592
194.837631 3.141592 -0.696386 3.141592
195.253937 3.141592 -0.691150 3.141592
195.670288 3.141592 -0.685914 3.141592
196.086594 3.141592 -0.680680 3.141592
196.502914 3.141592 -0.675443 3.141592
196.919235 3.141592 -0.670208 3.141592
197.335541 3.141592 -0.664970 3.141592
197.751892 3.141592 -0.659735 3.141592
198.168198 3.141592 -0.654498 3.141592
198.584503 3.141592 -0.649263 3.141592
199.000824 3.141592 -0.644027 3.141592
199.417145 3.141592 -0.638789 3.141592
199.833466 3.141592 -0.633555 3.141592
200.249786 3.141592 -0.628318 3.141592
200.666107 3.141592 -0.623083 3.141592
201.082428 3.141592 -0.617846 3.141592
201.498749 3.141592 -0.612611 3.141592
201.915070 3.141592 -0.607375 3.141592
202.331390 3.141592 -0.602137 3.141592
202.747711 3.141592 -0.596902 3.141592
203.164032 3.141592 -0.591666 3.141592
203.580353 3.141592 -0.586432 3.141592
203.996674 3.141592 -0.581194 3.141592
204.412979 3.141592 -0.575958 3.141592
204.829285 3.141592 -0.570722 3.141592
205.245636 3.141592 -0.565486 3.141592
205.661942 3.141592 -0.560250 3.141592
206.078262 3.141592 -0.555015 3.141592
206.494583 3.141592 -0.549778 3.141592
206.910889 3.141592 -0.544542 3.141592
207.327240 3.141592 -0.539307 3.141592
207.743546 3.141592 -0.534071 3.141592
208.159866 3.141592 -0.528835 3.141592
208.576187 3.141592 -0.523598 3.141592
208.992493 3.141592 -0.518362 3.141592
209.408844 3.141592 -0.513127 3.141592
209.825150 3.141592 -0.507891 3.141592
210.241455 3.141592 -0.502655 3.141592
210.657776 3.141592 -0.497418 3.141592
211.074097 3.141592 -0.492183 3.141592
211.490417 3.141592 -0.486947 3.141592
211.906738 3.141592 -0.481710 3.141592
212.323059 3.141592 -0.476475 3.141592
212.739380 3.141592 -0.471238 3.141592
213.155701 3.141592 -0.466003 3.141592
213.572021 3.141592 -0.460767 3.141592
213.988342 3.141592 -0.455531 3.141592
214.404663 3.141592 -0.450295 3.141592
214.820984 3.141592 -0.445059 3.141592
215.237305 3.141592 -0.439822 3.141592
215.653625 3.141592 -0.434585 3.141592
216.069946 3.141592 -0.429350 3.141592
216.486237 3.141592 -0.424115 3.141592
216.902588 3.141592 -0.418879 3.141592
217.318893 3.141592 -0.413642 3.141592
217.735214 3.141592 -0.408406 3.141592
218.151535 3.141592 -0.403171 3.141592
218.567841 3.141592 -0.397935 3.141592
218.984192 3.141592 -0.392699 3.141592
219.400497 3.141592 -0.387463 3.141592
219.816818 3.141592 -0.382227 3.141592
220.233139 3.141592 -0.376991 3.141592
220.649445 3.141592 -0.371755 3.141592
221.065796 3.141592 -0.366518 3.141592
221.482101 3.141592 -0.361283 3.141592
221.898422 3.141592 -0.356047 3.141592
222.314728 3.141592 -0.350810 3.141592
222.731049 3.141592 -0.345575 3.141592
223.147369 3.141592 -0.340338 3.141592
223.563690 3.141592 -0.335104 3.141592
223.980011 3.141592 -0.329868 3.141592
224.396332 3.141592 -0.324631 3.141592
224.812653 3.141592 -0.319396 3.141592
225.228973 3.141592 -0.314159 3.141592
225.645294 3.141592 -0.308923 3.141592
226.061615 3.141592 -0.303688 3.141592
226.477936 3.141592 -0.298450 3.141592
226.894257 3.141592 -0.293216 3.141592
227.310577 3.141592 -0.287980 3.141592
227.726898 3.141592 -0.282743 3.141592
228.143188 3.141592 -0.277508 3.141592
228.559540 3.141592 -0.272270 3.141592
228.975845 3.141592 -0.267035 3.141592
229.392166 3.141592 -0.261799 3.141592
229.808487 3.141592 -0.256563 3.141592
230.224792 3.141592 -0.251327 3.141592
230.641144 3.141592 -0.246091 3.141592
231.057449 3.141592 -0.240856 3.141592
231.473770 3.141592 -0.235619 3.141592
231.890091 3.141592 -0.230383 3.141592
232.306396 3.141592 -0.225147 3.141592
232.722748 3.141592 -0.219911 3.141592
233.139053 3.141592 -0.214676 3.141592
233.555374 3.141592 -0.209439 3.141592
233.971680 3.141592 -0.204203 3.141592
234.388000 3.141592 -0.198968 3.141592
234.804321 3.141592 -0.193731 3.141592
235.220642 3.141592 -0.188495 3.141592
235.636963 3.141592 -0.183260 3.141592
236.053284 3.141592 -0.178023 3.141592
236.469604 3.141592 -0.172787 3.141592
236.885925 3.141592 -0.167552 3.141592
237.302246 3.141592 -0.162316 3.141592
237.718567 3.141592 -0.157080 3.141592
238.134888 3.141592 -0.151844 3.141592
238.551208 3.141592 -0.146607 3.141592
238.967529 3.141592 -0.141372 3.141592
239.383850 3.141592 -0.136135 3.141592
239.800171 3.141592 -0.130899 3.141592
240.216492 3.141592 -0.125663 3.141592
240.632797 3.141592 -0.120427 3.141592
241.049118 3.141592 -0.115192 3.141592
241.465439 3.141592 -0.109955 3.141592
241.881744 3.141592 -0.104720 3.141592
242.298096 3.141592 -0.099483 3.141592
242.714401 3.141592 -0.094247 3.141592
243.130722 3.141592 -0.089011 3.141592
243.547043 3.141592 -0.083776 3.141592
243.963348 3.141592 -0.078540 3.141592
244.379700 3.141592 -0.073304 3.141592
244.796005 3.141592 -0.068067 3.141592
245.212326 3.141592 -0.062832 3.141592
245.628647 3.141592 -0.057596 3.141592
246.044952 3.141592 -0.052360 3.141592
246.461273 3.141592 -0.047124 3.141592
246.877594 3.141592 -0.041887 3.141592
247.293915 3.141592 -0.036652 3.141592
247.710236 3.141592 -0.031415 3.141592
248.126556 3.141592 -0.026181 3.141592
248.542877 3.141592 -0.020944 3.141592
248.959198 3.141592 -0.015708 3.141592
249.375519 3.141592 -0.010472 3.141592
249.791840 3.141592 -0.005236 3.141592
250.208160 3.141592 -0.000000 3.141592
250.624481 3.141592 0.005236 3.141592
251.040802 3.141592 0.010472 3.141592
251.457123 3.141592 0.015708 3.141592
251.873444 3.141592 0.020944 3.141592
252.289749 3.141592 0.026181 3.141592
252.706070 3.141592 0.031415 3.141592
253.122391 3.141592 0.036652 3.141592
253.538696 3.141592 0.041887 3.141592
253.955048 3.141592 0.047124 3.141592
254.371353 3.141592 0.052360 3.141592
254.787674 3.141592 0.057596 3.141592
255.203995 3.141592 0.062832 3.141592
255.620300 3.141592 0.068067 3.141592
256.036621 3.141592 0.073304 3.141592
256.452942 3.141592 0.078540 3.141592
256.869263 3.141592 0.083776 3.141592
257.285583 3.141592 0.089011 3.141592
257.701904 3.141592 0.094249 3.141592
258.118225 3.141592 0.099483 3.141592
258.534546 3.141592 0.104720 3.141592
258.950867 3.141592 0.109955 3.141592
259.367188 3.141592 0.115192 3.141592
259.783508 3.141592 0.120429 3.141592
260.199829 3.141592 0.125665 3.141592
260.616150 3.141592 0.130899 3.141592
261.032471 3.141592 0.136135 3.141592
261.448792 3.141592 0.141372 3.141592
261.865112 3.141592 0.146607 3.141592
262.281433 3.141592 0.151844 3.141592
262.697754 3.141592 0.157080 3.141592
263.114075 3.141592 0.162316 3.141592
263.530396 3.141592 0.167552 3.141592
263.946716 3.141592 0.172787 3.141592
264.363037 3.141592 0.178023 3.141592
264.779358 3.141592 0.183260 3.141592
265.195679 3.141592 0.188495 3.141592
265.612000 3.141592 0.193731 3.141592
266.028320 3.141592 0.198968 3.141592
266.444641 3.141592 0.204205 3.141592
266.860931 3.141592 0.209441 3.141592
267.277252 3.141592 0.214676 3.141592
267.693573 3.141592 0.219911 3.141592
268.109894 3.141592 0.225147 3.141592
268.526215 3.141592 0.230383 3.141592
268.942535 3.141592 0.235619 3.141592
269.358856 3.141592 0.240856 3.141592
269.775177 3.141592 0.246093 3.141592
270.191498 3.141592 0.251327 3.141592
270.607819 3.141592 0.256563 3.141592
271.024139 3.141592 0.261799 3.141592
271.440460 3.141592 0.267035 3.141592
271.856781 3.141592 0.272272 3.141592
272.273102 3.141592 0.277508 3.141592
272.689423 3.141592 0.282743 3.141592
273.105743 3.141592 0.287980 3.141592
273.522064 3.141592 0.293216 3.141592
273.938385 3.141592 0.298453 3.141592
274.354706 3.141592 0.303688 3.141592
274.771027 3.141592 0.308923 3.141592
275.187347 3.141592 0.314161 3.141592
275.603668 3.141592 0.319396 3.141592
276.019989 3.141592 0.324631 3.141592
276.436310 3.141592 0.329868 3.141592
276.852631 3.141592 0.335104 3.141592
277.268951 3.141592 0.340340 3.141592
277.685272 3.141592 0.345575 3.141592
278.101593 3.141592 0.350812 3.141592
278.517883 3.141592 0.356047 3.141592
278.934204 3.141592 0.361283 3.141592
279.350525 3.141592 0.366520 3.141592
279.766846 3.141592 0.371755 3.141592
280.183167 3.141592 0.376991 3.141592
280.599487 3.141592 0.382227 3.141592
281.015808 3.141592 0.387463 3.141592
281.432129 3.141592 0.392699 3.141592
281.848450 3.141592 0.397935 3.141592
282.264771 3.141592 0.403171 3.141592
282.681091 3.141592 0.408406 3.141592
283.097412 3.141592 0.413642 3.141592
283.513733 3.141592 0.418879 3.141592
283.930054 3.141592 0.424115 3.141592
284.346375 3.141592 0.429350 3.141592
284.762695 3.141592 0.434588 3.141592
285.179016 3.141592 0.439822 3.141592
285.595337 3.141592 0.445059 3.141592
286.011658 3.141592 0.450295 3.141592
286.427979 3.141592 0.455531 3.141592
286.844299 3.141592 0.460767 3.141592
287.260620 3.141592 0.466003 3.141592
287.676941 3.141592 0.471238 3.141592
288.093262 3.141592 0.476475 3.141592
288.509583 3.141592 0.481712 3.141592
288.925903 3.141592 0.486947 3.141592
289.342224 3.141592 0.492183 3.141592
289.758545 3.141592 0.497418 3.141592
290.174835 3.141592 0.502655 3.141592
290.591156 3.141592 0.507891 3.141592
291.007477 3.141592 0.513127 3.141592
291.423798 3.141592 0.518362 3.141592
291.840118 3.141592 0.523598 3.141592
292.256439 3.141592 0.528835 3.141592
292.672760 3.141592 0.534071 3.141592
293.089081 3.141592 0.539307 3.141592
293.505402 3.141592 0.544542 3.141592
293.921722 3.141592 0.549780 3.141592
294.338043 3.141592 0.555015 3.141592
294.754364 3.141592 0.560250 3.141592
295.170685 3.141592 0.565486 3.141592
295.587006 3.141592 0.570722 3.141592
296.003326 3.141592 0.575958 3.141592
296.419647 3.141592 0.581195 3.141592
296.835968 3.141592 0.586432 3.141592
297.252289 3.141592 0.591666 3.141592
297.668610 3.141592 0.596902 3.141592
298.084930 3.141592 0.602139 3.141592
298.501251 3.141592 0.607375 3.141592
298.917572 3.141592 0.612611 3.141592
299.333893 3.141592 0.617847 3.141592
299.750214 3.141592 0.623083 3.141592
300.166534 3.141592 0.628320 3.141592
300.582855 3.141592 0.633555 3.141592
300.999176 3.141592 0.638792 3.141592
301.415497 3.141592 0.644027 3.141592
301.831818 3.141592 0.649263 3.141592
302.248108 3.141592 0.654499 3.141592
302.664429 3.141592 0.659735 3.141592
303.080750 3.141592 0.664970 3.141592
303.497070 3.141592 0.670208 3.141592
303.913391 3.141592 0.675443 3.141592
304.329712 3.141592 0.680680 3.141592
304.746033 3.141592 0.685916 3.141592
305.162354 3.141592 0.691150 3.141592
305.578674 3.141592 0.696386 3.141592
305.994995 3.141592 0.701623 3.141592
306.411316 3.141592 0.706859 3.141592
306.827637 3.141592 0.712094 3.141592
307.243958 3.141592 0.717331 3.141592
307.660278 3.141592 0.722567 3.141592
308.076599 3.141592 0.727804 3.141592
308.492920 3.141592 0.733039 3.141592
308.909241 3.141592 0.738274 3.141592
309.325562 3.141592 0.743510 3.141592
309.741882 3.141592 0.748746 3.141592
310.158203 3.141592 0.753984 3.141592
310.574524 3.141592 0.759217 3.141592
310.990845 3.141592 0.764455 3.141592
311.407166 3.141592 0.769690 3.141592
311.823486 3.141592 0.774926 3.141592
312.239807 3.141592 0.780162 3.141592
312.656128 3.141592 0.785397 3.141592
313.072449 3.141592 0.790633 3.141592
313.488770 3.141592 0.795871 3.141592
313.905060 3.141592 0.801108 3.141592
314.321381 3.141592 0.806341 3.141592
314.737701 3.141592 0.811579 3.141592
315.154022 3.141592 0.816813 3.141592
315.570343 3.141592 0.822049 3.141592
315.986664 3.141592 0.827285 3.141592
316.402985 3.141592 0.832523 3.141592
316.819305 3.141592 0.837759 3.141592
317.235626 3.141592 0.842995 3.141592
317.651947 3.141592 0.848230 3.141592
318.068268 3.141592 0.853466 3.141592
318.484589 3.141592 0.858702 3.141592
318.900909 3.141592 0.863939 3.141592
319.317230 3.141592 0.869174 3.141592
319.733551 3.141592 0.874409 3.141592
320.149872 3.141592 0.879646 3.141592
320.566162 3.141592 0.884883 3.141592
320.982513 3.141592 0.890118 3.141592
321.398865 3.141592 0.895355 3.141592
321.815155 3.141592 0.900589 3.141592
322.231476 3.141592 0.905827 3.141592
322.647766 3.141592 0.911061 3.141592
323.064117 3.141592 0.916298 3.141592
323.480469 3.141592 0.921533 3.141592
323.896759 3.141592 0.926769 3.141592
324.313080 3.141592 0.932007 3.141592
324.729370 3.141592 0.937242 3.141592
325.145721 3.141592 0.942477 3.141592
325.562073 3.141592 0.947714 3.141592
325.978333 3.141592 0.952951 3.141592
326.394653 3.141592 0.958187 3.141592
326.810974 3.141592 0.963421 3.141592
327.227295 3.141592 0.968657 3.141592
327.643616 3.141592 0.973893 3.141592
328.059937 3.141592 0.979129 3.141592
328.476257 3.141592 0.984367 3.141592
328.892578 3.141592 0.989602 3.141592
329.308899 3.141592 0.994838 3.141592
329.725220 3.141592 1.000073 3.141592
330.141541 3.141592 1.005309 3.141592
330.557861 3.141592 1.010546 3.141592
330.974182 3.141592 1.015782 3.141592
331.390503 3.141592 1.021017 3.141592
331.806824 3.141592 1.026253 3.141592
332.223145 3.141592 1.031489 3.141592
332.639465 3.141592 1.036727 3.141592
333.055786 3.141592 1.041963 3.141592
333.472107 3.141592 1.047199 3.141592
333.888428 3.141592 1.052435 3.141592
334.304749 3.141592 1.057669 3.141592
334.721069 3.141592 1.062905 3.141592
335.137390 3.141592 1.068141 3.141592
335.553711 3.141592 1.073378 3.141592
335.970032 3.141592 1.078613 3.141592
336.386353 3.141592 1.083851 3.141592
336.802673 3.141592 1.089086 3.141592
337.218994 3.141592 1.094322 3.141592
337.635254 3.141592 1.099558 3.141592
338.051605 3.141592 1.104794 3.141592
338.467957 3.141592 1.110029 3.141592
338.884247 3.141592 1.115266 3.141592
339.300568 3.141592 1.120501 3.141592
339.716858 3.141592 1.125737 3.141592
340.133209 3.141592 1.130973 3.141592
340.549561 3.141592 1.136210 3.141592
340.965851 3.141592 1.141444 3.141592
341.382172 3.141592 1.146681 3.141592
341.798462 3.141592 1.151916 3.141592
342.214813 3.141592 1.157153 3.141592
342.631165 3.141592 1.162390 3.141592
343.047455 3.141592 1.167626 3.141592
343.463776 3.141592 1.172862 3.141592
343.880066 3.141592 1.178096 3.141592
344.296417 3.141592 1.183334 3.141592
344.712769 3.141592 1.188570 3.141592
345.129059 3.141592 1.193804 3.141592
345.545380 3.141592 1.199042 3.141592
345.961670 3.141592 1.204278 3.141592
346.378021 3.141592 1.209514 3.141592
346.794373 3.141592 1.214750 3.141592
347.210663 3.141592 1.219985 3.141592
347.626984 3.141592 1.225220 3.141592
348.043274 3.141592 1.230456 3.141592
348.459625 3.141592 1.235692 3.141592
348.875977 3.141592 1.240930 3.141592
349.292267 3.141592 1.246166 3.141592
349.708557 3.141592 1.251401 3.141592
350.124878 3.141592 1.256637 3.141592
350.541199 3.141592 1.261874 3.141592
350.957520 3.141592 1.267110 3.141592
351.373840 3.141592 1.272344 3.141592
351.790161 3.141592 1.277582 3.141592
352.206482 3.141592 1.282817 3.141592
352.622803 3.141592 1.288052 3.141592
353.039124 3.141592 1.293289 3.141592
353.455444 3.141592 1.298525 3.141592
353.871765 3.141592 1.303762 3.141592
354.288086 3.141592 1.308998 3.141592
354.704407 3.141592 1.314232 3.141592
355.120728 3.141592 1.319469 3.141592
355.537048 3.141592 1.324704 3.141592
355.953369 3.141592 1.329941 3.141592
356.369690 3.141592 1.335176 3.141592
356.786011 3.141592 1.340414 3.141592
357.202332 3.141592 1.345648 3.141592
357.618652 3.141592 1.350886 3.141592
358.034973 3.141592 1.356120 3.141592
358.451294 3.141592 1.361357 3.141592
358.867615 3.141592 1.366592 3.141592
359.283936 3.141592 1.371829 3.141592
359.700256 3.141592 1.377066 3.141592
360.116577 3.141592 1.382301 3.141592
360.532898 3.141592 1.387536 3.141592
360.949219 3.141592 1.392773 3.141592
361.365509 3.141592 1.398009 3.141592
361.781860 3.141592 1.403245 3.141592
362.198151 3.141592 1.408480 3.141592
362.614471 3.141592 1.413717 3.141592
363.030762 3.141592 1.418953 3.141592
363.447113 3.141592 1.424189 3.141592
363.863464 3.141592 1.429424 3.141592
364.279755 3.141592 1.434662 3.141592
364.696075 3.141592 1.439896 3.141592
365.112366 3.141592 1.445133 3.141592
365.528717 3.141592 1.450369 3.141592
365.945068 3.141592 1.455605 3.141592
366.361359 3.141592 1.460841 3.141592
366.777679 3.141592 1.466076 3.141592
367.193970 3.141592 1.471314 3.141592
367.610321 3.141592 1.476549 3.141592
368.026672 3.141592 1.481784 3.141592
368.442963 3.141592 1.487021 3.141592
368.859283 3.141592 1.492258 3.141592
369.275574 3.141592 1.497492 3.141592
369.691925 3.141592 1.502729 3.141592
370.108276 3.141592 1.507963 3.141592
370.524567 3.141592 1.513201 3.141592
370.940887 3.141592 1.518438 3.141592
371.357178 3.141592 1.523671 3.141592
371.773529 3.141592 1.528909 3.141592
372.189880 3.141592 1.534144 3.141592
372.606171 3.141592 1.539381 3.141592
373.022461 3.141592 1.544616 3.141592
373.438782 3.141592 1.549851 3.141592
373.855103 -0.000000 1.555090 0.000000
374.271423 -0.000000 1.560326 0.000000
374.687744 -0.000000 1.565559 0.000000
375.104065 -0.000000 1.570796 0.000000
375.520386 -0.000000 1.565560 0.000000
375.936707 -0.000000 1.560325 0.000000
376.353027 -0.000000 1.555087 0.000000
376.769348 0.000000 1.549852 0.000000
377.185669 0.000000 1.544615 0.000000
377.601990 0.000000 1.539381 0.000000
378.018311 0.000000 1.534143 0.000000
378.434631 0.000000 1.528908 0.000000
378.850952 0.000000 1.523672 0.000000
379.267273 0.000000 1.518438 0.000000
379.683594 0.000000 1.513200 0.000000
380.099915 0.000000 1.507964 0.000000
380.516235 0.000000 1.502728 0.000000
380.932556 0.000000 1.497493 0.000000
381.348877 0.000000 1.492257 0.000000
381.765198 0.000000 1.487021 0.000000
382.181519 0.000000 1.481786 0.000000
382.597839 0.000000 1.476547 0.000000
383.014160 0.000000 1.471313 0.000000
383.430481 0.000000 1.466078 0.000000
383.846802 0.000000 1.460841 0.000000
384.263123 0.000000 1.455603 0.000000
384.679443 0.000000 1.450367 0.000000
385.095764 0.000000 1.445133 0.000000
385.512054 0.000000 1.439897 0.000000
385.928375 0.000000 1.434660 0.000000
386.344666 0.000000 1.429424 0.000000
386.761017 0.000000 1.424190 0.000000
387.177368 0.000000 1.418954 0.000000
387.593658 0.000000 1.413717 0.000000
388.009979 0.000000 1.408480 0.000000
388.426270 0.000000 1.403246 0.000000
388.842621 0.000000 1.398009 0.000000
389.258972 0.000000 1.392774 0.000000
389.675262 0.000000 1.387537 0.000000
390.091583 0.000000 1.382301 0.000000
390.507874 0.000000 1.377066 0.000000
390.924225 0.000000 1.371829 0.000000
391.340576 0.000000 1.366594 0.000000
391.756866 0.000000 1.361356 0.000000
392.173187 0.000000 1.356122 0.000000
392.589478 0.000000 1.350886 0.000000
393.005829 0.000000 1.345648 0.000000
393.422180 0.000000 1.340413 0.000000
393.838470 0.000000 1.335177 0.000000
394.254791 0.000000 1.329941 0.000000
394.671082 0.000000 1.324706 0.000000
395.087433 0.000000 1.319469 0.000000
395.503784 0.000000 1.314232 0.000000
395.920074 0.000000 1.308996 0.000000
396.336395 0.000000 1.303760 0.000000
396.752686 0.000000 1.298525 0.000000
397.169006 0.000000 1.293290 0.000000
397.585327 0.000000 1.288052 0.000000
398.001648 0.000000 1.282818 0.000000
398.417969 0.000000 1.277582 0.000000
398.834290 0.000000 1.272345 0.000000
399.250610 0.000000 1.267108 0.000000
399.666931 0.000000 1.261872 0.000000
400.083252 0.000000 1.256636 0.000000
400.499573 0.000000 1.251400 0.000000
400.915894 0.000000 1.246165 0.000000
401.332214 0.000000 1.240928 0.000000
401.748535 0.000000 1.235693 0.000000
402.164856 0.000000 1.230457 0.000000
402.581177 0.000000 1.225221 0.000000
402.997498 0.000000 1.219984 0.000000
403.413818 0.000000 1.214750 0.000000
403.830139 0.000000 1.209514 0.000000
404.246460 0.000000 1.204277 0.000000
404.662781 0.000000 1.199042 0.000000
405.079102 0.000000 1.193804 0.000000
405.495422 0.000000 1.188569 0.000000
405.911743 0.000000 1.183333 0.000000
406.328064 0.000000 1.178097 0.000000
406.744385 0.000000 1.172862 0.000000
407.160706 0.000000 1.167625 0.000000
407.577026 0.000000 1.162390 0.000000
407.993347 0.000000 1.157154 0.000000
408.409668 0.000000 1.151917 0.000000
408.825958 0.000000 1.146680 0.000000
409.242279 0.000000 1.141445 0.000000
409.658569 0.000000 1.136208 0.000000
410.074921 0.000000 1.130974 0.000000
410.491272 0.000000 1.125739 0.000000
410.907562 0.000000 1.120502 0.000000
411.323883 0.000000 1.115265 0.000000
411.740173 0.000000 1.110030 0.000000
412.156525 0.000000 1.104793 0.000000
412.572876 0.000000 1.099558 0.000000
412.989166 0.000000 1.094322 0.000000
413.405487 0.000000 1.089085 0.000000
413.821777 0.000000 1.083850 0.000000
414.238129 0.000000 1.078613 0.000000
414.654480 0.000000 1.073377 0.000000
415.070770 0.000000 1.068141 0.000000
415.487091 0.000000 1.062905 0.000000
415.903381 0.000000 1.057671 0.000000
416.319733 0.000000 1.052434 0.000000
416.736084 0.000000 1.047197 0.000000
417.152374 0.000000 1.041961 0.000000
417.568695 0.000000 1.036727 0.000000
417.984985 0.000000 1.031490 0.000000
418.401337 0.000000 1.026254 0.000000
418.817688 0.000000 1.021017 0.000000
419.233978 0.000000 1.015781 0.000000
419.650299 0.000000 1.010545 0.000000
420.066589 0.000000 1.005311 0.000000
420.482910 0.000000 1.000074 0.000000
420.899231 0.000000 0.994838 0.000000
421.315552 0.000000 0.989601 0.000000
421.731873 0.000000 0.984366 0.000000
422.148193 0.000000 0.979130 0.000000
422.564514 0.000000 0.973894 0.000000
422.980835 0.000000 0.968657 0.000000
423.397156 0.000000 0.963422 0.000000
423.813477 0.000000 0.958185 0.000000
424.229797 0.000000 0.952951 0.000000
424.646118 0.000000 0.947715 0.000000
425.062439 0.000000 0.942477 0.000000
425.478760 0.000000 0.937241 0.000000
425.895081 0.000000 0.932006 0.000000
426.311401 0.000000 0.926771 0.000000
426.727722 0.000000 0.921534 0.000000
427.144043 0.000000 0.916299 0.000000
427.560364 0.000000 0.911062 0.000000
427.976685 0.000000 0.905827 0.000000
428.393005 0.000000 0.900590 0.000000
428.809326 0.000000 0.895355 0.000000
429.225647 0.000000 0.890118 0.000000
429.641968 0.000000 0.884883 0.000000
430.058289 0.000000 0.879645 0.000000
430.474609 0.000000 0.874410 0.000000
430.890930 0.000000 0.869175 0.000000
431.307251 0.000000 0.863939 0.000000
431.723572 0.000000 0.858702 0.000000
432.139893 0.000000 0.853466 0.000000
432.556183 0.000000 0.848229 0.000000
432.972473 0.000000 0.842994 0.000000
433.388824 0.000000 0.837759 0.000000
433.805176 0.000000 0.832523 0.000000
434.221466 0.000000 0.827287 0.000000
434.637787 0.000000 0.822050 0.000000
435.054077 0.000000 0.816815 0.000000
435.470428 0.000000 0.811578 0.000000
435.886780 0.000000 0.806342 0.000000
436.303070 0.000000 0.801107 0.000000
436.719391 0.000000 0.795871 0.000000
437.135681 0.000000 0.790635 0.000000
437.552032 0.000000 0.785397 0.000000
437.968384 0.000000 0.780161 0.000000
438.384674 0.000000 0.774927 0.000000
438.800995 0.000000 0.769691 0.000000
439.217285 0.000000 0.764455 0.000000
439.633636 0.000000 0.759218 0.000000
440.049988 0.000000 0.753983 0.000000
440.466278 0.000000 0.748746 0.000000
440.882599 0.000000 0.743510 0.000000
441.298889 0.000000 0.738275 0.000000
441.715240 0.000000 0.733038 0.000000
442.131592 0.000000 0.727803 0.000000
442.547882 0.000000 0.722567 0.000000
442.964203 0.000000 0.717331 0.000000
443.380493 0.000000 0.712094 0.000000
443.796844 0.000000 0.706858 0.000000
444.213135 0.000000 0.701623 0.000000
444.629456 0.000000 0.696387 0.000000
445.045776 0.000000 0.691151 0.000000
445.462097 0.000000 0.685915 0.000000
445.878418 0.000000 0.680679 0.000000
446.294739 0.000000 0.675443 0.000000
446.711060 0.000000 0.670207 0.000000
447.127380 0.000000 0.664970 0.000000
447.543701 0.000000 0.659733 0.000000
447.960022 0.000000 0.654497 0.000000
448.376343 0.000000 0.649262 0.000000
448.792664 0.000000 0.644026 0.000000
449.208984 0.000000 0.638789 0.000000
449.625305 0.000000 0.633555 0.000000
450.041626 0.000000 0.628319 0.000000
450.457947 0.000000 0.623082 0.000000
450.874268 0.000000 0.617847 0.000000
451.290588 0.000000 0.612611 0.000000
451.706909 0.000000 0.607375 0.000000
452.123230 0.000000 0.602140 0.000000
452.539551 0.000000 0.596902 0.000000
452.955872 0.000000 0.591667 0.000000
453.372192 0.000000 0.586431 0.000000
453.788513 0.000000 0.581196 0.000000
454.204834 0.000000 0.575958 0.000000
454.621155 0.000000 0.570722 0.000000
455.037476 0.000000 0.565487 0.000000
455.453796 0.000000 0.560250 0.000000
455.870117 0.000000 0.555014 0.000000
456.286377 0.000000 0.549778 0.000000
456.702728 0.000000 0.544543 0.000000
457.119080 0.000000 0.539306 0.000000
457.535370 0.000000 0.534071 0.000000
457.951691 0.000000 0.528835 0.000000
458.367981 0.000000 0.523599 0.000000
458.784332 0.000000 0.518362 0.000000
459.200684 0.000000 0.513127 0.000000
459.616974 0.000000 0.507891 0.000000
460.033295 0.000000 0.502655 0.000000
460.449585 0.000000 0.497418 0.000000
460.865936 0.000000 0.492183 0.000000
461.282288 0.000000 0.486946 0.000000
461.698578 0.000000 0.481710 0.000000
462.114899 0.000000 0.476474 0.000000
462.531189 0.000000 0.471238 0.000000
462.947540 0.000000 0.466003 0.000000
463.363892 0.000000 0.460767 0.000000
463.780182 0.000000 0.455530 0.000000
464.196503 0.000000 0.450295 0.000000
464.612793 0.000000 0.445058 0.000000
465.029144 0.000000 0.439823 0.000000
465.445496 0.000000 0.434588 0.000000
465.861786 0.000000 0.429350 0.000000
466.278107 0.000000 0.424116 0.000000
466.694397 0.000000 0.418880 0.000000
467.110748 0.000000 0.413643 0.000000
467.527100 0.000000 0.408406 0.000000
467.943359 0.000000 0.403171 0.000000
468.359680 0.000000 0.397934 0.000000
468.776001 0.000000 0.392698 0.000000
469.192322 0.000000 0.387463 0.000000
469.608643 0.000000 0.382226 0.000000
470.024963 0.000000 0.376990 0.000000
470.441284 0.000000 0.371755 0.000000
470.857605 0.000000 0.366520 0.000000
471.273926 0.000000 0.361284 0.000000
471.690247 0.000000 0.356048 0.000000
472.106567 0.000000 0.350812 0.000000
472.522888 0.000000 0.345575 0.000000
472.939209 0.000000 0.340338 0.000000
473.355530 0.000000 0.335104 0.000000
473.771851 0.000000 0.329867 0.000000
474.188171 0.000000 0.324632 0.000000
474.604492 0.000000 0.319396 0.000000
475.020813 0.000000 0.314158 0.000000
475.437134 0.000000 0.308923 0.000000
475.853455 0.000000 0.303688 0.000000
476.269775 0.000000 0.298450 0.000000
476.686096 0.000000 0.293215 0.000000
477.102417 0.000000 0.287980 0.000000
477.518738 0.000000 0.282743 0.000000
477.935059 0.000000 0.277508 0.000000
478.351379 0.000000 0.272272 0.000000
478.767700 0.000000 0.267035 0.000000
479.184021 0.000000 0.261799 0.000000
479.600342 0.000000 0.256563 0.000000
480.016632 0.000000 0.251327 0.000000
480.432983 0.000000 0.246090 0.000000
480.849274 0.000000 0.240856 0.000000
481.265594 0.000000 0.235619 0.000000
481.681885 0.000000 0.230383 0.000000
482.098236 0.000000 0.225147 0.000000
482.514587 0.000000 0.219911 0.000000
482.930878 0.000000 0.214676 0.000000
483.347198 0.000000 0.209439 0.000000
483.763489 0.000000 0.204203 0.000000
484.179840 0.000000 0.198968 0.000000
484.596191 0.000000 0.193731 0.000000
485.012482 0.000000 0.188495 0.000000
485.428802 0.000000 0.183260 0.000000
485.845093 0.000000 0.178023 0.000000
486.261444 0.000000 0.172787 0.000000
486.677795 0.000000 0.167552 0.000000
487.094086 0.000000 0.162316 0.000000
487.510406 0.000000 0.157079 0.000000
487.926697 0.000000 0.151844 0.000000
488.343048 0.000000 0.146607 0.000000
488.759399 0.000000 0.141372 0.000000
489.175690 0.000000 0.136135 0.000000
489.592010 0.000000 0.130899 0.000000
490.008301 0.000000 0.125665 0.000000
490.424652 0.000000 0.120427 0.000000
490.841003 0.000000 0.115192 0.000000
491.257294 0.000000 0.109955 0.000000
491.673584 0.000000 0.104720 0.000000
492.089905 0.000000 0.099483 0.000000
492.506226 0.000000 0.094247 0.000000
492.922546 0.000000 0.089011 0.000000
493.338867 0.000000 0.083776 0.000000
493.755188 0.000000 0.078540 0.000000
494.171509 0.000000 0.073304 0.000000
494.587830 0.000000 0.068067 0.000000
495.004150 0.000000 0.062832 0.000000
495.420471 0.000000 0.057596 0.000000
495.836792 0.000000 0.052360 0.000000
496.253113 0.000000 0.047124 0.000000
496.669434 0.000000 0.041887 0.000000
497.085754 0.000000 0.036652 0.000000
497.502075 0.000000 0.031415 0.000000
497.918396 0.000000 0.026181 0.000000
498.334717 0.000000 0.020944 0.000000
498.751038 0.000000 0.015708 0.000000
499.167358 0.000000 0.010472 0.000000
499.583679 0.000000 0.005236 0.000000
500.000000 0.000000 -0.000000 0.000000
GroupComments: 0
MaterialComments: 0
BoneComments: 0
ModelComment: 0
