// MilkShape 3D ASCII

Frames: 1
Frame: 1

Meshes: 41
"Mesh_music_filed_Material" 0 0
320
0 -0.512275 0.062048 0.489672 0.144141 0.049151 1
0 -0.520257 0.062048 0.497654 0.138596 0.049151 1
0 -0.497778 0.062048 0.520133 0.154211 0.049151 1
0 0.011320 0.074809 -0.710404 0.507863 0.000000 1
0 0.003873 0.074809 -0.717851 0.502690 0.000000 1
0 0.003873 0.074809 -0.710404 0.502690 0.000000 1
0 0.494327 0.074809 -0.510336 0.843392 0.000000 1
0 0.494327 -0.184809 -0.510336 0.843392 1.000000 1
0 0.499593 -0.184809 -0.505070 0.847050 1.000000 1
0 0.499593 0.074809 -0.515602 0.847050 0.000000 1
0 0.499593 -0.184809 -0.515602 0.847050 1.000000 1
0 0.504859 -0.184809 -0.510336 0.850708 1.000000 1
0 0.499593 0.074809 -0.505070 0.847050 0.000000 1
0 0.504859 0.074809 -0.510336 0.850708 0.000000 1
0 0.505260 0.074809 -0.499403 0.850986 0.000000 1
0 0.505260 -0.184809 -0.499403 0.850986 1.000000 1
0 0.510526 -0.184809 -0.494137 0.854645 1.000000 1
0 0.510526 0.074809 -0.504669 0.854645 0.000000 1
0 0.510526 -0.184809 -0.504669 0.854645 1.000000 1
0 0.515792 -0.184809 -0.499403 0.858303 1.000000 1
0 0.510526 0.074809 -0.494137 0.854645 0.000000 1
0 0.515792 0.074809 -0.499403 0.858303 0.000000 1
0 0.489672 -0.168756 -0.512275 0.840158 0.938167 1
0 0.489672 -0.172048 -0.512275 0.840158 0.950849 1
0 0.512151 -0.172048 -0.489796 0.855773 0.950849 1
0 -0.499403 0.074809 0.505260 0.153083 0.000000 1
0 -0.499403 -0.184809 0.505260 0.153083 1.000000 1
0 -0.504669 -0.184809 0.510526 0.149424 1.000000 1
0 -0.494137 -0.184809 0.510526 0.156741 1.000000 1
0 -0.499403 -0.184809 0.515792 0.153083 1.000000 1
0 -0.494137 0.074809 0.510526 0.156741 0.000000 1
0 -0.499403 0.074809 0.515792 0.153083 0.000000 1
0 -0.504669 0.074809 0.510526 0.149424 0.000000 1
0 -0.512275 -0.168756 0.489672 0.144141 0.938167 1
0 -0.489796 -0.168756 0.512151 0.159756 0.938167 1
0 -0.489796 -0.172048 0.512151 0.159756 0.950849 1
0 -0.512275 -0.172048 0.489672 0.144141 0.950849 1
0 -0.520257 -0.172048 0.497654 0.138596 0.950849 1
0 -0.497778 -0.172048 0.520133 0.154211 0.950849 1
0 -0.497778 -0.168756 0.520133 0.154211 0.938167 1
0 -0.520257 -0.168756 0.497654 0.138596 0.938167 1
0 -0.489796 0.062048 0.512151 0.159756 0.049151 1
0 -0.489796 0.058756 0.512151 0.159756 0.061833 1
0 -0.512275 0.058756 0.489672 0.144141 0.061833 1
0 -0.520257 0.058756 0.497654 0.138596 0.061833 1
0 -0.497778 0.058756 0.520133 0.154211 0.061833 1
0 0.497654 -0.168756 -0.520257 0.845703 0.938167 1
0 0.497654 -0.172048 -0.520257 0.845703 0.950849 1
0 0.512151 -0.168756 -0.489796 0.855773 0.938167 1
0 0.520133 -0.172048 -0.497778 0.861318 0.950849 1
0 0.520133 -0.168756 -0.497778 0.861318 0.938167 1
0 0.489672 0.062048 -0.512275 0.840158 0.049151 1
0 0.512151 0.058756 -0.489796 0.855773 0.061833 1
0 0.512151 0.062048 -0.489796 0.855773 0.049151 1
0 0.497654 0.058756 -0.520257 0.845703 0.061833 1
0 0.489672 0.058756 -0.512275 0.840158 0.061833 1
0 0.520133 0.058756 -0.497778 0.861318 0.061833 1
0 0.520133 0.062048 -0.497778 0.861318 0.049151 1
0 0.497654 0.062048 -0.520257 0.845703 0.049151 1
0 0.489672 -0.048900 -0.512275 0.840158 0.476505 1
0 0.512151 -0.052193 -0.489796 0.855773 0.489186 1
0 0.512151 -0.048900 -0.489796 0.855773 0.476505 1
0 0.497654 -0.052193 -0.520257 0.845703 0.489186 1
0 0.489672 -0.052193 -0.512275 0.840158 0.489186 1
0 0.520133 -0.052193 -0.497778 0.861318 0.489186 1
0 0.520133 -0.048900 -0.497778 0.861318 0.476505 1
0 0.497654 -0.048900 -0.520257 0.845703 0.476505 1
0 -0.510336 0.074809 0.494327 0.145488 0.000000 1
0 -0.505070 -0.184809 0.499593 0.149146 1.000000 1
0 -0.510336 -0.184809 0.494327 0.145488 1.000000 1
0 -0.515602 -0.184809 0.499593 0.141830 1.000000 1
0 -0.515602 0.074809 0.499593 0.141830 0.000000 1
0 -0.510336 -0.184809 0.504859 0.145488 1.000000 1
0 -0.505070 0.074809 0.499593 0.149146 0.000000 1
0 -0.510336 0.074809 0.504859 0.145488 0.000000 1
0 -0.512275 -0.048900 0.489672 0.144141 0.476505 1
0 -0.489796 -0.052193 0.512151 0.159756 0.489186 1
0 -0.512275 -0.052193 0.489672 0.144141 0.489186 1
0 -0.520257 -0.052193 0.497654 0.138596 0.489186 1
0 -0.520257 -0.048900 0.497654 0.138596 0.476505 1
0 -0.497778 -0.052193 0.520133 0.154211 0.489186 1
0 -0.489796 -0.048900 0.512151 0.159756 0.476505 1
0 -0.497778 -0.048900 0.520133 0.154211 0.476505 1
0 0.510336 0.074809 0.494327 0.854512 0.000000 1
0 0.505070 -0.184809 0.499593 0.850854 1.000000 1
0 0.505070 0.074809 0.499593 0.850854 0.000000 1
0 0.515602 -0.184809 0.499593 0.858170 1.000000 1
0 0.510336 -0.184809 0.494327 0.854512 1.000000 1
0 0.510336 -0.184809 0.504859 0.854512 1.000000 1
0 0.510336 0.074809 0.504859 0.854512 0.000000 1
0 0.515602 0.074809 0.499593 0.858170 0.000000 1
0 0.499403 0.074809 0.505260 0.846917 0.000000 1
0 0.494137 -0.184809 0.510526 0.843259 1.000000 1
0 0.494137 0.074809 0.510526 0.843259 0.000000 1
0 0.504669 -0.184809 0.510526 0.850576 1.000000 1
0 0.499403 -0.184809 0.505260 0.846917 1.000000 1
0 0.499403 -0.184809 0.515792 0.846917 1.000000 1
0 0.499403 0.074809 0.515792 0.846917 0.000000 1
0 0.504669 0.074809 0.510526 0.850576 0.000000 1
0 0.512275 -0.168756 0.489672 0.855859 0.938167 1
0 0.489796 -0.172048 0.512151 0.840244 0.950849 1
0 0.489796 -0.168756 0.512151 0.840244 0.938167 1
0 0.520257 -0.172048 0.497654 0.861404 0.950849 1
0 0.512275 -0.172048 0.489672 0.855859 0.950849 1
0 0.497778 -0.172048 0.520133 0.845789 0.950849 1
0 0.497778 -0.168756 0.520133 0.845789 0.938167 1
0 0.520257 -0.168756 0.497654 0.861404 0.938167 1
0 0.512275 0.062048 0.489672 0.855859 0.049151 1
0 0.489796 0.058756 0.512151 0.840244 0.061833 1
0 0.489796 0.062048 0.512151 0.840244 0.049151 1
0 0.520257 0.058756 0.497654 0.861404 0.061833 1
0 0.512275 0.058756 0.489672 0.855859 0.061833 1
0 0.497778 0.058756 0.520133 0.845789 0.061833 1
0 0.497778 0.062048 0.520133 0.845789 0.049151 1
0 0.520257 0.062048 0.497654 0.861404 0.049151 1
0 0.512275 -0.048900 0.489672 0.855859 0.476505 1
0 0.489796 -0.052193 0.512151 0.840244 0.489186 1
0 0.489796 -0.048900 0.512151 0.840244 0.476505 1
0 0.520257 -0.052193 0.497654 0.861404 0.489186 1
0 0.512275 -0.052193 0.489672 0.855859 0.489186 1
0 0.497778 -0.052193 0.520133 0.845789 0.489186 1
0 0.497778 -0.048900 0.520133 0.845789 0.476505 1
0 0.520257 -0.048900 0.497654 0.861404 0.476505 1
0 -0.494327 0.074809 -0.510336 0.156608 0.000000 1
0 -0.499593 -0.184809 -0.505070 0.152950 1.000000 1
0 -0.494327 -0.184809 -0.510336 0.156608 1.000000 1
0 -0.499593 -0.184809 -0.515602 0.152950 1.000000 1
0 -0.499593 0.074809 -0.515602 0.152950 0.000000 1
0 -0.504859 -0.184809 -0.510336 0.149292 1.000000 1
0 -0.499593 0.074809 -0.505070 0.152950 0.000000 1
0 -0.504859 0.074809 -0.510336 0.149292 0.000000 1
0 -0.505260 0.074809 -0.499403 0.149014 0.000000 1
0 -0.510526 -0.184809 -0.494137 0.145355 1.000000 1
0 -0.505260 -0.184809 -0.499403 0.149014 1.000000 1
0 -0.510526 -0.184809 -0.504669 0.145355 1.000000 1
0 -0.510526 0.074809 -0.504669 0.145355 0.000000 1
0 -0.515792 -0.184809 -0.499403 0.141697 1.000000 1
0 -0.510526 0.074809 -0.494137 0.145355 0.000000 1
0 -0.515792 0.074809 -0.499403 0.141697 0.000000 1
0 -0.489672 -0.168756 -0.512275 0.159842 0.938167 1
0 -0.512151 -0.172048 -0.489796 0.144227 0.950849 1
0 -0.489672 -0.172048 -0.512275 0.159842 0.950849 1
0 -0.497654 -0.172048 -0.520257 0.154297 0.950849 1
0 -0.497654 -0.168756 -0.520257 0.154297 0.938167 1
0 -0.520133 -0.172048 -0.497778 0.138682 0.950849 1
0 -0.512151 -0.168756 -0.489796 0.144227 0.938167 1
0 -0.520133 -0.168756 -0.497778 0.138682 0.938167 1
0 -0.489672 0.062048 -0.512275 0.159842 0.049151 1
0 -0.512151 0.058756 -0.489796 0.144227 0.061833 1
0 -0.489672 0.058756 -0.512275 0.159842 0.061833 1
0 -0.497654 0.058756 -0.520257 0.154297 0.061833 1
0 -0.497654 0.062048 -0.520257 0.154297 0.049151 1
0 -0.520133 0.058756 -0.497778 0.138682 0.061833 1
0 -0.512151 0.062048 -0.489796 0.144227 0.049151 1
0 -0.520133 0.062048 -0.497778 0.138682 0.049151 1
0 -0.489672 -0.048900 -0.512275 0.159842 0.476505 1
0 -0.512151 -0.052193 -0.489796 0.144227 0.489186 1
0 -0.489672 -0.052193 -0.512275 0.159842 0.489186 1
0 -0.497654 -0.052193 -0.520257 0.154297 0.489186 1
0 -0.497654 -0.048900 -0.520257 0.154297 0.476505 1
0 -0.520133 -0.052193 -0.497778 0.138682 0.489186 1
0 -0.512151 -0.048900 -0.489796 0.144227 0.476505 1
0 -0.520133 -0.048900 -0.497778 0.138682 0.476505 1
0 0.710404 0.074809 -0.011320 0.993493 0.000000 1
0 0.710404 -0.184809 -0.003873 0.993492 1.000000 1
0 0.710404 0.074809 -0.003873 0.993492 0.000000 1
0 0.717851 -0.184809 -0.011320 0.998666 1.000000 1
0 0.710404 -0.184809 -0.011320 0.993493 1.000000 1
0 0.717851 -0.184809 -0.003873 0.998666 1.000000 1
0 0.717851 0.074809 -0.003873 0.998666 0.000000 1
0 0.717851 0.074809 -0.011320 0.998666 0.000000 1
0 0.710404 0.074809 0.004142 0.993493 0.000000 1
0 0.710404 -0.184809 0.011589 0.993492 1.000000 1
0 0.710404 0.074809 0.011589 0.993492 0.000000 1
0 0.717851 -0.184809 0.004142 0.998666 1.000000 1
0 0.710404 -0.184809 0.004142 0.993493 1.000000 1
0 0.717851 -0.184809 0.011589 0.998666 1.000000 1
0 0.717851 0.074809 0.011589 0.998666 0.000000 1
0 0.717851 0.074809 0.004142 0.998666 0.000000 1
0 0.708484 -0.168756 -0.015982 0.992159 0.938167 1
0 0.708484 -0.172048 0.015807 0.992159 0.950849 1
0 0.708484 -0.168756 0.015807 0.992159 0.938167 1
0 0.719772 -0.172048 -0.015982 1.000000 0.950849 1
0 0.708484 -0.172048 -0.015982 0.992159 0.950849 1
0 0.719772 -0.172048 0.015807 1.000000 0.950849 1
0 0.719772 -0.168756 0.015807 1.000000 0.938167 1
0 0.719772 -0.168756 -0.015982 1.000000 0.938167 1
0 0.708484 0.062048 -0.015982 0.992159 0.049151 1
0 0.708484 0.058756 0.015807 0.992159 0.061833 1
0 0.708484 0.062048 0.015807 0.992159 0.049151 1
0 0.719772 0.058756 -0.015982 1.000000 0.061833 1
0 0.708484 0.058756 -0.015982 0.992159 0.061833 1
0 0.719772 0.058756 0.015807 1.000000 0.061833 1
0 0.719772 0.062048 0.015807 1.000000 0.049151 1
0 0.719772 0.062048 -0.015982 1.000000 0.049151 1
0 0.708484 -0.048900 -0.015982 0.992159 0.476505 1
0 0.708484 -0.052193 0.015807 0.992159 0.489186 1
0 0.708484 -0.048900 0.015807 0.992159 0.476505 1
0 0.719772 -0.052193 -0.015982 1.000000 0.489186 1
0 0.708484 -0.052193 -0.015982 0.992159 0.489186 1
0 0.719772 -0.052193 0.015807 1.000000 0.489186 1
0 0.719772 -0.048900 0.015807 1.000000 0.476505 1
0 0.719772 -0.048900 -0.015982 1.000000 0.476505 1
0 -0.710404 0.074809 -0.011320 0.006507 0.000000 1
0 -0.710404 -0.184809 -0.003873 0.006507 1.000000 1
0 -0.710404 -0.184809 -0.011320 0.006507 1.000000 1
0 -0.717851 -0.184809 -0.011320 0.001334 1.000000 1
0 -0.717851 0.074809 -0.011320 0.001334 0.000000 1
0 -0.717851 -0.184809 -0.003873 0.001334 1.000000 1
0 -0.710404 0.074809 -0.003873 0.006507 0.000000 1
0 -0.717851 0.074809 -0.003873 0.001334 0.000000 1
0 -0.710404 0.074809 0.004142 0.006507 0.000000 1
0 -0.710404 -0.184809 0.011589 0.006507 1.000000 1
0 -0.710404 -0.184809 0.004142 0.006507 1.000000 1
0 -0.717851 -0.184809 0.004142 0.001334 1.000000 1
0 -0.717851 0.074809 0.004142 0.001334 0.000000 1
0 -0.717851 -0.184809 0.011589 0.001334 1.000000 1
0 -0.710404 0.074809 0.011589 0.006507 0.000000 1
0 -0.717851 0.074809 0.011589 0.001334 0.000000 1
0 -0.708484 -0.168756 -0.015982 0.007841 0.938167 1
0 -0.708484 -0.172048 0.015807 0.007841 0.950849 1
0 -0.708484 -0.172048 -0.015982 0.007841 0.950849 1
0 -0.719772 -0.172048 -0.015982 0.000000 0.950849 1
0 -0.719772 -0.168756 -0.015982 0.000000 0.938167 1
0 -0.719772 -0.172048 0.015807 0.000000 0.950849 1
0 -0.708484 -0.168756 0.015807 0.007841 0.938167 1
0 -0.719772 -0.168756 0.015807 0.000000 0.938167 1
0 -0.708484 0.062048 -0.015982 0.007841 0.049151 1
0 -0.708484 0.058756 0.015807 0.007841 0.061833 1
0 -0.708484 0.058756 -0.015982 0.007841 0.061833 1
0 -0.719772 0.058756 -0.015982 0.000000 0.061833 1
0 -0.719772 0.062048 -0.015982 0.000000 0.049151 1
0 -0.719772 0.058756 0.015807 0.000000 0.061833 1
0 -0.708484 0.062048 0.015807 0.007841 0.049151 1
0 -0.719772 0.062048 0.015807 0.000000 0.049151 1
0 -0.708484 -0.048900 -0.015982 0.007841 0.476505 1
0 -0.708484 -0.052193 0.015807 0.007841 0.489186 1
0 -0.708484 -0.052193 -0.015982 0.007841 0.489186 1
0 -0.719772 -0.052193 -0.015982 0.000000 0.489186 1
0 -0.719772 -0.048900 -0.015982 0.000000 0.476505 1
0 -0.719772 -0.052193 0.015807 0.000000 0.489186 1
0 -0.708484 -0.048900 0.015807 0.007841 0.476505 1
0 -0.719772 -0.048900 0.015807 0.000000 0.476505 1
0 0.011320 0.074809 0.710404 0.507863 0.000000 1
0 0.003873 -0.184809 0.710404 0.502690 1.000000 1
0 0.003873 0.074809 0.710404 0.502690 0.000000 1
0 0.011320 -0.184809 0.717851 0.507863 1.000000 1
0 0.011320 -0.184809 0.710404 0.507863 1.000000 1
0 0.003873 -0.184809 0.717851 0.502690 1.000000 1
0 0.003873 0.074809 0.717851 0.502690 0.000000 1
0 0.011320 0.074809 0.717851 0.507863 0.000000 1
0 -0.004142 0.074809 0.710404 0.497123 0.000000 1
0 -0.011589 -0.184809 0.710404 0.491949 1.000000 1
0 -0.011589 0.074809 0.710404 0.491949 0.000000 1
0 -0.004142 -0.184809 0.717851 0.497123 1.000000 1
0 -0.004142 -0.184809 0.710404 0.497123 1.000000 1
0 -0.011589 -0.184809 0.717851 0.491949 1.000000 1
0 -0.011589 0.074809 0.717851 0.491949 0.000000 1
0 -0.004142 0.074809 0.717851 0.497123 0.000000 1
0 0.015982 -0.168756 0.708484 0.511102 0.938167 1
0 -0.015807 -0.172048 0.708484 0.489019 0.950849 1
0 -0.015807 -0.168756 0.708484 0.489019 0.938167 1
0 0.015982 -0.172048 0.719772 0.511102 0.950849 1
0 0.015982 -0.172048 0.708484 0.511102 0.950849 1
0 -0.015807 -0.172048 0.719772 0.489019 0.950849 1
0 -0.015807 -0.168756 0.719772 0.489019 0.938167 1
0 0.015982 -0.168756 0.719772 0.511102 0.938167 1
0 0.015982 0.062048 0.708484 0.511102 0.049151 1
0 -0.015807 0.058756 0.708484 0.489019 0.061833 1
0 -0.015807 0.062048 0.708484 0.489019 0.049151 1
0 0.015982 0.058756 0.719772 0.511102 0.061833 1
0 0.015982 0.058756 0.708484 0.511102 0.061833 1
0 -0.015807 0.058756 0.719772 0.489019 0.061833 1
0 -0.015807 0.062048 0.719772 0.489019 0.049151 1
0 0.015982 0.062048 0.719772 0.511102 0.049151 1
0 0.015982 -0.048900 0.708484 0.511102 0.476505 1
0 -0.015807 -0.052193 0.708484 0.489019 0.489186 1
0 -0.015807 -0.048900 0.708484 0.489019 0.476505 1
0 0.015982 -0.052193 0.719772 0.511102 0.489186 1
0 0.015982 -0.052193 0.708484 0.511102 0.489186 1
0 -0.015807 -0.052193 0.719772 0.489019 0.489186 1
0 -0.015807 -0.048900 0.719772 0.489019 0.476505 1
0 0.015982 -0.048900 0.719772 0.511102 0.476505 1
0 0.003873 -0.184809 -0.710404 0.502690 1.000000 1
0 0.011320 -0.184809 -0.710404 0.507863 1.000000 1
0 0.011320 -0.184809 -0.717851 0.507863 1.000000 1
0 0.011320 0.074809 -0.717851 0.507863 0.000000 1
0 0.003873 -0.184809 -0.717851 0.502690 1.000000 1
0 -0.004142 0.074809 -0.710404 0.497123 0.000000 1
0 -0.011589 -0.184809 -0.710404 0.491949 1.000000 1
0 -0.004142 -0.184809 -0.710404 0.497123 1.000000 1
0 -0.004142 -0.184809 -0.717851 0.497123 1.000000 1
0 -0.004142 0.074809 -0.717851 0.497123 0.000000 1
0 -0.011589 -0.184809 -0.717851 0.491949 1.000000 1
0 -0.011589 0.074809 -0.710404 0.491949 0.000000 1
0 -0.011589 0.074809 -0.717851 0.491949 0.000000 1
0 0.015982 -0.168756 -0.708484 0.511102 0.938167 1
0 -0.015807 -0.172048 -0.708484 0.489019 0.950849 1
0 0.015982 -0.172048 -0.708484 0.511102 0.950849 1
0 0.015982 -0.172048 -0.719772 0.511102 0.950849 1
0 0.015982 -0.168756 -0.719772 0.511102 0.938167 1
0 -0.015807 -0.172048 -0.719772 0.489019 0.950849 1
0 -0.015807 -0.168756 -0.708484 0.489019 0.938167 1
0 -0.015807 -0.168756 -0.719772 0.489019 0.938167 1
0 0.015982 0.062048 -0.708484 0.511102 0.049151 1
0 -0.015807 0.058756 -0.708484 0.489019 0.061833 1
0 0.015982 0.058756 -0.708484 0.511102 0.061833 1
0 0.015982 0.058756 -0.719772 0.511102 0.061833 1
0 0.015982 0.062048 -0.719772 0.511102 0.049151 1
0 -0.015807 0.058756 -0.719772 0.489019 0.061833 1
0 -0.015807 0.062048 -0.708484 0.489019 0.049151 1
0 -0.015807 0.062048 -0.719772 0.489019 0.049151 1
0 0.015982 -0.048900 -0.708484 0.511102 0.476505 1
0 -0.015807 -0.052193 -0.708484 0.489019 0.489186 1
0 0.015982 -0.052193 -0.708484 0.511102 0.489186 1
0 0.015982 -0.052193 -0.719772 0.511102 0.489186 1
0 0.015982 -0.048900 -0.719772 0.511102 0.476505 1
0 -0.015807 -0.052193 -0.719772 0.489019 0.489186 1
0 -0.015807 -0.048900 -0.708484 0.489019 0.476505 1
0 -0.015807 -0.048900 -0.719772 0.489019 0.476505 1
120
0.000001 0.577350 -0.816497
-0.866026 0.408248 0.288674
0.000000 0.816497 0.577350
0.577350 0.577350 0.577350
-0.408248 0.816497 -0.408248
-0.816497 0.408248 0.408248
-0.816497 0.577349 0.000000
-0.577351 -0.816496 0.000000
-0.288677 -0.408249 0.866025
0.288677 0.408249 -0.866025
-0.288677 -0.408249 -0.866025
0.816497 -0.577349 0.000000
0.288677 0.408249 0.866025
0.577351 0.816496 0.000000
-0.816497 0.577350 0.000000
-0.577350 -0.816497 0.000000
-0.288675 -0.408248 0.866025
0.288675 0.408248 -0.866025
-0.288675 -0.408248 -0.866025
0.816497 -0.577350 0.000000
0.288675 0.408248 0.866025
0.577350 0.816497 0.000000
-0.816497 0.577350 0.000001
-0.577350 -0.816496 0.000001
-0.288675 -0.408248 0.866026
0.000000 0.577350 -0.816497
0.000000 -0.816497 -0.577350
-0.866025 -0.408248 -0.288675
0.866025 -0.408248 -0.288675
0.000000 -0.577350 0.816497
0.866025 0.408248 0.288675
0.000000 0.816497 0.577350
-0.866025 0.408248 0.288675
0.866026 0.408248 0.288674
0.866026 -0.408248 -0.288675
0.000001 -0.816496 -0.577350
-0.866025 -0.408248 -0.288677
0.000000 -0.577351 0.816496
-0.866026 0.408248 0.288674
0.866026 0.408248 0.288674
0.866026 -0.408248 -0.288675
-0.866025 -0.408248 -0.288677
0.288674 0.408248 -0.866026
-0.288677 -0.408248 -0.866025
0.288674 0.408248 0.866026
0.816496 -0.577351 0.000000
0.577350 0.816497 0.000000
-0.288675 -0.408248 0.866026
0.288674 0.408248 0.866026
-0.288677 -0.408248 -0.866025
0.288674 0.408248 -0.866026
0.000000 0.577349 -0.816497
0.866025 -0.408249 -0.288677
0.000000 -0.816496 -0.577351
-0.866025 -0.408249 -0.288677
-0.866025 0.408249 0.288677
0.000000 -0.577349 0.816497
0.866025 0.408249 0.288677
0.000000 0.816496 0.577351
-0.000001 0.577350 -0.816497
-0.866026 -0.408248 -0.288675
-0.866026 0.408248 0.288674
0.866025 -0.408248 -0.288677
-0.000001 -0.816496 -0.577350
-0.000000 -0.577351 0.816496
-0.000000 0.816497 0.577350
0.866026 0.408248 0.288674
-0.866026 -0.408248 -0.288675
-0.866026 0.408248 0.288674
0.866025 -0.408248 -0.288677
0.866026 0.408248 0.288674
0.816497 0.577349 0.000000
0.288677 -0.408249 0.866025
0.577351 -0.816496 0.000000
0.288677 -0.408249 -0.866025
-0.288677 0.408249 -0.866025
-0.816497 -0.577349 0.000000
-0.288677 0.408249 0.866025
-0.577351 0.816496 0.000000
0.816497 0.577350 0.000000
0.288675 -0.408248 0.866025
0.577350 -0.816497 0.000000
0.288675 -0.408248 -0.866025
-0.288675 0.408248 -0.866025
-0.816497 -0.577350 0.000000
-0.288675 0.408248 0.866025
-0.577350 0.816497 0.000000
0.816497 0.577350 0.000001
0.288675 -0.408248 0.866026
0.577350 -0.816496 0.000001
0.288677 -0.408248 -0.866025
-0.288674 0.408248 -0.866026
-0.816496 -0.577351 0.000000
-0.288674 0.408248 0.866026
-0.577350 0.816497 0.000000
0.288675 -0.408248 0.866026
0.288677 -0.408248 -0.866025
-0.288674 0.408248 -0.866026
-0.288674 0.408248 0.866026
-0.577350 0.577350 -0.577350
-0.816497 -0.408248 0.408248
-0.408248 0.408248 0.816497
0.408248 -0.408248 -0.816497
-0.408248 -0.816497 -0.408248
0.577350 -0.577350 0.577350
0.408248 0.816497 0.408248
0.816497 0.408248 -0.408248
0.577350 0.577350 -0.577350
0.816497 -0.408248 0.408248
0.408248 -0.816497 -0.408248
-0.408248 -0.408248 -0.816497
-0.816497 0.408248 -0.408248
-0.577350 -0.577350 0.577350
0.408248 0.408248 0.816497
-0.408248 0.816497 0.408248
-0.408248 -0.408248 0.816497
0.408248 -0.816497 0.408248
0.816497 -0.408248 -0.408248
0.408248 0.408248 -0.816497
-0.577350 -0.577350 -0.577350
480
0 0 1 2 0 1 2 0
0 3 4 5 3 4 5 0
0 6 7 8 6 7 8 0
0 6 9 10 6 9 10 0
0 7 10 11 7 10 11 0
0 12 8 11 12 8 11 0
0 6 12 13 6 12 13 0
0 9 13 11 9 13 11 0
0 14 15 16 14 15 16 0
0 14 17 18 14 17 18 0
0 15 18 19 15 18 19 0
0 20 16 19 20 16 19 0
0 14 20 21 14 20 21 0
0 17 21 19 17 21 19 0
0 22 23 24 22 23 24 0
0 25 26 27 25 26 27 0
0 26 28 29 26 28 29 0
0 30 31 29 30 31 29 0
0 25 32 31 25 32 31 0
0 32 27 29 32 27 29 0
0 33 34 35 0 33 34 0
0 33 36 37 0 35 36 0
0 36 35 38 35 34 37 0
0 34 39 38 33 2 37 0
0 33 40 39 0 38 2 0
0 40 37 38 38 36 37 0
0 0 41 42 0 39 40 0
0 0 43 44 0 35 41 0
0 43 42 45 35 40 37 0
0 41 2 45 39 2 37 0
0 1 44 45 1 41 37 0
0 22 46 47 22 42 43 0
0 6 8 12 6 8 12 0
0 6 10 7 6 10 7 0
0 7 11 8 7 11 8 0
0 12 11 13 12 11 13 0
0 6 13 9 6 13 9 0
0 9 11 10 9 11 10 0
0 14 16 20 14 16 20 0
0 14 18 15 14 18 15 0
0 15 19 16 15 19 16 0
0 20 19 21 20 19 21 0
0 14 21 17 14 21 17 0
0 17 19 18 17 19 18 0
0 22 24 48 22 24 44 0
0 22 47 23 22 43 23 0
0 23 49 24 23 45 24 0
0 48 49 50 44 45 46 0
0 22 50 46 22 46 42 0
0 46 49 47 42 45 43 0
0 51 52 53 22 47 48 0
0 51 54 55 22 49 23 0
0 55 56 52 23 45 47 0
0 53 56 57 48 45 46 0
0 51 57 58 22 46 50 0
0 58 56 54 50 45 49 0
0 59 60 61 22 47 48 0
0 59 62 63 22 49 23 0
0 63 64 60 23 45 47 0
0 61 64 65 48 45 46 0
0 59 65 66 22 46 50 0
0 66 64 62 50 45 49 0
0 67 68 69 51 52 53 0
0 67 70 71 51 54 55 0
0 69 72 70 53 56 54 0
0 73 72 68 57 56 52 0
0 67 74 73 51 58 57 0
0 71 72 74 55 56 58 0
0 25 28 26 25 28 26 0
0 25 27 32 25 27 32 0
0 26 29 27 26 29 27 0
0 30 29 28 30 29 28 0
0 25 31 30 25 31 30 0
0 32 29 31 32 29 31 0
0 33 35 36 0 34 35 0
0 33 37 40 0 36 38 0
0 36 38 37 35 37 36 0
0 34 38 35 33 37 34 0
0 33 39 34 0 2 33 0
0 40 38 39 38 37 2 0
0 0 42 43 0 40 35 0
0 0 44 1 0 41 1 0
0 43 45 44 35 37 41 0
0 41 45 42 39 37 40 0
0 0 2 41 0 2 39 0
0 1 45 2 1 37 2 0
0 75 76 77 0 40 35 0
0 75 78 79 0 41 1 0
0 77 80 78 35 37 41 0
0 81 80 76 39 37 40 0
0 75 82 81 0 2 39 0
0 79 80 82 1 37 2 0
0 83 84 85 51 54 55 0
0 83 86 87 51 52 53 0
0 87 88 84 53 56 54 0
0 85 88 89 55 56 58 0
0 83 89 90 51 58 57 0
0 90 88 86 57 56 52 0
0 91 92 93 25 27 32 0
0 91 94 95 25 28 26 0
0 95 96 92 26 29 27 0
0 93 96 97 32 29 31 0
0 91 97 98 25 31 30 0
0 98 96 94 30 29 28 0
0 99 100 101 59 60 61 0
0 99 102 103 59 62 63 0
0 103 104 100 63 64 60 0
0 101 104 105 61 64 65 0
0 99 105 106 59 65 66 0
0 106 104 102 66 64 62 0
0 107 108 109 59 67 68 0
0 107 110 111 59 69 63 0
0 111 112 108 63 64 67 0
0 109 112 113 68 64 65 0
0 107 113 114 59 65 70 0
0 114 112 110 70 64 69 0
0 115 116 117 59 67 68 0
0 115 118 119 59 69 63 0
0 119 120 116 63 64 67 0
0 117 120 121 68 64 65 0
0 115 121 122 59 65 70 0
0 122 120 118 70 64 69 0
0 123 124 125 71 72 73 0
0 123 126 127 71 74 75 0
0 125 128 126 73 76 74 0
0 129 128 124 77 76 72 0
0 123 130 129 71 78 77 0
0 127 128 130 75 76 78 0
0 131 132 133 79 80 81 0
0 131 134 135 79 82 83 0
0 133 136 134 81 84 82 0
0 137 136 132 85 84 80 0
0 131 138 137 79 86 85 0
0 135 136 138 83 84 86 0
0 139 140 141 87 88 89 0
0 139 142 143 87 90 91 0
0 141 144 142 89 92 90 0
0 145 144 140 93 92 88 0
0 139 146 145 87 94 93 0
0 143 144 146 91 92 94 0
0 147 148 149 87 95 89 0
0 147 150 151 87 96 97 0
0 149 152 150 89 92 96 0
0 153 152 148 98 92 95 0
0 147 154 153 87 94 98 0
0 151 152 154 97 92 94 0
0 155 156 157 87 95 89 0
0 155 158 159 87 96 97 0
0 157 160 158 89 92 96 0
0 161 160 156 98 92 95 0
0 155 162 161 87 94 98 0
0 159 160 162 97 92 94 0
0 163 164 165 99 100 101 0
0 163 166 167 99 102 103 0
0 167 168 164 103 104 100 0
0 165 168 169 101 104 105 0
0 163 169 170 99 105 106 0
0 170 168 166 106 104 102 0
0 171 172 173 99 100 101 0
0 171 174 175 99 102 103 0
0 175 176 172 103 104 100 0
0 173 176 177 101 104 105 0
0 171 177 178 99 105 106 0
0 178 176 174 106 104 102 0
0 179 180 181 99 100 101 0
0 179 182 183 99 102 103 0
0 183 184 180 103 104 100 0
0 181 184 185 101 104 105 0
0 179 185 186 99 105 106 0
0 186 184 182 106 104 102 0
0 187 188 189 99 100 101 0
0 187 190 191 99 102 103 0
0 191 192 188 103 104 100 0
0 189 192 193 101 104 105 0
0 187 193 194 99 105 106 0
0 194 192 190 106 104 102 0
0 195 196 197 99 100 101 0
0 195 198 199 99 102 103 0
0 199 200 196 103 104 100 0
0 197 200 201 101 104 105 0
0 195 201 202 99 105 106 0
0 202 200 198 106 104 102 0
0 203 204 205 107 108 109 0
0 203 206 207 107 110 111 0
0 205 208 206 109 112 110 0
0 209 208 204 113 112 108 0
0 203 210 209 107 114 113 0
0 207 208 210 111 112 114 0
0 211 212 213 107 108 109 0
0 211 214 215 107 110 111 0
0 213 216 214 109 112 110 0
0 217 216 212 113 112 108 0
0 211 218 217 107 114 113 0
0 215 216 218 111 112 114 0
0 219 220 221 107 108 109 0
0 219 222 223 107 110 111 0
0 221 224 222 109 112 110 0
0 225 224 220 113 112 108 0
0 219 226 225 107 114 113 0
0 223 224 226 111 112 114 0
0 227 228 229 107 108 109 0
0 227 230 231 107 110 111 0
0 229 232 230 109 112 110 0
0 233 232 228 113 112 108 0
0 227 234 233 107 114 113 0
0 231 232 234 111 112 114 0
0 235 236 237 107 108 109 0
0 235 238 239 107 110 111 0
0 237 240 238 109 112 110 0
0 241 240 236 113 112 108 0
0 235 242 241 107 114 113 0
0 239 240 242 111 112 114 0
0 243 244 245 107 110 111 0
0 243 246 247 107 108 109 0
0 247 248 244 109 112 110 0
0 245 248 249 111 112 114 0
0 243 249 250 107 114 113 0
0 250 248 246 113 112 108 0
0 251 252 253 107 110 111 0
0 251 254 255 107 108 109 0
0 255 256 252 109 112 110 0
0 253 256 257 111 112 114 0
0 251 257 258 107 114 113 0
0 258 256 254 113 112 108 0
0 259 260 261 107 110 111 0
0 259 262 263 107 108 109 0
0 263 264 260 109 112 110 0
0 261 264 265 111 112 114 0
0 259 265 266 107 114 113 0
0 266 264 262 113 112 108 0
0 267 268 269 107 110 111 0
0 267 270 271 107 108 109 0
0 271 272 268 109 112 110 0
0 269 272 273 111 112 114 0
0 267 273 274 107 114 113 0
0 274 272 270 113 112 108 0
0 275 276 277 107 110 111 0
0 275 278 279 107 108 109 0
0 279 280 276 109 112 110 0
0 277 280 281 111 112 114 0
0 275 281 282 107 114 113 0
0 282 280 278 113 112 108 0
0 3 283 284 3 115 116 0
0 3 285 286 3 117 118 0
0 284 287 285 116 119 117 0
0 5 287 283 5 119 115 0
0 123 125 126 71 73 74 0
0 286 287 4 118 119 4 0
0 288 289 290 3 115 116 0
0 288 291 292 3 117 118 0
0 290 293 291 116 119 117 0
0 294 293 289 5 119 115 0
0 288 295 294 3 4 5 0
0 292 293 295 118 119 4 0
0 296 297 298 3 115 116 0
0 296 299 300 3 117 118 0
0 298 301 299 116 119 117 0
0 302 301 297 5 119 115 0
0 296 303 302 3 4 5 0
0 300 301 303 118 119 4 0
0 304 305 306 3 115 116 0
0 304 307 308 3 117 118 0
0 306 309 307 116 119 117 0
0 310 309 305 5 119 115 0
0 304 311 310 3 4 5 0
0 308 309 311 118 119 4 0
0 312 313 314 3 115 116 0
0 312 315 316 3 117 118 0
0 314 317 315 116 119 117 0
0 318 317 313 5 119 115 0
0 312 319 318 3 4 5 0
0 316 317 319 118 119 4 0
0 247 246 248 109 108 112 0
0 25 30 28 25 30 28 0
0 243 250 246 107 113 108 0
0 243 247 244 107 109 110 0
0 129 130 128 77 78 76 0
0 75 81 76 0 39 40 0
0 75 77 78 0 35 41 0
0 77 76 80 35 40 37 0
0 81 82 80 39 2 37 0
0 75 79 82 0 1 2 0
0 79 78 80 1 41 37 0
0 83 87 84 51 53 54 0
0 23 47 49 23 43 45 0
0 83 90 86 51 57 52 0
0 87 86 88 53 52 56 0
0 85 84 88 55 54 56 0
0 83 85 89 51 55 58 0
0 90 89 88 57 58 56 0
0 91 95 92 25 26 27 0
0 91 98 94 25 30 28 0
0 95 94 96 26 28 29 0
0 48 24 49 44 24 45 0
0 22 48 50 22 44 46 0
0 46 50 49 42 46 45 0
0 51 55 52 22 23 47 0
0 51 58 54 22 50 49 0
0 55 54 56 23 49 45 0
0 115 119 116 59 63 67 0
0 53 52 56 48 47 45 0
0 51 53 57 22 48 46 0
0 58 57 56 50 46 45 0
0 59 63 60 22 23 47 0
0 59 66 62 22 50 49 0
0 63 62 64 23 49 45 0
0 93 92 96 32 27 29 0
0 91 93 97 25 32 31 0
0 98 97 96 30 31 29 0
0 99 103 100 59 63 60 0
0 99 106 102 59 66 62 0
0 103 102 104 63 62 64 0
0 101 100 104 61 60 64 0
0 99 101 105 59 61 65 0
0 106 105 104 66 65 64 0
0 107 111 108 59 63 67 0
0 107 114 110 59 70 69 0
0 111 110 112 63 69 64 0
0 109 108 112 68 67 64 0
0 67 73 68 51 57 52 0
0 67 69 70 51 53 54 0
0 131 137 132 79 85 80 0
0 131 133 134 79 81 82 0
0 127 126 128 75 74 76 0
0 316 315 317 118 117 119 0
0 312 316 319 3 118 4 0
0 318 319 317 5 4 119 0
0 314 313 317 116 115 119 0
0 312 314 315 3 116 117 0
0 312 318 313 3 5 115 0
0 308 307 309 118 117 119 0
0 304 308 311 3 118 4 0
0 310 311 309 5 4 119 0
0 306 305 309 116 115 119 0
0 304 306 307 3 116 117 0
0 304 310 305 3 5 115 0
0 300 299 301 118 117 119 0
0 296 300 303 3 118 4 0
0 302 303 301 5 4 119 0
0 298 297 301 116 115 119 0
0 296 298 299 3 116 117 0
0 296 302 297 3 5 115 0
0 292 291 293 118 117 119 0
0 288 292 295 3 118 4 0
0 294 295 293 5 4 119 0
0 290 289 293 116 115 119 0
0 288 290 291 3 116 117 0
0 288 294 289 3 5 115 0
0 286 285 287 118 117 119 0
0 3 286 4 3 118 4 0
0 5 4 287 5 4 119 0
0 284 283 287 116 115 119 0
0 3 284 285 3 116 117 0
0 3 5 283 3 5 115 0
0 282 281 280 113 114 112 0
0 275 277 281 107 111 114 0
0 277 276 280 111 110 112 0
0 279 278 280 109 108 112 0
0 275 282 278 107 113 108 0
0 275 279 276 107 109 110 0
0 274 273 272 113 114 112 0
0 267 269 273 107 111 114 0
0 269 268 272 111 110 112 0
0 271 270 272 109 108 112 0
0 267 274 270 107 113 108 0
0 267 271 268 107 109 110 0
0 266 265 264 113 114 112 0
0 259 261 265 107 111 114 0
0 261 260 264 111 110 112 0
0 263 262 264 109 108 112 0
0 259 266 262 107 113 108 0
0 259 263 260 107 109 110 0
0 258 257 256 113 114 112 0
0 251 253 257 107 111 114 0
0 253 252 256 111 110 112 0
0 255 254 256 109 108 112 0
0 251 258 254 107 113 108 0
0 251 255 252 107 109 110 0
0 250 249 248 113 114 112 0
0 243 245 249 107 111 114 0
0 245 244 248 111 110 112 0
0 202 201 200 106 105 104 0
0 123 127 130 71 75 78 0
0 125 124 128 73 72 76 0
0 239 238 240 111 110 112 0
0 235 239 242 107 111 114 0
0 241 242 240 113 114 112 0
0 237 236 240 109 108 112 0
0 235 237 238 107 109 110 0
0 235 241 236 107 113 108 0
0 195 202 198 99 106 102 0
0 107 109 113 59 68 65 0
0 114 113 112 70 65 64 0
0 194 193 192 106 105 104 0
0 115 122 118 59 70 69 0
0 119 118 120 63 69 64 0
0 117 116 120 68 67 64 0
0 115 117 121 59 68 65 0
0 122 121 120 70 65 64 0
0 123 129 124 71 77 72 0
0 61 60 64 48 47 45 0
0 59 61 65 22 48 46 0
0 66 65 64 50 46 45 0
0 187 191 188 99 103 100 0
0 187 194 190 99 106 102 0
0 69 68 72 53 52 56 0
0 73 74 72 57 58 56 0
0 67 71 74 51 55 58 0
0 71 70 72 55 54 56 0
0 231 230 232 111 110 112 0
0 227 231 234 107 111 114 0
0 233 234 232 113 114 112 0
0 229 228 232 109 108 112 0
0 227 229 230 107 109 110 0
0 227 233 228 107 113 108 0
0 223 222 224 111 110 112 0
0 219 223 226 107 111 114 0
0 225 226 224 113 114 112 0
0 221 220 224 109 108 112 0
0 219 221 222 107 109 110 0
0 219 225 220 107 113 108 0
0 215 214 216 111 110 112 0
0 211 215 218 107 111 114 0
0 217 218 216 113 114 112 0
0 213 212 216 109 108 112 0
0 211 213 214 107 109 110 0
0 211 217 212 107 113 108 0
0 207 206 208 111 110 112 0
0 203 207 210 107 111 114 0
0 209 210 208 113 114 112 0
0 205 204 208 109 108 112 0
0 203 205 206 107 109 110 0
0 203 209 204 107 113 108 0
0 163 165 169 99 101 105 0
0 195 197 201 99 101 105 0
0 197 196 200 101 100 104 0
0 199 198 200 103 102 104 0
0 167 166 168 103 102 104 0
0 195 199 196 99 103 100 0
0 163 170 166 99 106 102 0
0 187 189 193 99 101 105 0
0 189 188 192 101 100 104 0
0 191 190 192 103 102 104 0
0 137 138 136 85 86 84 0
0 133 132 136 81 80 84 0
0 186 185 184 106 105 104 0
0 179 181 185 99 101 105 0
0 181 180 184 101 100 104 0
0 183 182 184 103 102 104 0
0 179 186 182 99 106 102 0
0 179 183 180 99 103 100 0
0 178 177 176 106 105 104 0
0 171 173 177 99 101 105 0
0 173 172 176 101 100 104 0
0 175 174 176 103 102 104 0
0 171 178 174 99 106 102 0
0 171 175 172 99 103 100 0
0 170 169 168 106 105 104 0
0 147 151 154 87 97 94 0
0 165 164 168 101 100 104 0
0 153 154 152 98 94 92 0
0 149 148 152 89 95 92 0
0 163 167 164 99 103 100 0
0 159 158 160 97 96 92 0
0 155 159 162 87 97 94 0
0 161 162 160 98 94 92 0
0 157 156 160 89 95 92 0
0 155 157 158 87 89 96 0
0 155 161 156 87 98 95 0
0 151 150 152 97 96 92 0
0 139 143 146 87 91 94 0
0 145 146 144 93 94 92 0
0 147 149 150 87 89 96 0
0 147 153 148 87 98 95 0
0 143 142 144 91 90 92 0
0 135 134 136 83 82 84 0
0 131 135 138 79 83 86 0
0 141 140 144 89 88 92 0
0 139 141 142 87 89 90 0
0 139 145 140 87 93 88 0
"Mesh_music_filed_Material2" 0 2
32
0 -0.227696 -0.158302 -0.199507 0.000000 0.706637 1
0 -0.227696 -0.158302 0.199507 0.000000 0.706637 1
0 -0.223846 -0.155386 0.198975 0.008454 0.567544 1
0 0.198975 -0.155386 -0.223846 0.936930 0.567544 1
0 0.223846 -0.143489 -0.198975 0.991546 0.000000 1
0 0.223846 -0.155386 -0.198975 0.991546 0.567544 1
0 -0.198975 -0.143489 -0.223846 0.063070 0.000000 1
0 0.198975 -0.143489 -0.223846 0.936930 0.000000 1
0 -0.198975 -0.155386 -0.223846 0.063070 0.567544 1
0 -0.223846 -0.143489 -0.198975 0.008454 0.000000 1
0 -0.223846 -0.155386 -0.198975 0.008454 0.567544 1
0 -0.223846 -0.143489 0.198975 0.008454 0.000000 1
0 -0.198975 -0.143489 0.223846 0.063070 0.000000 1
0 0.198975 -0.155386 0.223846 0.936930 0.567544 1
0 -0.198975 -0.155386 0.223846 0.063070 0.567544 1
0 0.223846 -0.155386 0.198975 0.991546 0.567544 1
0 0.198975 -0.143489 0.223846 0.936930 0.000000 1
0 0.227696 -0.164452 0.199507 1.000000 1.000000 1
0 0.199507 -0.164452 -0.227696 0.938098 1.000000 1
0 0.227696 -0.164452 -0.199507 1.000000 1.000000 1
0 0.199507 -0.164452 0.227696 0.938098 1.000000 1
0 -0.199507 -0.164452 0.227696 0.061902 1.000000 1
0 -0.227696 -0.164452 0.199507 0.000000 1.000000 1
0 -0.227696 -0.164452 -0.199507 0.000000 1.000000 1
0 -0.199507 -0.164452 -0.227696 0.061902 1.000000 1
0 0.223846 -0.143489 0.198975 0.991546 0.000000 1
0 0.227696 -0.158302 -0.199507 1.000000 0.706637 1
0 0.227696 -0.158302 0.199507 1.000000 0.706637 1
0 -0.199507 -0.158302 0.227696 0.061902 0.706637 1
0 0.199507 -0.158302 0.227696 0.938098 0.706637 1
0 -0.199507 -0.158302 -0.227696 0.061902 0.706637 1
0 0.199507 -0.158302 -0.227696 0.938098 0.706637 1
32
-0.807470 0.456704 -0.373381
-0.836056 0.440216 0.327445
-0.807470 0.456704 0.373381
0.370925 0.297978 -0.879559
0.862856 0.000000 -0.505449
0.836056 0.440216 -0.327445
-0.252725 0.000000 -0.967538
0.382683 0.000000 -0.923880
-0.373381 0.456704 -0.807470
-0.862856 0.000000 -0.505449
-0.836056 0.440216 -0.327445
-0.967538 0.000000 0.252725
-0.382683 0.000000 0.923880
0.279504 0.508681 0.814322
-0.388187 0.521877 0.759576
0.807470 0.456704 0.373381
0.505449 0.000000 0.862856
0.364668 -0.906303 0.213618
0.336557 -0.475963 -0.812520
0.911095 -0.336557 -0.237982
0.336557 -0.475963 0.812520
-0.205599 -0.581522 0.787122
-0.701960 -0.581522 0.411198
-0.787122 -0.581522 -0.205599
-0.411198 -0.581522 -0.701960
0.967538 0.000000 0.252725
0.807470 0.456704 -0.373381
0.836056 0.440216 0.327445
-0.373381 0.456704 0.807470
0.370925 0.297978 0.879559
-0.327445 0.440216 -0.836056
0.321408 0.584944 -0.744672
54
0 0 1 2 0 1 2 0
0 3 4 5 3 4 5 0
0 3 6 7 3 6 7 0
0 8 9 6 8 9 6 0
0 10 11 9 10 11 9 0
0 2 12 11 2 12 11 0
0 13 12 14 13 12 14 0
0 15 16 13 15 16 13 0
0 17 18 19 17 18 19 0
0 17 20 21 17 20 21 0
0 17 21 22 17 21 22 0
0 17 22 23 17 22 23 0
0 17 23 24 17 23 24 0
0 17 24 18 17 24 18 0
0 15 25 16 15 25 16 0
0 13 16 12 13 16 12 0
0 2 14 12 2 14 12 0
0 10 2 11 10 2 11 0
0 8 10 9 8 10 9 0
0 3 8 6 3 8 6 0
0 3 7 4 3 7 4 0
0 5 4 25 5 4 25 0
0 26 5 15 26 5 15 0
0 27 15 13 27 15 13 0
0 28 29 13 28 29 13 0
0 1 28 14 1 28 14 0
0 5 25 15 5 25 15 0
0 30 0 10 30 0 10 0
0 31 30 8 31 30 8 0
0 31 3 5 31 3 5 0
0 21 20 29 21 20 29 0
0 22 21 28 22 21 28 0
0 23 22 1 23 22 1 0
0 24 23 0 24 23 0 0
0 18 24 30 18 24 30 0
0 18 31 26 18 31 26 0
0 19 26 27 19 26 27 0
0 26 15 27 26 15 27 0
0 27 13 29 27 13 29 0
0 28 13 14 28 13 14 0
0 1 14 2 1 14 2 0
0 0 2 10 0 2 10 0
0 30 10 8 30 10 8 0
0 31 8 3 31 8 3 0
0 31 5 26 31 5 26 0
0 17 29 20 17 29 20 0
0 21 29 28 21 29 28 0
0 22 28 1 22 28 1 0
0 23 1 0 23 1 0 0
0 24 0 30 24 0 30 0
0 18 30 31 18 30 31 0
0 18 26 19 18 26 19 0
0 19 27 17 19 27 17 0
0 17 27 29 17 27 29 0
"Mesh_music_filed_Material3" 0 3
16
0 0.214868 -0.134510 0.195255 0.979944 -0.000001 1
0 0.195255 -0.134510 -0.214868 0.936137 -0.000001 1
0 -0.195255 -0.134510 -0.214868 0.063863 -0.000001 1
0 -0.223846 -0.143489 0.198975 0.000000 0.999999 1
0 -0.195255 -0.134510 0.214868 0.063863 -0.000001 1
0 -0.214868 -0.134510 0.195255 0.020056 -0.000001 1
0 -0.223846 -0.143489 -0.198975 0.000000 0.999999 1
0 -0.214868 -0.134510 -0.195255 0.020056 -0.000001 1
0 -0.198975 -0.143489 -0.223846 0.055555 0.999999 1
0 0.198975 -0.143489 -0.223846 0.944445 0.999999 1
0 0.214868 -0.134510 -0.195255 0.979944 -0.000001 1
0 0.223846 -0.143489 -0.198975 1.000000 0.999999 1
0 0.223846 -0.143489 0.198975 1.000000 0.999999 1
0 0.195255 -0.134510 0.214868 0.936137 -0.000001 1
0 0.198975 -0.143489 0.223846 0.944445 0.999999 1
0 -0.198975 -0.143489 0.223846 0.055555 0.999999 1
16
0.229017 0.971583 0.059818
0.136776 0.933943 -0.330215
-0.109373 0.901495 -0.418741
-0.588528 0.731290 0.344745
-0.218745 0.901500 0.373429
-0.418741 0.901495 0.109373
-0.659938 0.731279 -0.172373
-0.373429 0.901500 -0.218745
-0.344745 0.731290 -0.588528
0.259691 0.734488 -0.626967
0.461955 0.844614 -0.270602
0.659938 0.731279 -0.172373
0.588528 0.731290 0.344745
0.215743 0.825928 0.520863
0.259691 0.734488 0.626967
-0.172373 0.731279 0.659938
22
0 0 1 2 0 1 2 0
0 3 4 5 3 4 5 0
0 6 5 7 6 5 7 0
0 8 7 2 8 7 2 0
0 9 2 1 9 2 1 0
0 9 10 11 9 10 11 0
0 11 0 12 11 0 12 0
0 12 13 14 12 13 14 0
0 0 4 13 0 4 13 0
0 0 10 1 0 10 1 0
0 15 13 4 15 13 4 0
0 0 2 7 0 2 7 0
0 0 7 5 0 7 5 0
0 0 5 4 0 5 4 0
0 12 0 13 12 0 13 0
0 9 1 10 9 1 10 0
0 9 8 2 9 8 2 0
0 8 6 7 8 6 7 0
0 6 3 5 6 3 5 0
0 3 15 4 3 15 4 0
0 15 14 13 15 14 13 0
0 11 10 0 11 10 0 0
"Mesh_music_filed_Material4" 0 4
32
0 -0.722268 -0.045361 -0.722268 0.162492 0.946250 1
0 -1.021441 0.045361 0.000000 0.022691 0.053750 1
0 -1.021441 -0.045361 0.000000 0.022691 0.946250 1
0 0.741472 -0.050825 -0.741472 0.846482 1.000000 1
0 1.048600 0.050825 0.000000 0.990000 0.000000 1
0 1.048600 -0.050825 0.000000 0.990000 1.000000 1
0 0.741472 0.050825 -0.741472 0.846482 0.000000 1
0 1.021441 0.045361 0.000000 0.977309 0.053750 1
0 0.722268 -0.045361 -0.722268 0.837508 0.946250 1
0 0.722268 0.045361 -0.722268 0.837508 0.053750 1
0 0.000000 -0.050825 -1.048600 0.500000 1.000000 1
0 0.000000 -0.045361 -1.021441 0.500000 0.946250 1
0 0.000000 0.050825 -1.048600 0.500000 0.000000 1
0 0.000000 0.045361 -1.021441 0.500000 0.053750 1
0 -0.741472 -0.050825 -0.741472 0.153518 1.000000 1
0 -0.741472 0.050825 -0.741472 0.153518 0.000000 1
0 -0.722268 0.045361 -0.722268 0.162492 0.053750 1
0 -1.048600 -0.050825 0.000000 0.010000 1.000000 1
0 -1.048600 0.050825 0.000000 0.010000 0.000000 1
0 1.021441 -0.045361 0.000000 0.977309 0.946250 1
0 -0.741472 -0.050825 0.741472 0.153518 1.000000 1
0 -0.741472 0.050825 0.741472 0.153518 0.000000 1
0 -0.722268 0.045361 0.722268 0.162492 0.053750 1
0 -0.722268 -0.045361 0.722268 0.162492 0.946250 1
0 0.000000 -0.050825 1.048600 0.500000 1.000000 1
0 0.000000 0.050825 1.048600 0.500000 0.000000 1
0 0.000000 0.045361 1.021441 0.500000 0.053750 1
0 0.000000 -0.045361 1.021441 0.500000 0.946250 1
0 0.722268 -0.045361 0.722268 0.837508 0.946250 1
0 0.741472 -0.050825 0.741472 0.846482 1.000000 1
0 0.722268 0.045361 0.722268 0.837508 0.053750 1
0 0.741472 0.050825 0.741472 0.846482 0.000000 1
32
0.579372 -0.655752 0.484064
0.671419 0.737551 0.072216
0.671419 -0.737551 -0.072216
0.478878 -0.799460 -0.362683
0.592334 0.795780 -0.125995
0.595074 -0.799460 0.082162
0.329752 0.795780 -0.507935
-0.749628 0.653716 0.103502
-0.579372 -0.655752 0.484064
-0.456880 0.653716 0.603254
0.000000 -0.802172 -0.597092
0.000000 -0.431231 0.902242
0.000000 0.965045 -0.262085
0.000000 0.657246 0.753676
-0.478878 -0.799460 -0.362683
-0.329752 0.795780 -0.507935
0.456880 0.653716 0.603254
-0.766752 -0.629977 0.123366
-0.766752 0.629977 -0.123366
-0.751963 -0.655752 -0.067393
-0.329752 -0.795780 0.507935
-0.478878 0.799460 0.362683
0.579372 0.655752 -0.484064
0.456880 -0.653716 -0.603254
-0.000000 -0.965045 0.262085
-0.000000 0.802172 0.597092
0.000000 0.431231 -0.902242
0.000000 -0.657246 -0.753676
-0.423701 -0.737551 -0.525829
0.454943 -0.629978 0.629408
-0.525829 0.737551 -0.423701
0.629408 0.629978 0.454943
64
0 0 1 2 0 1 2 0
0 3 4 5 3 4 5 0
0 6 7 4 6 7 4 0
0 8 7 9 8 7 9 0
0 10 8 11 10 8 11 0
0 10 6 3 10 6 3 0
0 12 9 6 12 9 6 0
0 11 9 13 11 9 13 0
0 10 0 14 10 0 14 0
0 10 15 12 10 15 12 0
0 12 16 13 12 16 13 0
0 11 16 0 11 16 0 0
0 14 2 17 14 2 17 0
0 14 18 15 14 18 15 0
0 15 1 16 15 1 16 0
0 3 19 8 3 19 8 0
0 2 20 17 2 20 17 0
0 17 21 18 17 21 18 0
0 1 21 22 1 21 22 0
0 2 22 23 2 22 23 0
0 23 24 20 23 24 20 0
0 20 25 21 20 25 21 0
0 22 25 26 22 25 26 0
0 23 26 27 23 26 27 0
0 28 24 27 28 24 27 0
0 29 25 24 29 25 24 0
0 30 25 31 30 25 31 0
0 28 26 30 28 26 30 0
0 5 28 19 5 28 19 0
0 5 31 29 5 31 29 0
0 19 30 7 19 30 7 0
0 15 18 1 15 18 1 0
0 4 30 31 4 30 31 0
0 3 5 19 3 5 19 0
0 3 6 4 3 6 4 0
0 6 9 7 6 9 7 0
0 8 19 7 8 19 7 0
0 10 3 8 10 3 8 0
0 10 12 6 10 12 6 0
0 12 13 9 12 13 9 0
0 11 8 9 11 8 9 0
0 10 11 0 10 11 0 0
0 10 14 15 10 14 15 0
0 12 15 16 12 15 16 0
0 11 13 16 11 13 16 0
0 14 0 2 14 0 2 0
0 14 17 18 14 17 18 0
0 19 28 30 19 28 30 0
0 0 16 1 0 16 1 0
0 2 23 20 2 23 20 0
0 17 20 21 17 20 21 0
0 1 18 21 1 18 21 0
0 2 1 22 2 1 22 0
0 23 27 24 23 27 24 0
0 20 24 25 20 24 25 0
0 22 21 25 22 21 25 0
0 23 22 26 23 22 26 0
0 28 29 24 28 29 24 0
0 29 31 25 29 31 25 0
0 30 26 25 30 26 25 0
0 28 27 26 28 27 26 0
0 5 29 28 5 29 28 0
0 5 4 31 5 4 31 0
0 4 7 30 4 7 30 0
"Mesh_music_filed_Material5" 0 5
16
0 0.000000 -0.184466 -0.749906 0.500000 1.000000 1
0 0.553225 -0.154466 -0.553225 0.853553 0.000000 1
0 0.000000 -0.154466 -0.782378 0.500000 0.000000 1
0 -0.530264 -0.184466 -0.530264 0.161120 1.000000 1
0 -0.782378 -0.154466 0.000000 0.000000 0.000000 1
0 -0.749906 -0.184466 0.000000 0.020752 1.000000 1
0 -0.553225 -0.154466 0.553225 0.146447 0.000000 1
0 -0.530264 -0.184466 0.530264 0.161120 1.000000 1
0 0.749906 -0.184466 0.000000 0.979248 1.000000 1
0 0.553225 -0.154466 0.553225 0.853553 0.000000 1
0 0.782378 -0.154466 0.000000 1.000000 0.000000 1
0 0.530264 -0.184466 -0.530264 0.838880 1.000000 1
0 0.530264 -0.184466 0.530264 0.838880 1.000000 1
0 0.000000 -0.154466 0.782378 0.500000 0.000000 1
0 0.000000 -0.184466 0.749906 0.500000 1.000000 1
0 -0.553225 -0.154466 -0.553225 0.146447 0.000000 1
16
-0.000000 0.734510 0.678597
-0.411785 0.731307 0.543712
0.000000 0.734512 0.678596
0.543712 0.731307 0.411786
0.675638 0.731308 0.093286
0.675638 0.731308 -0.093286
0.543712 0.731307 -0.411785
0.411786 0.731307 -0.543712
-0.675638 0.731308 -0.093286
-0.543712 0.731307 -0.411785
-0.675638 0.731308 0.093286
-0.543712 0.731307 0.411786
-0.411786 0.731307 -0.543712
0.000000 0.734510 -0.678597
0.000000 0.734512 -0.678596
0.411785 0.731307 0.543712
16
0 0 1 2 0 1 2 0
0 3 4 5 3 4 5 0
0 5 6 7 5 6 7 0
0 8 9 10 8 9 10 0
0 11 10 1 11 10 1 0
0 12 13 9 12 13 9 0
0 12 14 13 12 14 13 0
0 0 11 1 0 11 1 0
0 0 2 15 0 2 15 0
0 3 15 4 3 15 4 0
0 5 4 6 5 4 6 0
0 7 6 13 7 6 13 0
0 0 15 3 0 15 3 0
0 8 12 9 8 12 9 0
0 11 8 10 11 8 10 0
0 7 13 14 7 13 14 0
"Mesh_music_filed_Material6" 0 6
16
0 -0.553225 -0.154466 -0.553225 0.239977 0.760023 1
0 -0.752220 -0.074466 -0.752220 0.146447 0.853553 1
0 -1.063800 -0.074466 0.000000 0.000000 0.500000 1
0 0.000000 -0.154466 -0.782378 0.500000 0.867728 1
0 0.000000 -0.074466 -1.063800 0.500000 1.000000 1
0 0.553225 -0.154466 -0.553225 0.760023 0.760023 1
0 0.752220 -0.074466 -0.752220 0.853553 0.853553 1
0 -0.782378 -0.154466 0.000000 0.132272 0.500000 1
0 -0.752220 -0.074466 0.752220 0.146447 0.146447 1
0 0.553225 -0.154466 0.553225 0.760023 0.239977 1
0 0.000000 -0.154466 0.782378 0.500000 0.132272 1
0 0.000000 -0.074466 1.063800 0.500000 0.000000 1
0 0.782378 -0.154466 0.000000 0.867728 0.500000 1
0 0.752220 -0.074466 0.752220 0.853553 0.146447 1
0 1.063800 -0.074466 0.000000 1.000000 0.500000 1
0 -0.553225 -0.154466 0.553225 0.239977 0.239977 1
16
0.219889 0.961205 0.166535
0.166535 0.961205 0.219889
0.273243 0.961205 0.037727
0.000000 0.961890 0.273437
0.000000 0.961890 0.273437
-0.219889 0.961205 0.166535
-0.166535 0.961205 0.219889
0.273243 0.961205 -0.037727
0.219889 0.961205 -0.166535
-0.166535 0.961205 -0.219889
0.000000 0.961890 -0.273437
0.000000 0.961890 -0.273437
-0.273243 0.961205 -0.037727
-0.219889 0.961205 -0.166535
-0.273243 0.961205 0.037727
0.166535 0.961205 -0.219889
16
0 0 1 2 0 1 2 0
0 3 4 1 3 4 1 0
0 3 5 6 3 5 6 0
0 7 2 8 7 2 8 0
0 9 10 11 9 10 11 0
0 12 9 13 12 9 13 0
0 5 12 14 5 12 14 0
0 5 14 6 5 14 6 0
0 12 13 14 12 13 14 0
0 9 11 13 9 11 13 0
0 15 11 10 15 11 10 0
0 7 8 15 7 8 15 0
0 0 2 7 0 2 7 0
0 3 1 0 3 1 0 0
0 3 6 4 3 6 4 0
0 15 8 11 15 8 11 0
"Mesh_music_filed_Material7" 0 7
16
0 0.752220 -0.074466 0.752220 0.853553 1.000000 1
0 0.000000 0.074466 1.063800 0.500000 0.000000 1
0 0.752220 0.074466 0.752220 0.853553 0.000000 1
0 1.063800 -0.074466 0.000000 1.000000 1.000000 1
0 1.063800 0.074466 0.000000 1.000000 0.000000 1
0 -1.063800 -0.074466 0.000000 0.000000 1.000000 1
0 -0.752220 0.074466 0.752220 0.146447 0.000000 1
0 -0.752220 -0.074466 0.752220 0.146447 1.000000 1
0 0.000000 -0.074466 1.063800 0.500000 1.000000 1
0 0.000000 -0.074466 -1.063800 0.500000 1.000000 1
0 0.752220 0.074466 -0.752220 0.853553 0.000000 1
0 0.000000 0.074466 -1.063800 0.500000 0.000000 1
0 -0.752220 0.074466 -0.752220 0.146447 0.000000 1
0 -0.752220 -0.074466 -0.752220 0.146447 1.000000 1
0 0.752220 -0.074466 -0.752220 0.853553 1.000000 1
0 -1.063800 0.074466 0.000000 0.000000 0.000000 1
14
-0.603748 0.000000 -0.797175
0.000000 0.000000 -1.000000
-0.797175 0.000000 -0.603748
-0.990602 0.000000 -0.136774
-0.990602 0.000000 0.136774
0.990602 0.000000 -0.136774
0.797175 0.000000 -0.603748
0.603748 0.000000 -0.797175
0.000000 0.000000 1.000000
-0.603748 0.000000 0.797175
0.603748 0.000000 0.797175
0.797175 0.000000 0.603748
-0.797175 0.000000 0.603748
0.990602 0.000000 0.136774
16
0 0 1 2 0 1 2 0
0 3 2 4 3 2 4 0
0 5 6 7 5 6 7 0
0 7 1 8 7 1 1 0
0 9 10 11 8 9 8 0
0 9 12 13 8 10 11 0
0 14 4 10 12 4 9 0
0 3 0 2 3 0 2 0
0 0 8 1 0 1 1 0
0 13 15 5 11 13 5 0
0 5 15 6 5 13 6 0
0 13 12 15 11 10 13 0
0 7 6 1 7 6 1 0
0 9 14 10 8 12 9 0
0 14 3 4 12 3 4 0
0 9 11 12 8 8 10 0
"Mesh_music_filed_Material8" 0 8
64
0 0.009300 -0.149281 0.805198 0.504476 0.112439 1
0 0.005580 -0.074886 1.032802 0.502686 0.002888 1
0 0.009300 -0.082281 1.038802 0.504476 0.000000 1
0 -0.009300 -0.149281 0.805198 0.495524 0.112439 1
0 -0.005580 -0.074886 1.032802 0.497314 0.002888 1
0 -0.005580 -0.139886 0.805198 0.497314 0.112439 1
0 0.005580 -0.139886 0.805198 0.502686 0.112439 1
0 -0.009300 -0.082281 1.038802 0.495524 0.000000 1
0 0.009300 -0.149281 -0.805198 0.504476 0.887561 1
0 0.005580 -0.074886 -1.032802 0.502686 0.997112 1
0 0.005580 -0.139886 -0.805198 0.502686 0.887561 1
0 -0.009300 -0.082281 -1.038802 0.495524 1.000000 1
0 0.009300 -0.082281 -1.038802 0.504476 1.000000 1
0 -0.009300 -0.149281 -0.805198 0.495524 0.887561 1
0 -0.005580 -0.074886 -1.032802 0.497314 0.997112 1
0 -0.005580 -0.139886 -0.805198 0.497314 0.887561 1
0 -0.805198 -0.149281 0.009300 0.112439 0.495524 1
0 -1.032802 -0.074886 0.005580 0.002888 0.497314 1
0 -1.038802 -0.082281 0.009300 0.000000 0.495524 1
0 -0.805198 -0.139886 0.005580 0.112439 0.497314 1
0 -1.032802 -0.074886 -0.005580 0.002888 0.502686 1
0 -0.805198 -0.139886 -0.005580 0.112439 0.502686 1
0 -1.038802 -0.082281 -0.009300 0.000000 0.504476 1
0 -0.805198 -0.149281 -0.009300 0.112439 0.504476 1
0 0.805198 -0.149281 0.009300 0.887561 0.495524 1
0 1.032802 -0.074886 0.005580 0.997112 0.497314 1
0 0.805198 -0.139886 0.005580 0.887561 0.497314 1
0 1.032802 -0.074886 -0.005580 0.997112 0.502686 1
0 0.805198 -0.139886 -0.005580 0.887561 0.502686 1
0 0.805198 -0.149281 -0.009300 0.887561 0.504476 1
0 1.038802 -0.082281 0.009300 1.000000 0.495524 1
0 1.038802 -0.082281 -0.009300 1.000000 0.504476 1
0 0.575937 -0.149281 -0.562785 0.777212 0.770882 1
0 0.727968 -0.082281 -0.741120 0.850388 0.856719 1
0 0.741120 -0.082281 -0.727968 0.856719 0.850388 1
0 0.565415 -0.139886 -0.573307 0.772148 0.775946 1
0 0.562785 -0.149281 -0.575937 0.770882 0.777212 1
0 0.726356 -0.074886 -0.734247 0.849612 0.853410 1
0 0.734247 -0.074886 -0.726356 0.853410 0.849612 1
0 0.573307 -0.139886 -0.565415 0.775946 0.772148 1
0 -0.562785 -0.149281 0.575937 0.229118 0.222788 1
0 -0.741120 -0.082281 0.727968 0.143281 0.149612 1
0 -0.575937 -0.149281 0.562785 0.222788 0.229118 1
0 -0.573307 -0.139886 0.565415 0.224054 0.227852 1
0 -0.565415 -0.139886 0.573307 0.227852 0.224054 1
0 -0.734247 -0.074886 0.726356 0.146590 0.150388 1
0 -0.727968 -0.082281 0.741120 0.149612 0.143281 1
0 -0.726356 -0.074886 0.734247 0.150388 0.146590 1
0 0.562785 -0.149281 0.575937 0.770882 0.222788 1
0 0.741120 -0.082281 0.727968 0.856719 0.149612 1
0 0.727968 -0.082281 0.741120 0.850388 0.143281 1
0 0.573307 -0.139886 0.565415 0.775946 0.227852 1
0 0.575937 -0.149281 0.562785 0.777212 0.229118 1
0 -0.573307 -0.139886 -0.565415 0.224054 0.772148 1
0 -0.565415 -0.139886 -0.573307 0.227852 0.775946 1
0 -0.726356 -0.074886 -0.734247 0.150388 0.853410 1
0 -0.575937 -0.149281 -0.562785 0.222788 0.770882 1
0 -0.734247 -0.074886 -0.726356 0.146590 0.849612 1
0 -0.741120 -0.082281 -0.727968 0.143281 0.850388 1
0 -0.562785 -0.149281 -0.575937 0.229118 0.777212 1
0 -0.727968 -0.082281 -0.741120 0.149612 0.856719 1
0 0.565415 -0.139886 0.573307 0.772148 0.224054 1
0 0.726356 -0.074886 0.734247 0.849612 0.146590 1
0 0.734247 -0.074886 0.726356 0.853410 0.150388 1
64
0.886726 -0.105478 -0.450102
0.418524 0.890280 0.179550
0.516451 -0.514381 0.684610
-0.671195 -0.429503 -0.604172
-0.617349 0.780698 0.096909
-0.311166 0.770365 -0.556519
0.321380 0.461453 -0.826907
-0.445753 0.326637 0.833434
0.886726 -0.105478 0.450102
0.418524 0.890280 -0.179550
0.321380 0.461453 0.826907
-0.445753 0.326637 -0.833434
0.516451 -0.514381 -0.684610
-0.671195 -0.429503 0.604172
-0.617349 0.780698 -0.096909
-0.311166 0.770365 0.556519
0.604172 -0.429503 0.671195
-0.096909 0.780698 0.617349
-0.833434 0.326637 0.445753
0.556519 0.770365 0.311166
-0.179550 0.890280 -0.418524
0.826907 0.461453 -0.321380
-0.684610 -0.514381 -0.516451
0.450102 -0.105478 -0.886726
-0.604172 -0.429503 0.671195
0.096909 0.780698 0.617349
-0.556519 0.770365 0.311166
0.179550 0.890280 -0.418524
-0.826907 0.461453 -0.321380
-0.450102 -0.105478 -0.886726
0.833434 0.326637 0.445753
0.684610 -0.514381 -0.516451
0.047401 -0.429515 0.901815
0.118912 -0.514383 -0.849276
0.904525 0.326621 -0.274141
-0.811972 0.461440 0.357455
-0.945275 -0.105497 -0.308749
-0.168978 0.890273 -0.422918
0.505074 0.780686 0.368008
-0.173484 0.770359 0.613556
0.901815 -0.429515 0.047401
-0.849276 -0.514383 0.118912
-0.308749 -0.105497 -0.945275
0.357455 0.461440 -0.811972
0.613556 0.770359 -0.173484
-0.422918 0.890273 -0.168978
-0.274141 0.326621 0.904525
0.368008 0.780686 0.505074
-0.901815 -0.429515 0.047401
0.849276 -0.514383 0.118912
0.274141 0.326621 0.904525
-0.357455 0.461440 -0.811972
0.308749 -0.105497 -0.945275
0.173484 0.770359 0.613556
0.811972 0.461440 0.357455
0.168978 0.890273 -0.422918
-0.047401 -0.429515 0.901815
-0.505074 0.780686 0.368008
-0.904525 0.326621 -0.274141
0.945275 -0.105497 -0.308749
-0.118912 -0.514383 -0.849276
-0.613556 0.770359 -0.173484
-0.368008 0.780686 0.505074
0.422918 0.890273 -0.168978
96
0 0 1 2 0 1 2 0
0 3 4 5 3 4 5 0
0 5 1 6 5 1 6 0
0 3 6 0 3 6 0 0
0 7 1 4 7 1 4 0
0 8 9 10 8 9 10 0
0 11 9 12 11 9 12 0
0 13 14 11 13 14 11 0
0 15 9 14 15 9 14 0
0 16 17 18 16 17 18 0
0 3 2 7 3 2 7 0
0 19 20 17 19 20 17 0
0 16 21 19 16 21 19 0
0 18 20 22 18 20 22 0
0 23 20 21 23 20 21 0
0 24 25 26 24 25 26 0
0 16 22 23 16 22 23 0
0 26 27 28 26 27 28 0
0 24 28 29 24 28 29 0
0 30 27 25 30 27 25 0
0 29 27 31 29 27 31 0
0 13 12 8 13 12 8 0
0 13 10 15 13 10 15 0
0 24 31 30 24 31 30 0
0 32 33 34 32 33 34 0
0 32 35 36 32 35 36 0
0 36 37 33 36 37 33 0
0 34 37 38 34 37 38 0
0 32 38 39 32 38 39 0
0 39 37 35 39 37 35 0
0 13 15 14 13 15 14 0
0 11 14 9 11 14 9 0
0 8 12 9 8 12 9 0
0 13 8 10 13 8 10 0
0 13 11 12 13 11 12 0
0 5 4 1 5 4 1 0
0 3 7 4 3 7 4 0
0 7 2 1 7 2 1 0
0 40 41 42 40 41 42 0
0 40 43 44 40 43 44 0
0 42 45 43 42 45 43 0
0 46 45 41 46 45 41 0
0 40 47 46 40 47 46 0
0 44 45 47 44 45 47 0
0 48 49 50 48 49 50 0
0 48 51 52 48 51 52 0
0 0 6 1 0 6 1 0
0 3 5 6 3 5 6 0
0 3 0 2 3 0 2 0
0 19 21 20 19 21 20 0
0 16 19 17 16 19 17 0
0 18 17 20 18 17 20 0
0 23 22 20 23 22 20 0
0 16 23 21 16 23 21 0
0 16 18 22 16 18 22 0
0 26 25 27 26 25 27 0
0 24 30 25 24 30 25 0
0 30 31 27 30 31 27 0
0 29 28 27 29 28 27 0
0 24 26 28 24 26 28 0
0 24 29 31 24 29 31 0
0 53 54 55 53 54 55 0
0 56 53 57 56 53 57 0
0 58 57 55 58 57 55 0
0 59 60 55 59 60 55 0
0 56 59 54 56 59 54 0
0 56 58 60 56 58 60 0
0 61 62 63 61 62 63 0
0 48 50 62 48 50 62 0
0 50 49 63 50 49 63 0
0 52 51 63 52 51 63 0
0 48 61 51 48 61 51 0
0 48 52 49 48 52 49 0
0 44 43 45 44 43 45 0
0 40 44 47 40 44 47 0
0 46 47 45 46 47 45 0
0 42 41 45 42 41 45 0
0 40 42 43 40 42 43 0
0 40 46 41 40 46 41 0
0 39 38 37 39 38 37 0
0 32 34 38 32 34 38 0
0 34 33 37 34 33 37 0
0 36 35 37 36 35 37 0
0 32 39 35 32 39 35 0
0 50 63 62 50 63 62 0
0 48 62 61 48 62 61 0
0 52 63 49 52 63 49 0
0 56 60 59 56 60 59 0
0 56 54 53 56 54 53 0
0 61 63 51 61 63 51 0
0 32 36 33 32 36 33 0
0 59 55 54 59 55 54 0
0 15 10 9 15 10 9 0
0 56 57 58 56 57 58 0
0 53 55 57 53 55 57 0
0 58 55 60 58 55 60 0
"Mesh_music_filed_Material9" 0 9
640
1 -0.051876 0.133290 0.090325 0.448124 0.290210 1
1 -0.051876 0.136724 0.090325 0.448124 0.286776 1
1 -0.053162 0.136724 0.093509 0.446838 0.286776 1
1 -0.616718 0.133290 -0.137886 -0.116718 0.290210 1
1 -0.616718 0.136724 -0.137886 -0.116718 0.286776 1
1 -0.053162 0.133290 0.093509 0.446838 0.290210 1
1 -0.618004 0.133290 -0.134702 -0.118004 0.290210 1
1 -0.618004 0.136724 -0.134702 -0.118004 0.286776 1
1 -0.613062 0.136724 -0.146935 -0.113062 0.286776 1
1 -0.614348 0.136724 -0.143751 -0.114348 0.286776 1
1 -0.049506 0.136724 0.084460 0.450494 0.286776 1
1 -0.614348 0.133290 -0.143751 -0.114348 0.290210 1
1 -0.049506 0.133290 0.084460 0.450494 0.290210 1
1 -0.048220 0.133290 0.081276 0.451780 0.290210 1
1 -0.048220 0.136724 0.081276 0.451780 0.286776 1
1 -0.613062 0.133290 -0.146935 -0.113062 0.290210 1
1 -0.620374 0.133290 -0.128837 -0.120374 0.290210 1
1 -0.055532 0.133290 0.099374 0.444468 0.290210 1
1 -0.056818 0.133290 0.102558 0.443182 0.290210 1
1 -0.044563 0.133290 0.072227 0.455437 0.290210 1
1 -0.044563 0.136724 0.072227 0.455437 0.286776 1
1 -0.045850 0.136724 0.075411 0.454150 0.286776 1
1 -0.609406 0.133290 -0.155984 -0.109406 0.290210 1
1 -0.609406 0.136724 -0.155984 -0.109406 0.286776 1
1 -0.045850 0.133290 0.075411 0.454150 0.290210 1
1 0.419216 0.115373 -0.329127 0.919216 0.308127 1
1 0.424445 0.106147 -0.330144 0.924445 0.317353 1
1 0.565320 0.106147 -0.015191 1.065320 0.317353 1
1 0.565833 0.106147 -0.007550 1.065833 0.317353 1
1 0.560543 0.115373 -0.008170 1.060543 0.308127 1
1 0.560098 0.115373 -0.014146 1.060098 0.308127 1
1 0.434904 0.106147 -0.332177 0.934904 0.317353 1
1 0.575766 0.106147 -0.017280 1.075766 0.317353 1
1 0.440133 0.115373 -0.333193 0.940133 0.308127 1
1 0.580989 0.115373 -0.018325 1.080989 0.308127 1
1 0.581703 0.115373 -0.005689 1.081703 0.308127 1
1 0.576413 0.106147 -0.006309 1.076413 0.317353 1
1 0.576413 0.124600 -0.006309 1.076413 0.298900 1
1 -0.610692 0.133290 -0.152800 -0.110692 0.290210 1
1 -0.610692 0.136724 -0.152800 -0.110692 0.286776 1
1 0.565320 0.124600 -0.015191 1.065320 0.298900 1
1 0.424445 0.124600 -0.330144 0.924445 0.298900 1
1 0.575766 0.124600 -0.017280 1.075766 0.298900 1
1 0.564234 0.106147 -0.000009 1.064234 0.317353 1
1 0.579014 0.115373 0.006056 1.079014 0.308127 1
1 0.574087 0.124600 0.004034 1.074087 0.298900 1
1 0.564234 0.124600 -0.000009 1.064234 0.298900 1
1 0.559307 0.115373 -0.002031 1.059307 0.308127 1
1 0.565833 0.124600 -0.007550 1.065833 0.298900 1
1 0.490373 0.106147 0.181946 0.990373 0.317353 1
1 0.485434 0.115373 0.179950 0.985434 0.308127 1
1 0.500252 0.106147 0.185937 1.000252 0.317353 1
1 0.505191 0.115373 0.187932 1.005191 0.308127 1
1 0.574087 0.106147 0.004034 1.074087 0.317353 1
1 0.500252 0.124600 0.185937 1.000252 0.298900 1
1 0.405797 0.115373 -0.346678 0.905797 0.308127 1
1 0.407792 0.106147 -0.351618 0.907792 0.317353 1
1 0.418452 0.106147 -0.342645 0.918452 0.317353 1
1 0.414198 0.115373 -0.339439 0.914198 0.308127 1
1 0.411784 0.106147 -0.361496 0.911784 0.317353 1
1 0.426961 0.106147 -0.349057 0.926961 0.317353 1
1 0.413779 0.115373 -0.366436 0.913779 0.308127 1
1 0.431215 0.115373 -0.352263 0.931216 0.308127 1
1 0.411784 0.124600 -0.361496 0.911784 0.298900 1
1 0.426961 0.124600 -0.349057 0.926961 0.298900 1
1 0.434904 0.124600 -0.332177 0.934904 0.298900 1
1 0.407792 0.124600 -0.351618 0.907792 0.298900 1
1 0.418452 0.124600 -0.342645 0.918452 0.298900 1
1 0.276695 0.106147 -0.404585 0.776695 0.317353 1
1 0.280686 0.106147 -0.414463 0.780686 0.317353 1
1 0.282682 0.115373 -0.419403 0.782682 0.308127 1
1 0.276695 0.124600 -0.404585 0.776695 0.298900 1
1 0.274699 0.115373 -0.399645 0.774699 0.308127 1
1 0.315411 0.106147 0.111256 0.815411 0.317353 1
1 0.376396 0.106147 -0.039686 0.876396 0.317353 1
1 0.381335 0.115373 -0.037691 0.881335 0.308127 1
1 0.381881 0.115373 -0.066353 0.881881 0.308127 1
1 0.305533 0.106147 0.107265 0.805533 0.317353 1
1 0.366518 0.106147 -0.043677 0.866518 0.317353 1
1 0.300594 0.115373 0.105270 0.800594 0.308127 1
1 0.361578 0.115373 -0.045673 0.861578 0.308127 1
1 0.366248 0.106147 -0.063030 0.866248 0.317353 1
1 0.305533 0.124600 0.107265 0.805533 0.298900 1
1 0.366518 0.124600 -0.043677 0.866518 0.298900 1
1 0.361038 0.115373 -0.061922 0.861038 0.308127 1
1 0.315411 0.124600 0.111256 0.815411 0.298900 1
1 0.376396 0.124600 -0.039686 0.876396 0.298900 1
1 0.366248 0.124600 -0.063030 0.866248 0.298900 1
1 0.320351 0.115373 0.113252 0.820351 0.308127 1
1 0.376670 0.124600 -0.065245 0.876670 0.298900 1
1 0.370290 0.115373 -0.092223 0.870290 0.308127 1
1 0.376670 0.106147 -0.065245 0.876670 0.317353 1
1 0.366725 0.106147 -0.088264 0.866725 0.317353 1
1 0.359596 0.106147 -0.080347 0.859596 0.317353 1
1 0.356031 0.115373 -0.076388 0.856031 0.308127 1
1 0.359596 0.124600 -0.080347 0.859596 0.298900 1
1 0.366725 0.124600 -0.088264 0.866725 0.298900 1
1 0.348053 0.106147 -0.104715 0.848053 0.317353 1
1 0.350048 0.115373 -0.109654 0.850048 0.308127 1
1 0.344062 0.106147 -0.094837 0.844062 0.317353 1
1 0.342066 0.115373 -0.089897 0.842066 0.308127 1
1 0.344062 0.124600 -0.094837 0.844062 0.298900 1
1 0.348053 0.124600 -0.104715 0.848053 0.298900 1
1 0.184615 0.115373 -0.176494 0.684615 0.308127 1
1 0.182620 0.106147 -0.171555 0.682620 0.317353 1
1 0.178628 0.106147 -0.161676 0.678628 0.317353 1
1 0.176633 0.115373 -0.156737 0.676633 0.308127 1
1 0.178628 0.124600 -0.161676 0.678628 0.298900 1
1 0.182620 0.124600 -0.171555 0.682620 0.298900 1
1 0.280686 0.124600 -0.414463 0.780686 0.298900 1
1 0.338008 0.115336 -0.537308 0.838008 0.308164 1
1 0.311665 0.115336 -0.547951 0.811665 0.308164 1
1 0.318251 0.127638 -0.545290 0.818251 0.295862 1
1 0.318251 0.103033 -0.545290 0.818251 0.320467 1
1 0.331422 0.103033 -0.539969 0.831422 0.320467 1
1 0.109572 0.115336 0.028092 0.609572 0.308164 1
1 0.102986 0.103033 0.025431 0.602986 0.320467 1
1 0.089815 0.103033 0.020109 0.589815 0.320467 1
1 0.083229 0.115336 0.017449 0.583229 0.308164 1
1 0.089815 0.127638 0.020109 0.589815 0.295862 1
1 0.102986 0.127638 0.025431 0.602986 0.295862 1
1 0.331422 0.127638 -0.539969 0.831422 0.295862 1
1 -0.055532 0.136724 0.099374 0.444468 0.286776 1
1 -0.056818 0.136724 0.102558 0.443182 0.286776 1
1 -0.620374 0.136724 -0.128837 -0.120374 0.286776 1
1 -0.072928 0.115373 -0.527966 0.427072 0.308127 1
1 -0.393074 0.115373 -0.399252 0.106926 0.308127 1
1 -0.396105 0.106147 -0.403632 0.103895 0.317353 1
1 -0.401782 0.106147 -0.398492 0.098218 0.317353 1
1 -0.184615 0.115373 0.176494 0.315385 0.308127 1
1 -0.178628 0.124600 0.161676 0.321372 0.298900 1
1 -0.182620 0.124600 0.171555 0.317380 0.298900 1
1 -0.109572 0.115336 -0.028092 0.390428 0.308164 1
1 -0.089815 0.103033 -0.020109 0.410185 0.320467 1
1 -0.102986 0.103033 -0.025431 0.397014 0.320467 1
1 -0.338008 0.115336 0.537308 0.161992 0.308164 1
1 -0.102986 0.127638 -0.025431 0.397014 0.295862 1
1 -0.318251 0.127638 0.545290 0.181749 0.295862 1
1 -0.331422 0.127638 0.539969 0.168578 0.295862 1
1 -0.311665 0.115336 0.547951 0.188335 0.308164 1
1 -0.089815 0.127638 -0.020109 0.410185 0.295862 1
1 -0.318251 0.103033 0.545290 0.181749 0.320467 1
1 -0.083229 0.115336 -0.017449 0.416771 0.308164 1
1 -0.331422 0.103033 0.539969 0.168578 0.320467 1
1 -0.274699 0.115373 0.399645 0.225301 0.308127 1
1 -0.280686 0.106147 0.414463 0.219314 0.317353 1
1 -0.276695 0.106147 0.404585 0.223305 0.317353 1
1 -0.485434 0.115373 -0.179950 0.014566 0.308127 1
1 -0.500252 0.124600 -0.185937 -0.000252 0.298900 1
1 -0.490373 0.124600 -0.181946 0.009627 0.298900 1
1 -0.350048 0.115373 0.109654 0.149952 0.308127 1
1 -0.176633 0.115373 0.156737 0.323367 0.308127 1
1 -0.344062 0.124600 0.094837 0.155938 0.298900 1
1 -0.178628 0.106147 0.161676 0.321372 0.317353 1
1 -0.342066 0.115373 0.089897 0.157934 0.308127 1
1 -0.182620 0.106147 0.171555 0.317380 0.317353 1
1 -0.344062 0.106147 0.094837 0.155938 0.317353 1
1 -0.348053 0.106147 0.104715 0.151947 0.317353 1
1 -0.366725 0.124600 0.088264 0.133275 0.298900 1
1 -0.370290 0.115373 0.092223 0.129710 0.308127 1
1 -0.348053 0.124600 0.104715 0.151947 0.298900 1
1 -0.359596 0.124600 0.080347 0.140404 0.298900 1
1 -0.356031 0.115373 0.076388 0.143969 0.308127 1
1 -0.366725 0.106147 0.088264 0.133275 0.317353 1
1 -0.359596 0.106147 0.080347 0.140404 0.317353 1
1 -0.381881 0.115373 0.066353 0.118119 0.308127 1
1 -0.376670 0.124600 0.065245 0.123330 0.298900 1
1 -0.366248 0.124600 0.063030 0.133752 0.298900 1
1 -0.361038 0.115373 0.061922 0.138962 0.308127 1
1 -0.366248 0.106147 0.063030 0.133752 0.317353 1
1 -0.376670 0.106147 0.065245 0.123330 0.317353 1
1 -0.381335 0.115373 0.037691 0.118665 0.308127 1
1 -0.320351 0.115373 -0.113252 0.179649 0.308127 1
1 -0.376396 0.124600 0.039686 0.123604 0.298900 1
1 -0.315411 0.124600 -0.111256 0.184589 0.298900 1
1 -0.366518 0.124600 0.043677 0.133482 0.298900 1
1 -0.305533 0.124600 -0.107265 0.194467 0.298900 1
1 -0.361578 0.115373 0.045673 0.138422 0.308127 1
1 -0.300594 0.115373 -0.105270 0.199406 0.308127 1
1 -0.366518 0.106147 0.043677 0.133482 0.317353 1
1 -0.305533 0.106147 -0.107265 0.194467 0.317353 1
1 -0.376396 0.106147 0.039686 0.123604 0.317353 1
1 -0.315411 0.106147 -0.111256 0.184589 0.317353 1
1 -0.654359 0.133290 -0.044722 -0.154359 0.290210 1
1 -0.090803 0.133290 0.186673 0.409197 0.290210 1
1 -0.655645 0.133290 -0.041538 -0.155645 0.290210 1
1 -0.089516 0.136724 0.183489 0.410484 0.286776 1
1 -0.089516 0.133290 0.183489 0.410484 0.290210 1
1 -0.090803 0.136724 0.186673 0.409197 0.286776 1
1 -0.655645 0.136724 -0.041538 -0.155645 0.286776 1
1 -0.654359 0.136724 -0.044722 -0.154359 0.286776 1
1 -0.658015 0.133290 -0.035673 -0.158015 0.290210 1
1 -0.094459 0.133290 0.195723 0.405541 0.290210 1
1 -0.659301 0.133290 -0.032489 -0.159301 0.290210 1
1 -0.093172 0.136724 0.192538 0.406828 0.286776 1
1 -0.093172 0.133290 0.192538 0.406828 0.290210 1
1 -0.094459 0.136724 0.195723 0.405541 0.286776 1
1 -0.659301 0.136724 -0.032489 -0.159301 0.286776 1
1 -0.658015 0.136724 -0.035673 -0.158015 0.286776 1
1 -0.661671 0.133290 -0.026624 -0.161671 0.290210 1
1 -0.098115 0.133290 0.204771 0.401885 0.290210 1
1 -0.662957 0.133290 -0.023440 -0.162957 0.290210 1
1 -0.096828 0.136724 0.201587 0.403172 0.286776 1
1 -0.096828 0.133290 0.201587 0.403172 0.290210 1
1 -0.098115 0.136724 0.204771 0.401885 0.286776 1
1 -0.662957 0.136724 -0.023440 -0.162957 0.286776 1
1 -0.661671 0.136724 -0.026624 -0.161671 0.286776 1
1 -0.665327 0.133290 -0.017575 -0.165327 0.290210 1
1 -0.101771 0.133290 0.213820 0.398229 0.290210 1
1 -0.666613 0.133290 -0.014391 -0.166613 0.290210 1
1 -0.100484 0.136724 0.210636 0.399516 0.286776 1
1 -0.100484 0.133290 0.210636 0.399516 0.290210 1
1 -0.101771 0.136724 0.213820 0.398229 0.286776 1
1 -0.666613 0.136724 -0.014391 -0.166613 0.286776 1
1 -0.665327 0.136724 -0.017575 -0.165327 0.286776 1
1 -0.276695 0.124600 0.404585 0.223305 0.298900 1
1 -0.405797 0.115373 0.346678 0.094203 0.308127 1
1 -0.407792 0.124600 0.351618 0.092208 0.298900 1
1 -0.411784 0.124600 0.361496 0.088216 0.298900 1
1 -0.280686 0.124600 0.414463 0.219314 0.298900 1
1 -0.413779 0.115373 0.366436 0.086221 0.308127 1
1 -0.282682 0.115373 0.419403 0.217318 0.308127 1
1 -0.411784 0.106147 0.361496 0.088216 0.317353 1
1 -0.407792 0.106147 0.351618 0.092208 0.317353 1
1 -0.419216 0.115373 0.329127 0.080784 0.308127 1
1 -0.418452 0.124600 0.342645 0.081548 0.298900 1
1 -0.414198 0.115373 0.339439 0.085802 0.308127 1
1 -0.424445 0.124600 0.330144 0.075555 0.298900 1
1 -0.426961 0.124600 0.349057 0.073039 0.298900 1
1 -0.434904 0.124600 0.332177 0.065096 0.298900 1
1 -0.431215 0.115373 0.352263 0.068785 0.308127 1
1 -0.440133 0.115373 0.333193 0.059867 0.308127 1
1 -0.426961 0.106147 0.349057 0.073039 0.317353 1
1 -0.434904 0.106147 0.332177 0.065096 0.317353 1
1 -0.418452 0.106147 0.342645 0.081548 0.317353 1
1 -0.424445 0.106147 0.330144 0.075555 0.317353 1
1 -0.564234 0.124600 0.000009 -0.064234 0.298900 1
1 -0.579014 0.115373 -0.006056 -0.079014 0.308127 1
1 -0.505191 0.115373 -0.187932 -0.005191 0.308127 1
1 -0.574087 0.106147 -0.004034 -0.074087 0.317353 1
1 -0.500252 0.106147 -0.185937 -0.000252 0.317353 1
1 -0.564234 0.106147 0.000009 -0.064234 0.317353 1
1 -0.490373 0.106147 -0.181946 0.009627 0.317353 1
1 -0.559307 0.115373 0.002031 -0.059307 0.308127 1
1 -0.565833 0.124600 0.007550 -0.065833 0.298900 1
1 -0.560543 0.115373 0.008170 -0.060543 0.308127 1
1 -0.576413 0.124600 0.006309 -0.076413 0.298900 1
1 -0.574087 0.124600 -0.004034 -0.074087 0.298900 1
1 -0.581703 0.115373 0.005689 -0.081703 0.308127 1
1 -0.576413 0.106147 0.006309 -0.076413 0.317353 1
1 -0.560098 0.115373 0.014146 -0.060098 0.308127 1
1 -0.565320 0.124600 0.015191 -0.065320 0.298900 1
1 -0.575766 0.124600 0.017280 -0.075766 0.298900 1
1 -0.580989 0.115373 0.018325 -0.080989 0.308127 1
1 -0.575766 0.106147 0.017280 -0.075766 0.317353 1
1 -0.565833 0.106147 0.007550 -0.065833 0.317353 1
1 -0.565320 0.106147 0.015191 -0.065320 0.317353 1
1 0.309112 0.115373 0.141068 0.809112 0.308127 1
1 0.294295 0.124600 0.135081 0.794295 0.298900 1
1 0.304173 0.124600 0.139072 0.804173 0.298900 1
1 0.010198 0.115373 0.255203 0.510198 0.308127 1
1 0.016185 0.106147 0.240386 0.516185 0.317353 1
1 0.012194 0.106147 0.250264 0.512194 0.317353 1
1 -0.149860 0.127638 0.613325 0.350140 0.295862 1
1 0.091748 0.127638 0.053247 0.591748 0.295862 1
1 0.078577 0.127638 0.047925 0.578577 0.295862 1
1 -0.156445 0.115336 0.610664 0.343555 0.308164 1
1 0.071991 0.115336 0.045264 0.571991 0.308164 1
1 -0.149860 0.103033 0.613325 0.350140 0.320467 1
1 0.078577 0.103033 0.047925 0.578577 0.320467 1
1 0.091748 0.103033 0.053247 0.591748 0.320467 1
1 -0.136688 0.103033 0.618646 0.363312 0.320467 1
1 0.098334 0.115336 0.055907 0.598333 0.308164 1
1 -0.130103 0.115336 0.621307 0.369897 0.308164 1
1 -0.080015 0.115373 0.478303 0.419985 0.308127 1
1 -0.086002 0.124600 0.493121 0.413998 0.298900 1
1 -0.082011 0.124600 0.483242 0.417989 0.298900 1
1 0.474195 0.115373 0.207765 0.974195 0.308127 1
1 0.489013 0.106147 0.213752 0.989013 0.317353 1
1 0.479135 0.106147 0.209761 0.979135 0.317353 1
1 0.016185 0.124600 0.240386 0.516185 0.298900 1
1 0.177627 0.124600 0.317104 0.677627 0.298900 1
1 0.181618 0.124600 0.307225 0.681618 0.298900 1
1 0.018180 0.115373 0.235446 0.518180 0.308127 1
1 0.183614 0.115373 0.302286 0.683614 0.308127 1
1 0.181618 0.106147 0.307225 0.681618 0.317353 1
1 0.177627 0.106147 0.317104 0.677627 0.317353 1
1 0.175631 0.115373 0.322043 0.675631 0.308127 1
1 0.202487 0.124600 0.318241 0.702487 0.298900 1
1 0.202858 0.124600 0.307593 0.702858 0.298900 1
1 0.203044 0.115373 0.302269 0.703044 0.308127 1
1 0.202858 0.106147 0.307593 0.702858 0.317353 1
1 0.202487 0.106147 0.318241 0.702487 0.317353 1
1 0.202301 0.115373 0.323565 0.702301 0.308127 1
1 0.228610 0.115373 0.313007 0.728610 0.308127 1
1 0.225630 0.124600 0.308590 0.725630 0.298900 1
1 0.219673 0.124600 0.299757 0.719673 0.298900 1
1 0.216694 0.115373 0.295341 0.716694 0.308127 1
1 0.219673 0.106147 0.299757 0.719673 0.317353 1
1 0.225630 0.106147 0.308590 0.725630 0.317353 1
1 0.248128 0.115373 0.292010 0.748128 0.308127 1
1 0.243188 0.124600 0.290015 0.743188 0.298900 1
1 0.233310 0.124600 0.286024 0.733310 0.298900 1
1 0.228371 0.115373 0.284028 0.728371 0.308127 1
1 0.233310 0.106147 0.286024 0.733310 0.317353 1
1 0.289356 0.115373 0.133085 0.789356 0.308127 1
1 0.243188 0.106147 0.290015 0.743188 0.317353 1
1 0.304173 0.106147 0.139072 0.804173 0.317353 1
1 0.501773 0.133290 0.422385 1.001773 0.290210 1
1 -0.064356 0.133290 0.197358 0.435644 0.290210 1
1 -0.063070 0.133290 0.194174 0.436930 0.290210 1
1 -0.063070 0.136724 0.194174 0.436930 0.286776 1
1 0.501773 0.136724 0.422385 1.001773 0.286776 1
1 -0.064356 0.136724 0.197358 0.435644 0.286776 1
1 0.500486 0.133290 0.425569 1.000486 0.290210 1
1 0.500486 0.136724 0.425569 1.000486 0.286776 1
1 0.498116 0.133290 0.431435 0.998116 0.290210 1
1 -0.068012 0.133290 0.206408 0.431988 0.290210 1
1 -0.066726 0.133290 0.203224 0.433274 0.290210 1
1 -0.066726 0.136724 0.203224 0.433274 0.286776 1
1 0.498116 0.136724 0.431435 0.998116 0.286776 1
1 -0.068012 0.136724 0.206408 0.431988 0.286776 1
1 0.496830 0.133290 0.434619 0.996830 0.290210 1
1 0.496830 0.136724 0.434619 0.996830 0.286776 1
1 0.494460 0.133290 0.440484 0.994460 0.290210 1
1 -0.071668 0.133290 0.215457 0.428332 0.290210 1
1 -0.070382 0.133290 0.212272 0.429618 0.290210 1
1 -0.070382 0.136724 0.212272 0.429618 0.286776 1
1 0.494460 0.136724 0.440484 0.994460 0.286776 1
1 -0.071668 0.136724 0.215457 0.428332 0.286776 1
1 0.493174 0.133290 0.443668 0.993174 0.290210 1
1 0.493174 0.136724 0.443668 0.993174 0.286776 1
1 0.490804 0.133290 0.449532 0.990804 0.290210 1
1 -0.075324 0.133290 0.224505 0.424676 0.290210 1
1 -0.074038 0.133290 0.221321 0.425962 0.290210 1
1 -0.074038 0.136724 0.221321 0.425962 0.286776 1
1 0.490804 0.136724 0.449532 0.990804 0.286776 1
1 -0.075324 0.136724 0.224505 0.424676 0.286776 1
1 0.489518 0.133290 0.452716 0.989518 0.290210 1
1 0.489518 0.136724 0.452716 0.989518 0.286776 1
1 0.051083 0.115373 0.531270 0.551083 0.308127 1
1 0.045096 0.124600 0.546088 0.545096 0.298900 1
1 0.049087 0.124600 0.536209 0.549087 0.298900 1
1 0.043100 0.115373 0.551027 0.543100 0.308127 1
1 -0.087997 0.115373 0.498060 0.412003 0.308127 1
1 0.045096 0.106147 0.546088 0.545096 0.317353 1
1 -0.082011 0.106147 0.483242 0.417989 0.317353 1
1 -0.086002 0.106147 0.493121 0.413998 0.317353 1
1 0.049087 0.106147 0.536209 0.549087 0.317353 1
1 0.072928 0.115373 0.527966 0.572928 0.308127 1
1 0.062988 0.124600 0.537160 0.562988 0.298900 1
1 0.075983 0.124600 0.532330 0.575983 0.298900 1
1 0.062154 0.115373 0.531898 0.562154 0.308127 1
1 0.064654 0.124600 0.547683 0.564654 0.298900 1
1 0.082094 0.124600 0.541057 0.582094 0.298900 1
1 0.065488 0.115373 0.552944 0.565488 0.308127 1
1 0.085150 0.115373 0.545421 0.585150 0.308127 1
1 0.064654 0.106147 0.547683 0.564654 0.317353 1
1 0.082094 0.106147 0.541057 0.582094 0.317353 1
1 0.062988 0.106147 0.537160 0.562988 0.317353 1
1 0.075983 0.106147 0.532330 0.575983 0.317353 1
1 0.405870 0.124600 0.391956 0.905870 0.298900 1
1 0.400921 0.115373 0.389988 0.900921 0.308127 1
1 0.489013 0.124600 0.213752 0.989013 0.298900 1
1 0.415766 0.124600 0.395893 0.915766 0.298900 1
1 0.420714 0.115373 0.397861 0.920714 0.308127 1
1 0.493953 0.115373 0.215748 0.993953 0.308127 1
1 0.415766 0.106147 0.395893 0.915766 0.317353 1
1 0.405870 0.106147 0.391956 0.905870 0.317353 1
1 0.401782 0.124600 0.398492 0.901782 0.298900 1
1 0.410254 0.124600 0.404948 0.910254 0.298900 1
1 0.414491 0.115373 0.408177 0.914491 0.308127 1
1 0.410254 0.106147 0.404948 0.910254 0.317353 1
1 0.401782 0.106147 0.398492 0.901782 0.317353 1
1 0.397545 0.115373 0.395263 0.897545 0.308127 1
1 0.393074 0.115373 0.399252 0.893074 0.308127 1
1 0.396105 0.124600 0.403632 0.896105 0.298900 1
1 0.402167 0.124600 0.412391 0.902167 0.298900 1
1 0.405199 0.115373 0.416770 0.905199 0.308127 1
1 0.402167 0.106147 0.412391 0.902167 0.317353 1
1 0.396105 0.106147 0.403632 0.896105 0.317353 1
1 -0.309112 0.115373 -0.141068 0.190888 0.308127 1
1 -0.294295 0.124600 -0.135081 0.205705 0.298900 1
1 -0.304173 0.124600 -0.139072 0.195827 0.298900 1
1 -0.010198 0.115373 -0.255203 0.489802 0.308127 1
1 -0.016185 0.106147 -0.240386 0.483815 0.317353 1
1 -0.012194 0.106147 -0.250264 0.487806 0.317353 1
1 -0.098334 0.115336 -0.055907 0.401666 0.308164 1
1 -0.078577 0.127638 -0.047925 0.421423 0.295862 1
1 -0.091748 0.127638 -0.053247 0.408252 0.295862 1
1 0.130103 0.115336 -0.621307 0.630103 0.308164 1
1 0.136688 0.127638 -0.618646 0.636688 0.295862 1
1 0.149860 0.127638 -0.613325 0.649860 0.295862 1
1 0.156445 0.115336 -0.610664 0.656445 0.308164 1
1 -0.071991 0.115336 -0.045264 0.428009 0.308164 1
1 0.149860 0.103033 -0.613325 0.649860 0.320467 1
1 -0.078577 0.103033 -0.047925 0.421423 0.320467 1
1 -0.091748 0.103033 -0.053247 0.408252 0.320467 1
1 0.136688 0.103033 -0.618646 0.636688 0.320467 1
1 0.080015 0.115373 -0.478303 0.580015 0.308127 1
1 0.086002 0.124600 -0.493121 0.586002 0.298900 1
1 0.082011 0.124600 -0.483242 0.582011 0.298900 1
1 -0.474195 0.115373 -0.207765 0.025805 0.308127 1
1 -0.489013 0.106147 -0.213752 0.010987 0.317353 1
1 -0.479135 0.106147 -0.209761 0.020865 0.317353 1
1 -0.012194 0.124600 -0.250264 0.487806 0.298900 1
1 -0.175631 0.115373 -0.322043 0.324369 0.308127 1
1 -0.177627 0.124600 -0.317104 0.322373 0.298900 1
1 -0.016185 0.124600 -0.240386 0.483815 0.298900 1
1 -0.181618 0.124600 -0.307225 0.318382 0.298900 1
1 -0.018180 0.115373 -0.235446 0.481820 0.308127 1
1 -0.183614 0.115373 -0.302286 0.316386 0.308127 1
1 -0.181618 0.106147 -0.307225 0.318382 0.317353 1
1 -0.177627 0.106147 -0.317104 0.322373 0.317353 1
1 -0.202487 0.124600 -0.318241 0.297513 0.298900 1
1 -0.202858 0.124600 -0.307593 0.297142 0.298900 1
1 -0.203044 0.115373 -0.302269 0.296956 0.308127 1
1 -0.202858 0.106147 -0.307593 0.297142 0.317353 1
1 -0.202487 0.106147 -0.318241 0.297513 0.317353 1
1 -0.202301 0.115373 -0.323565 0.297699 0.308127 1
1 -0.228610 0.115373 -0.313007 0.271390 0.308127 1
1 -0.225630 0.124600 -0.308590 0.274370 0.298900 1
1 -0.219673 0.124600 -0.299757 0.280327 0.298900 1
1 -0.216694 0.115373 -0.295341 0.283306 0.308127 1
1 -0.219673 0.106147 -0.299757 0.280327 0.317353 1
1 -0.225630 0.106147 -0.308590 0.274370 0.317353 1
1 -0.248128 0.115373 -0.292010 0.251872 0.308127 1
1 -0.243188 0.124600 -0.290015 0.256812 0.298900 1
1 -0.233310 0.124600 -0.286024 0.266690 0.298900 1
1 -0.228371 0.115373 -0.284028 0.271629 0.308127 1
1 -0.233310 0.106147 -0.286024 0.266690 0.317353 1
1 -0.289356 0.115373 -0.133085 0.210644 0.308127 1
1 -0.243188 0.106147 -0.290015 0.256812 0.317353 1
1 -0.294295 0.106147 -0.135081 0.205705 0.317353 1
1 -0.304173 0.106147 -0.139072 0.195827 0.317353 1
1 -0.051083 0.115373 -0.531270 0.448917 0.308127 1
1 -0.045096 0.124600 -0.546088 0.454904 0.298900 1
1 -0.049087 0.124600 -0.536209 0.450913 0.298900 1
1 -0.043100 0.115373 -0.551027 0.456900 0.308127 1
1 0.087997 0.115373 -0.498060 0.587997 0.308127 1
1 -0.045096 0.106147 -0.546088 0.454904 0.317353 1
1 0.082011 0.106147 -0.483242 0.582011 0.317353 1
1 0.086002 0.106147 -0.493121 0.586002 0.317353 1
1 -0.049087 0.106147 -0.536209 0.450913 0.317353 1
1 -0.062988 0.124600 -0.537160 0.437012 0.298900 1
1 -0.075983 0.124600 -0.532330 0.424017 0.298900 1
1 -0.062154 0.115373 -0.531898 0.437846 0.308127 1
1 -0.064654 0.124600 -0.547683 0.435346 0.298900 1
1 -0.082094 0.124600 -0.541057 0.417906 0.298900 1
1 -0.065488 0.115373 -0.552944 0.434512 0.308127 1
1 -0.085150 0.115373 -0.545421 0.414850 0.308127 1
1 -0.064654 0.106147 -0.547683 0.435346 0.317353 1
1 -0.082094 0.106147 -0.541057 0.417906 0.317353 1
1 -0.062988 0.106147 -0.537160 0.437012 0.317353 1
1 -0.075983 0.106147 -0.532330 0.424017 0.317353 1
1 -0.405870 0.124600 -0.391956 0.094130 0.298900 1
1 -0.400921 0.115373 -0.389988 0.099079 0.308127 1
1 -0.489013 0.124600 -0.213752 0.010987 0.298900 1
1 -0.415766 0.124600 -0.395893 0.084234 0.298900 1
1 -0.420714 0.115373 -0.397861 0.079286 0.308127 1
1 -0.493953 0.115373 -0.215748 0.006047 0.308127 1
1 -0.415766 0.106147 -0.395893 0.084234 0.317353 1
1 -0.405870 0.106147 -0.391956 0.094130 0.317353 1
1 -0.401782 0.124600 -0.398492 0.098218 0.298900 1
1 -0.410254 0.124600 -0.404948 0.089746 0.298900 1
1 -0.414491 0.115373 -0.408177 0.085509 0.308127 1
1 -0.410254 0.106147 -0.404948 0.089746 0.317353 1
1 -0.397545 0.115373 -0.395263 0.102455 0.308127 1
1 -0.396105 0.124600 -0.403632 0.103895 0.298900 1
1 -0.402167 0.124600 -0.412391 0.097833 0.298900 1
1 -0.405199 0.115373 -0.416770 0.094801 0.308127 1
1 -0.402167 0.106147 -0.412391 0.097833 0.317353 1
1 0.490373 0.124600 0.181946 0.990373 0.298900 1
1 0.661671 0.133290 0.026624 1.161671 0.290210 1
1 0.662957 0.133290 0.023440 1.162957 0.290210 1
1 0.662957 0.136724 0.023440 1.162957 0.286776 1
1 0.661671 0.136724 0.026624 1.161671 0.286776 1
1 0.098115 0.136724 -0.204771 0.598115 0.286776 1
1 -0.539413 0.133290 -0.329221 -0.039413 0.290210 1
1 -0.538127 0.133290 -0.332406 -0.038127 0.290210 1
1 0.026715 0.133290 -0.104194 0.526715 0.290210 1
1 -0.621660 0.136724 -0.125653 -0.121660 0.286776 1
1 -0.136688 0.127638 0.618646 0.363312 0.295862 1
1 0.012194 0.124600 0.250264 0.512194 0.298900 1
1 0.545439 0.133290 0.314307 1.045439 0.290210 1
1 0.545439 0.136724 0.314307 1.045439 0.286776 1
1 -0.019403 0.136724 0.086096 0.480597 0.286776 1
1 -0.494460 0.133290 -0.440483 0.005540 0.290210 1
1 -0.493174 0.133290 -0.443668 0.006826 0.290210 1
1 0.071668 0.133290 -0.215457 0.571668 0.290210 1
1 -0.498116 0.136724 -0.431435 0.001884 0.286776 1
1 0.066726 0.136724 -0.203224 0.566726 0.286776 1
1 0.068012 0.136724 -0.206408 0.568012 0.286776 1
1 -0.490804 0.133290 -0.449532 0.009196 0.290210 1
1 -0.489518 0.133290 -0.452716 0.010482 0.290210 1
1 0.075324 0.133290 -0.224505 0.575324 0.290210 1
1 -0.494460 0.136724 -0.440483 0.005540 0.286776 1
1 0.070382 0.136724 -0.212272 0.570382 0.286776 1
1 0.071668 0.136724 -0.215457 0.571668 0.286776 1
1 0.294295 0.106147 0.135081 0.794295 0.317353 1
1 -0.621660 0.133290 -0.125653 -0.121660 0.290210 1
1 0.546725 0.133290 0.311123 1.046725 0.290210 1
1 -0.019403 0.133290 0.086096 0.480597 0.290210 1
1 -0.018117 0.133290 0.082912 0.481883 0.290210 1
1 -0.018117 0.136724 0.082912 0.481883 0.286776 1
1 0.546725 0.136724 0.311123 1.046725 0.286776 1
1 0.543069 0.133290 0.320173 1.043069 0.290210 1
1 -0.023059 0.133290 0.095146 0.476941 0.290210 1
1 -0.021773 0.133290 0.091961 0.478227 0.290210 1
1 -0.023059 0.136724 0.095146 0.476941 0.286776 1
1 -0.021773 0.136724 0.091961 0.478227 0.286776 1
1 0.541783 0.133290 0.323357 1.041783 0.290210 1
1 0.541783 0.136724 0.323357 1.041783 0.286776 1
1 0.543069 0.136724 0.320173 1.043069 0.286776 1
1 0.539413 0.133290 0.329221 1.039413 0.290210 1
1 -0.026715 0.133290 0.104194 0.473285 0.290210 1
1 -0.025429 0.133290 0.101010 0.474571 0.290210 1
1 -0.025429 0.136724 0.101010 0.474571 0.286776 1
1 0.539413 0.136724 0.329221 1.039413 0.286776 1
1 -0.026715 0.136724 0.104194 0.473285 0.286776 1
1 0.538127 0.133290 0.332406 1.038127 0.290210 1
1 0.538127 0.136724 0.332406 1.038127 0.286776 1
1 0.535757 0.133290 0.338270 1.035757 0.290210 1
1 -0.030371 0.133290 0.113243 0.469629 0.290210 1
1 -0.029085 0.133290 0.110059 0.470915 0.290210 1
1 -0.029085 0.136724 0.110059 0.470915 0.286776 1
1 0.535757 0.136724 0.338270 1.035757 0.286776 1
1 -0.030371 0.136724 0.113243 0.469629 0.286776 1
1 0.534471 0.133290 0.341454 1.034471 0.290210 1
1 0.534471 0.136724 0.341454 1.034471 0.286776 1
1 -0.501773 0.133290 -0.422385 -0.001773 0.290210 1
1 0.064356 0.133290 -0.197358 0.564356 0.290210 1
1 0.063070 0.133290 -0.194174 0.563070 0.290210 1
1 0.063070 0.136724 -0.194174 0.563070 0.286776 1
1 -0.501773 0.136724 -0.422385 -0.001773 0.286776 1
1 0.064356 0.136724 -0.197358 0.564356 0.286776 1
1 -0.500486 0.133290 -0.425569 -0.000486 0.290210 1
1 -0.500486 0.136724 -0.425569 -0.000486 0.286776 1
1 -0.498116 0.133290 -0.431435 0.001884 0.290210 1
1 0.068012 0.133290 -0.206408 0.568012 0.290210 1
1 0.066726 0.133290 -0.203224 0.566726 0.290210 1
1 -0.496830 0.133290 -0.434619 0.003170 0.290210 1
1 -0.496830 0.136724 -0.434619 0.003170 0.286776 1
1 0.070382 0.133290 -0.212272 0.570382 0.290210 1
1 -0.493174 0.136724 -0.443668 0.006826 0.286776 1
1 0.074038 0.133290 -0.221321 0.574038 0.290210 1
1 0.074038 0.136724 -0.221321 0.574038 0.286776 1
1 -0.490804 0.136724 -0.449532 0.009196 0.286776 1
1 0.075324 0.136724 -0.224505 0.575324 0.286776 1
1 -0.489518 0.136724 -0.452716 0.010482 0.286776 1
1 0.654359 0.133290 0.044722 1.154359 0.290210 1
1 0.090803 0.133290 -0.186673 0.590803 0.290210 1
1 0.655645 0.133290 0.041538 1.155645 0.290210 1
1 0.089516 0.136724 -0.183489 0.589516 0.286776 1
1 0.089516 0.133290 -0.183489 0.589516 0.290210 1
1 0.090803 0.136724 -0.186673 0.590803 0.286776 1
1 0.655645 0.136724 0.041538 1.155645 0.286776 1
1 0.654359 0.136724 0.044722 1.154359 0.286776 1
1 0.658015 0.133290 0.035673 1.158015 0.290210 1
1 0.094459 0.133290 -0.195723 0.594459 0.290210 1
1 0.659301 0.133290 0.032489 1.159301 0.290210 1
1 0.093172 0.136724 -0.192538 0.593172 0.286776 1
1 0.093172 0.133290 -0.192538 0.593172 0.290210 1
1 0.094459 0.136724 -0.195723 0.594459 0.286776 1
1 0.659301 0.136724 0.032489 1.159301 0.286776 1
1 0.658015 0.136724 0.035673 1.158015 0.286776 1
1 0.098115 0.133290 -0.204771 0.598115 0.290210 1
1 0.096828 0.136724 -0.201587 0.596828 0.286776 1
1 0.096828 0.133290 -0.201587 0.596828 0.290210 1
1 0.665327 0.133290 0.017575 1.165327 0.290210 1
1 0.101771 0.133290 -0.213820 0.601771 0.290210 1
1 0.666613 0.133290 0.014391 1.166613 0.290210 1
1 0.100484 0.136724 -0.210636 0.600484 0.286776 1
1 0.100484 0.133290 -0.210636 0.600484 0.290210 1
1 0.101771 0.136724 -0.213820 0.601771 0.286776 1
1 0.666613 0.136724 0.014391 1.166613 0.286776 1
1 0.665327 0.136724 0.017575 1.165327 0.286776 1
1 -0.546725 0.133290 -0.311123 -0.046725 0.290210 1
1 0.019403 0.133290 -0.086096 0.519403 0.290210 1
1 0.018117 0.133290 -0.082912 0.518117 0.290210 1
1 0.018117 0.136724 -0.082912 0.518117 0.286776 1
1 -0.546725 0.136724 -0.311123 -0.046725 0.286776 1
1 0.019403 0.136724 -0.086096 0.519403 0.286776 1
1 -0.545439 0.133290 -0.314307 -0.045439 0.290210 1
1 -0.545439 0.136724 -0.314307 -0.045439 0.286776 1
1 -0.543069 0.133290 -0.320173 -0.043069 0.290210 1
1 0.023059 0.133290 -0.095146 0.523059 0.290210 1
1 0.021773 0.133290 -0.091961 0.521773 0.290210 1
1 0.021773 0.136724 -0.091961 0.521773 0.286776 1
1 -0.543069 0.136724 -0.320173 -0.043069 0.286776 1
1 0.023059 0.136724 -0.095146 0.523059 0.286776 1
1 -0.541783 0.133290 -0.323357 -0.041783 0.290210 1
1 -0.541783 0.136724 -0.323357 -0.041783 0.286776 1
1 0.025429 0.133290 -0.101010 0.525429 0.290210 1
1 0.025429 0.136724 -0.101010 0.525429 0.286776 1
1 -0.539413 0.136724 -0.329221 -0.039413 0.286776 1
1 0.026715 0.136724 -0.104194 0.526715 0.286776 1
1 -0.538127 0.136724 -0.332406 -0.038127 0.286776 1
1 -0.535757 0.133290 -0.338270 -0.035757 0.290210 1
1 0.030371 0.133290 -0.113243 0.530371 0.290210 1
1 0.029085 0.133290 -0.110059 0.529085 0.290210 1
1 0.029085 0.136724 -0.110059 0.529085 0.286776 1
1 -0.535757 0.136724 -0.338270 -0.035757 0.286776 1
1 0.030371 0.136724 -0.113243 0.530371 0.286776 1
1 -0.534471 0.133290 -0.341454 -0.034471 0.290210 1
1 -0.534471 0.136724 -0.341454 -0.034471 0.286776 1
1 0.609406 0.133290 0.155984 1.109406 0.290210 1
1 0.045850 0.133290 -0.075411 0.545850 0.290210 1
1 0.610692 0.133290 0.152800 1.110692 0.290210 1
1 0.044563 0.136724 -0.072227 0.544563 0.286776 1
1 0.044563 0.133290 -0.072227 0.544563 0.290210 1
1 0.045850 0.136724 -0.075411 0.545850 0.286776 1
1 0.610692 0.136724 0.152800 1.110692 0.286776 1
1 0.609406 0.136724 0.155984 1.109406 0.286776 1
1 0.613062 0.133290 0.146935 1.113062 0.290210 1
1 0.049506 0.133290 -0.084460 0.549506 0.290210 1
1 0.614348 0.133290 0.143751 1.114348 0.290210 1
1 0.048220 0.136724 -0.081276 0.548220 0.286776 1
1 0.048220 0.133290 -0.081276 0.548220 0.290210 1
1 0.049506 0.136724 -0.084460 0.549506 0.286776 1
1 0.614348 0.136724 0.143751 1.114348 0.286776 1
1 0.613062 0.136724 0.146935 1.113062 0.286776 1
1 0.616718 0.133290 0.137886 1.116718 0.290210 1
1 0.053162 0.133290 -0.093509 0.553162 0.290210 1
1 0.618004 0.133290 0.134702 1.118004 0.290210 1
1 0.051876 0.136724 -0.090325 0.551876 0.286776 1
1 0.051876 0.133290 -0.090325 0.551876 0.290210 1
1 0.053162 0.136724 -0.093509 0.553162 0.286776 1
1 0.618004 0.136724 0.134702 1.118004 0.286776 1
1 0.616718 0.136724 0.137886 1.116718 0.286776 1
1 0.620374 0.133290 0.128837 1.120374 0.290210 1
1 0.056818 0.133290 -0.102558 0.556818 0.290210 1
1 0.621660 0.133290 0.125653 1.121660 0.290210 1
1 0.055532 0.136724 -0.099374 0.555532 0.286776 1
1 0.055532 0.133290 -0.099374 0.555532 0.290210 1
1 0.056818 0.136724 -0.102558 0.556818 0.286776 1
1 0.621660 0.136724 0.125653 1.121660 0.286776 1
1 0.620374 0.136724 0.128837 1.120374 0.286776 1
1 -0.479135 0.124600 -0.209761 0.020865 0.298900 1
1 0.479135 0.124600 0.209761 0.979135 0.298900 1
592
0.909975 -0.408233 -0.072740
0.684378 0.408233 -0.604130
0.319067 0.577372 0.751557
-0.319065 -0.577371 -0.751559
-0.225609 0.816511 -0.531423
0.225610 -0.816512 0.531421
-0.684378 -0.408234 0.604129
-0.909975 0.408234 0.072734
-0.225612 0.816513 -0.531418
-0.909975 0.408232 0.072746
0.319067 0.577372 0.751557
-0.684377 -0.408232 0.604132
0.225610 -0.816512 0.531421
0.909975 -0.408233 -0.072739
0.684378 0.408233 -0.604130
-0.319070 -0.577374 -0.751554
0.909975 -0.408270 -0.072541
0.684398 0.408270 -0.604082
0.318980 0.577320 0.751634
-0.319065 -0.577371 -0.751559
-0.225609 0.816511 -0.531423
0.225559 -0.816475 0.531499
-0.906547 0.000557 0.422104
-0.456814 -0.863150 0.215158
-0.567855 -0.803672 0.177911
-0.498575 -0.866777 -0.011026
-0.997888 0.000913 -0.064958
-0.969762 -0.000524 0.244053
0.459738 -0.863062 -0.209199
0.417918 -0.905357 -0.075317
0.909201 -0.000215 -0.416358
0.971512 0.000817 -0.236987
0.996543 -0.000233 0.083074
0.494744 -0.866654 0.064338
0.498359 0.866796 0.017405
-0.584092 0.804126 0.110533
-0.392354 0.902097 0.179664
0.406141 0.905073 -0.126064
-0.412223 -0.904231 -0.111524
0.953976 0.000455 0.299881
0.573598 0.802721 0.163171
-0.404233 0.904347 -0.136939
-0.957175 -0.000140 -0.289509
-0.496031 0.866456 -0.056632
-0.700112 -0.707342 0.097519
-0.815001 0.104306 0.569995
0.016058 -0.753570 0.657171
0.499574 -0.150631 0.853074
0.563649 -0.803027 0.193514
0.213880 0.749701 0.626262
-0.519715 0.001387 0.854339
-0.234651 -0.866665 0.440262
-0.372348 -0.866927 0.331353
-0.791572 -0.001578 0.611074
0.290052 -0.822365 -0.489475
0.413823 -0.867908 -0.274747
0.500470 0.188022 -0.845090
0.788247 0.001009 -0.615359
0.166843 0.945155 -0.280795
0.367878 0.867358 -0.335196
0.546280 0.798709 -0.252273
-0.337032 0.801943 0.493251
-0.413443 0.867543 0.276465
-0.442489 -0.883897 0.151425
-0.578263 -0.566975 -0.586644
-0.265681 -0.150792 -0.952195
-0.437098 0.832064 0.341489
-0.976265 -0.104282 0.189819
0.435313 -0.707136 0.557191
0.495329 -0.866042 0.067979
0.980284 -0.002176 0.197580
0.979996 -0.001468 -0.199011
-0.467990 -0.753786 0.461293
-0.482690 -0.867045 -0.123461
-0.952195 -0.150798 0.265677
-0.984363 0.000526 -0.176153
-0.497052 -0.865020 0.068413
-0.710089 0.603038 0.363481
-0.496633 0.866220 -0.054949
-0.982801 0.003093 0.184641
0.151433 0.883892 0.442497
0.481881 0.866901 0.127564
-0.489480 0.863800 0.119412
0.189840 0.104242 0.976266
0.495865 0.866182 -0.062024
0.790981 -0.185880 -0.582922
0.482324 -0.865403 -0.135802
0.263830 -0.945544 -0.190629
-0.522691 -0.802428 0.287931
-0.839362 0.006114 0.543538
-0.396476 0.864420 0.309168
0.458338 0.822492 -0.336799
0.341542 -0.757726 -0.556058
0.513211 0.190366 -0.836884
-0.252717 -0.904961 0.342315
-0.543369 0.000454 0.839494
-0.242027 0.866877 0.435830
0.208820 0.917935 -0.337327
-0.570372 -0.104266 -0.814742
-0.213095 -0.883886 -0.416338
-0.754726 -0.603059 0.258279
-0.852559 0.150760 0.500414
-0.656926 0.753781 0.016202
-0.098393 0.707094 -0.700240
-0.363481 0.603043 -0.710085
0.814719 0.104273 -0.570404
-0.500409 0.150770 -0.852560
-0.016211 0.753780 -0.656927
-0.214189 -0.749994 -0.625805
0.700221 -0.707110 -0.098417
0.189831 -0.104253 0.976266
0.151435 -0.883887 0.442506
-0.586674 -0.566953 0.578254
-0.952205 -0.150749 0.265670
-0.710088 0.603043 0.363475
0.341486 0.832064 0.437100
0.588766 0.750010 -0.301395
0.358894 0.000560 0.933378
0.528040 -0.000535 0.849220
0.284876 -0.803690 0.522426
0.366279 -0.866797 0.338383
0.570372 -0.104266 0.814742
0.656926 0.753781 -0.016202
0.098393 0.707094 0.700240
-0.189831 -0.104253 -0.976266
0.586674 -0.566953 -0.578254
-0.151435 -0.883887 -0.442506
-0.814719 0.104273 0.570404
-0.341486 0.832064 -0.437100
0.016211 0.753780 0.656927
-0.588766 0.750010 0.301395
0.500409 0.150770 0.852560
0.710088 0.603043 -0.363475
0.214189 -0.749994 0.625805
0.952205 -0.150749 -0.265670
-0.700221 -0.707110 0.098417
0.976265 -0.104282 -0.189819
0.578263 -0.566975 0.586644
0.442489 -0.883897 -0.151425
0.815001 0.104306 -0.569995
-0.213880 0.749701 -0.626262
0.588737 0.750252 -0.300848
-0.513211 0.190366 0.836884
0.852559 0.150760 -0.500414
0.242027 0.866877 -0.435830
0.754726 -0.603059 -0.258279
0.543369 0.000454 -0.839494
0.213095 -0.883886 0.416338
0.252717 -0.904961 -0.342315
-0.341542 -0.757726 0.556058
-0.458338 0.822492 0.336799
-0.790981 -0.185880 0.582922
-0.208820 0.917935 0.337327
0.396476 0.864420 -0.309168
0.839362 0.006114 -0.543538
-0.263830 -0.945544 0.190629
0.522691 -0.802428 -0.287930
-0.979996 -0.001468 0.199011
-0.495865 0.866182 0.062024
0.489480 0.863800 -0.119412
0.982801 0.003093 -0.184641
0.497052 -0.865020 -0.068413
-0.482324 -0.865403 0.135802
-0.980284 -0.002176 -0.197580
-0.189840 0.104242 -0.976266
-0.481881 0.866901 -0.127564
-0.151433 0.883892 -0.442497
0.496633 0.866220 0.054949
0.710089 0.603038 -0.363481
0.984363 0.000526 0.176153
0.952195 -0.150798 -0.265677
0.482690 -0.867045 0.123461
0.467990 -0.753786 -0.461293
-0.495329 -0.866042 -0.067979
-0.435313 -0.707136 -0.557191
-0.319065 -0.577370 -0.751559
0.225559 -0.816475 0.531499
-0.684378 -0.408234 0.604129
0.684398 0.408270 -0.604083
0.909975 -0.408270 -0.072542
0.318980 0.577320 0.751633
-0.909975 0.408234 0.072733
-0.225609 0.816511 -0.531423
-0.319070 -0.577374 -0.751555
0.225579 -0.816490 0.531467
-0.684378 -0.408232 0.604131
0.684389 0.408255 -0.604102
0.909975 -0.408255 -0.072622
0.319015 0.577342 0.751602
-0.909975 0.408232 0.072745
-0.225612 0.816513 -0.531419
-0.319065 -0.577370 -0.751559
0.225559 -0.816475 0.531499
-0.684378 -0.408234 0.604129
0.684398 0.408270 -0.604082
0.909975 -0.408270 -0.072541
0.318980 0.577320 0.751634
-0.909975 0.408234 0.072733
-0.225609 0.816511 -0.531423
-0.319070 -0.577374 -0.751554
-0.684377 -0.408232 0.604131
-0.909975 0.408232 0.072745
-0.225612 0.816513 -0.531419
0.437098 0.832064 -0.341489
0.519715 0.001387 -0.854339
0.337032 0.801943 -0.493251
-0.166843 0.945155 0.280795
0.363481 0.603043 0.710085
-0.500470 0.188022 0.845090
0.265681 -0.150792 0.952195
-0.290052 -0.822365 0.489475
0.234651 -0.866665 -0.440262
0.906547 0.000557 -0.422104
0.413443 0.867543 -0.276465
0.791572 -0.001578 -0.611074
0.392354 0.902097 -0.179664
-0.367878 0.867358 0.335196
-0.546280 0.798709 0.252273
-0.788247 0.001009 0.615359
-0.909201 -0.000215 0.416358
-0.413823 -0.867908 0.274747
-0.459738 -0.863062 0.209199
0.372348 -0.866927 -0.331353
0.456814 -0.863150 -0.215158
0.404233 0.904347 0.136939
-0.953976 0.000455 -0.299881
-0.499574 -0.150631 -0.853074
-0.563649 -0.803027 -0.193514
-0.016058 -0.753570 -0.657171
0.412223 -0.904231 0.111524
0.700112 -0.707342 -0.097519
0.957175 -0.000140 0.289509
0.496031 0.866456 0.056632
0.997888 0.000913 0.064958
-0.498359 0.866796 -0.017405
-0.573598 0.802721 -0.163171
-0.996543 -0.000233 -0.083074
-0.494744 -0.866654 -0.064338
0.969762 -0.000524 -0.244053
0.584092 0.804126 -0.110533
-0.406141 0.905073 0.126064
-0.971512 0.000817 0.236987
-0.417918 -0.905357 0.075317
0.498575 -0.866777 0.011026
0.567855 -0.803672 -0.177911
0.814740 0.104254 -0.570378
-0.258302 0.603018 -0.754751
0.416344 0.883878 -0.213112
-0.976262 -0.104272 0.189843
-0.363478 -0.603073 -0.710061
-0.442496 -0.883891 0.151436
-0.467987 0.753784 0.461301
0.549296 0.832055 -0.077193
-0.258293 0.603051 -0.754728
-0.952203 0.150775 0.265661
-0.500417 -0.150733 -0.852562
-0.588781 -0.750002 0.301386
-0.020304 -0.566977 -0.823484
0.416337 -0.883885 -0.213097
0.435357 -0.707095 0.557208
0.814742 -0.104241 -0.570376
0.189866 0.104266 0.976258
-0.570404 -0.104273 -0.814719
-0.754766 0.602986 0.258334
-0.077203 0.832045 -0.549309
-0.190309 0.104308 -0.976167
0.468018 -0.753602 -0.461567
-0.435857 -0.707372 -0.556466
-0.461285 0.753801 -0.467975
-0.084115 0.917939 0.387702
0.128658 0.866869 -0.481648
-0.265679 0.150744 -0.952203
0.192291 0.000438 -0.981338
0.056006 -0.904950 -0.421816
-0.140584 -0.757733 0.637241
-0.212173 0.190370 0.958510
0.095749 0.822494 0.560656
-0.070435 0.864407 -0.497835
-0.226222 0.006135 -0.974056
-0.175982 -0.802421 -0.570220
0.057371 -0.945542 0.320405
0.164069 -0.185890 0.968776
0.566705 -0.001480 0.823919
0.313597 0.866193 0.389058
-0.269152 0.863802 -0.425915
-0.578695 0.003090 -0.815538
-0.310016 -0.865020 -0.394500
0.252617 -0.865408 0.432728
0.842404 -0.002151 0.538842
0.435243 0.866904 0.242982
-0.395423 0.866212 -0.305479
-0.830447 0.000522 -0.557098
-0.432993 -0.867038 -0.246501
-0.500391 -0.150781 -0.852569
0.403504 -0.866058 0.295175
0.700206 -0.707125 -0.098418
0.751594 -0.577380 -0.318965
-0.531461 -0.816481 0.225627
-0.604167 -0.408264 -0.684327
-0.072677 0.408264 -0.909967
0.531444 0.816518 -0.225537
-0.751585 0.577329 0.319079
0.072629 -0.408227 0.909986
0.604032 0.408227 0.684467
0.751585 -0.577328 -0.319080
-0.604167 -0.408264 -0.684327
-0.072676 0.408264 -0.909967
0.531461 0.816481 -0.225628
-0.751585 0.577329 0.319079
0.072677 -0.408264 0.909966
0.604169 0.408264 0.684325
0.751586 -0.577328 -0.319080
-0.531468 -0.816466 0.225665
-0.604223 -0.408279 -0.684269
-0.072695 0.408279 -0.909958
0.531462 0.816481 -0.225628
-0.751581 0.577307 0.319126
0.072677 -0.408264 0.909966
0.751585 -0.577329 -0.319079
-0.531461 -0.816481 0.225628
-0.604168 -0.408264 -0.684326
-0.072676 0.408264 -0.909966
0.531461 0.816481 -0.225627
-0.751585 0.577328 0.319079
0.072676 -0.408264 0.909967
0.604167 0.408264 0.684327
0.219617 0.001362 -0.975585
-0.075043 0.945151 0.317896
0.100203 0.801937 -0.588944
-0.227048 0.187995 0.955566
-0.852556 -0.150776 0.500415
-0.131381 -0.822347 0.553610
-0.213120 -0.883885 -0.416325
-0.823524 -0.566917 0.020333
0.137052 -0.866652 -0.479720
-0.358894 0.000560 -0.933378
-0.105347 0.867556 -0.486054
-0.157433 0.902102 -0.401779
-0.144923 -0.001586 -0.989442
0.031789 0.867354 0.496675
0.217720 0.798728 0.560920
0.139559 0.001027 0.990213
0.364809 -0.000224 0.931082
0.106830 -0.867913 0.485091
0.185389 -0.863071 0.469828
-0.037671 -0.866936 -0.496994
-0.179140 -0.863157 -0.472090
-0.385901 0.904352 -0.182283
-0.889643 -0.000137 -0.456656
0.588865 0.749722 -0.301920
0.525967 0.802717 0.281077
0.894555 0.000462 0.446959
0.951957 -0.150618 -0.266632
0.539878 -0.803025 0.252355
-0.373992 -0.904237 -0.206121
-0.396135 0.866471 -0.303819
0.370551 0.866807 0.333674
0.774556 -0.000241 0.632505
0.400575 -0.866660 0.297388
-0.366279 -0.866797 -0.338383
-0.762931 0.000925 -0.646479
-0.528040 -0.000535 -0.849220
-0.343346 0.804153 -0.485233
0.204581 0.905074 0.372809
0.534203 0.000815 0.845356
0.248295 -0.905358 0.344494
-0.284876 -0.803690 -0.522426
-0.814740 0.104254 0.570378
0.258302 0.603018 0.754751
-0.416344 0.883878 0.213112
0.976262 -0.104272 -0.189843
0.363478 -0.603073 0.710061
0.442496 -0.883891 -0.151436
-0.814742 -0.104241 0.570376
0.258293 0.603051 0.754728
-0.549296 0.832055 0.077193
-0.189866 0.104266 -0.976258
-0.214200 0.750002 -0.625792
0.467987 0.753784 -0.461301
0.952203 0.150775 -0.265661
0.500417 -0.150733 0.852562
0.588781 -0.750002 -0.301386
0.020304 -0.566977 0.823484
-0.416337 -0.883885 0.213097
-0.435357 -0.707095 -0.557208
0.570404 -0.104273 0.814719
0.754766 0.602986 -0.258334
0.077203 0.832045 0.549309
0.190309 0.104308 0.976167
-0.468018 -0.753602 0.461567
0.435857 -0.707372 0.556466
0.557205 0.707110 -0.435336
0.212173 0.190370 -0.958510
0.084115 0.917939 -0.387702
0.461285 0.753801 0.467975
-0.128658 0.866869 0.481648
0.265679 0.150744 0.952203
-0.192291 0.000438 0.981338
-0.056006 -0.904950 0.421816
0.140584 -0.757733 -0.637241
-0.095749 0.822494 -0.560656
0.070435 0.864407 0.497835
0.226222 0.006135 0.974056
0.175982 -0.802421 0.570220
-0.057371 -0.945542 -0.320405
-0.164069 -0.185890 -0.968776
-0.566705 -0.001480 -0.823919
-0.313597 0.866193 -0.389058
0.269152 0.863802 0.425915
0.578695 0.003090 0.815538
0.310016 -0.865020 0.394500
-0.252617 -0.865408 -0.432728
-0.842404 -0.002151 -0.538842
-0.435243 0.866904 -0.242982
0.395423 0.866212 0.305479
0.830447 0.000522 0.557098
0.432993 -0.867038 0.246501
0.500391 -0.150781 0.852569
-0.403504 -0.866058 -0.295175
0.016188 -0.753783 0.656924
-0.700206 -0.707125 0.098418
-0.219617 0.001362 0.975585
0.075043 0.945151 -0.317896
-0.100203 0.801937 0.588944
0.227048 0.187995 -0.955566
0.852556 -0.150776 -0.500415
0.131381 -0.822347 -0.553610
0.213120 -0.883885 0.416325
0.823524 -0.566917 -0.020333
-0.137052 -0.866652 0.479720
0.105347 0.867556 0.486054
0.157433 0.902102 0.401779
0.144923 -0.001586 0.989442
-0.031789 0.867354 -0.496675
-0.217720 0.798728 -0.560920
-0.139559 0.001027 -0.990213
-0.364809 -0.000224 -0.931082
-0.106830 -0.867913 -0.485091
-0.185389 -0.863071 -0.469828
0.037671 -0.866936 0.496994
0.179140 -0.863157 0.472090
0.385901 0.904352 0.182283
0.889643 -0.000137 0.456656
-0.588865 0.749722 0.301920
-0.525967 0.802717 -0.281077
-0.894555 0.000462 -0.446959
-0.951957 -0.150618 0.266632
-0.539878 -0.803025 -0.252355
0.373992 -0.904237 0.206121
0.396135 0.866471 0.303819
-0.370551 0.866807 -0.333674
-0.774556 -0.000241 -0.632505
-0.400575 -0.866660 -0.297388
0.762931 0.000925 0.646479
0.343346 0.804153 0.485233
-0.204581 0.905074 -0.372809
-0.534203 0.000815 -0.845356
-0.248295 -0.905358 -0.344494
-0.588737 0.750252 0.300848
0.319065 -0.577370 0.751559
0.684378 -0.408234 -0.604129
0.909975 0.408234 -0.072733
0.225609 0.816511 0.531423
-0.318980 0.577320 -0.751634
-0.751581 -0.577306 0.319130
-0.072696 -0.408280 -0.909958
0.531461 -0.816481 -0.225627
0.214200 0.750002 0.625792
-0.557205 0.707110 0.435336
0.072678 -0.408265 0.909966
0.604171 0.408265 0.684323
-0.751581 -0.577307 0.319126
-0.072696 -0.408279 -0.909958
0.531468 -0.816466 -0.225665
-0.531461 0.816481 0.225628
0.072676 0.408264 0.909967
0.751585 0.577329 -0.319079
-0.751585 -0.577329 0.319079
-0.072676 -0.408264 -0.909967
0.531461 -0.816481 -0.225628
-0.531468 0.816466 0.225665
0.072696 0.408279 0.909958
0.751581 0.577307 -0.319126
-0.016188 -0.753783 -0.656924
0.751585 -0.577327 -0.319082
-0.072676 0.408264 -0.909966
0.531461 0.816480 -0.225630
0.751586 -0.577330 -0.319075
-0.604223 -0.408279 -0.684268
0.072675 -0.408262 0.909967
0.604163 0.408262 0.684331
0.531461 0.816482 -0.225624
0.751581 -0.577306 -0.319130
-0.531461 -0.816481 0.225627
-0.604167 -0.408264 -0.684326
-0.072676 0.408264 -0.909966
0.531469 0.816465 -0.225667
-0.751586 0.577328 0.319079
0.072696 -0.408280 0.909958
0.604227 0.408280 0.684264
0.751585 -0.577330 -0.319075
-0.531461 -0.816481 0.225627
0.531460 0.816482 -0.225624
-0.751585 0.577329 0.319079
-0.751594 -0.577380 0.318965
0.531461 -0.816481 -0.225627
0.604167 -0.408264 0.684327
0.072677 0.408264 0.909967
-0.531444 0.816518 0.225537
0.751585 0.577329 -0.319079
-0.072629 -0.408227 -0.909986
-0.604032 0.408227 -0.684467
-0.751585 -0.577328 0.319080
0.604167 -0.408264 0.684327
-0.072677 -0.408264 -0.909966
-0.604169 0.408264 -0.684325
0.604223 -0.408279 0.684268
-0.604223 0.408279 -0.684268
0.604168 -0.408264 0.684326
0.072676 0.408264 0.909966
-0.531461 0.816481 0.225627
0.751585 0.577328 -0.319079
-0.604167 0.408264 -0.684327
0.319065 -0.577370 0.751559
-0.225559 -0.816475 -0.531499
0.684378 -0.408234 -0.604129
-0.684398 0.408270 0.604083
-0.909975 -0.408270 0.072542
-0.318980 0.577320 -0.751633
0.909975 0.408234 -0.072733
0.225609 0.816511 0.531423
0.319070 -0.577374 0.751555
-0.225579 -0.816490 -0.531467
0.684378 -0.408232 -0.604131
-0.684389 0.408255 0.604102
-0.909975 -0.408255 0.072622
-0.319015 0.577342 -0.751602
0.909975 0.408232 -0.072745
0.225612 0.816513 0.531419
-0.225559 -0.816475 -0.531499
-0.684398 0.408270 0.604082
-0.909975 -0.408270 0.072541
0.319070 -0.577374 0.751554
0.684377 -0.408232 -0.604131
0.909975 0.408232 -0.072745
0.225612 0.816513 0.531419
-0.751585 -0.577327 0.319082
0.604168 -0.408264 0.684326
0.072676 0.408264 0.909966
-0.531461 0.816480 0.225630
-0.072678 -0.408265 -0.909966
-0.604171 0.408265 -0.684323
-0.751586 -0.577330 0.319075
0.604223 -0.408279 0.684268
0.072695 0.408279 0.909958
-0.531461 0.816482 0.225624
-0.072675 -0.408262 -0.909967
-0.604163 0.408262 -0.684331
0.604167 -0.408264 0.684326
0.072676 0.408264 0.909966
-0.531469 0.816465 0.225667
0.751586 0.577328 -0.319079
-0.604227 0.408280 -0.684264
-0.751585 -0.577330 0.319075
0.531461 -0.816481 -0.225627
-0.531460 0.816482 0.225624
0.751585 0.577329 -0.319079
0.319065 -0.577371 0.751559
-0.225559 -0.816475 -0.531499
0.684378 -0.408234 -0.604129
-0.684398 0.408270 0.604082
-0.909975 -0.408270 0.072541
-0.318980 0.577320 -0.751634
0.909975 0.408234 -0.072734
0.225609 0.816511 0.531423
0.319070 -0.577374 0.751554
-0.225610 -0.816512 -0.531421
0.684377 -0.408232 -0.604132
-0.684378 0.408233 0.604130
-0.909975 -0.408233 0.072739
-0.319067 0.577372 -0.751557
0.909975 0.408232 -0.072746
0.225612 0.816513 0.531418
0.319065 -0.577371 0.751559
-0.225610 -0.816512 -0.531421
-0.684378 0.408233 0.604130
-0.909975 -0.408233 0.072740
-0.319067 0.577372 -0.751557
0.225609 0.816511 0.531423
-0.684378 0.408233 0.604130
0.214500 0.750286 0.625349
-0.214500 0.750286 -0.625349
1104
1 0 1 2 0 1 2 0
1 3 4 1 3 4 1 0
1 3 0 5 3 0 5 0
1 6 5 2 6 5 2 0
1 3 6 7 3 6 7 0
1 8 9 10 8 9 10 0
1 11 12 10 11 12 10 0
1 13 14 10 13 14 10 0
1 15 8 14 15 8 14 0
1 15 13 12 15 13 12 0
1 15 11 9 15 11 9 0
1 4 7 2 4 7 2 0
1 16 17 18 15 13 12 0
1 19 20 21 16 17 18 0
1 22 23 20 19 20 17 0
1 22 19 24 19 16 21 0
1 25 26 27 22 23 24 0
1 28 29 30 25 26 27 0
1 26 31 32 23 28 29 0
1 28 27 32 25 24 29 0
1 31 33 34 28 30 31 0
1 35 36 32 32 33 29 0
1 37 35 34 34 32 31 0
1 22 38 39 19 6 7 0
1 23 39 21 20 7 18 0
1 38 24 21 6 21 18 0
1 40 30 29 35 27 26 0
1 30 40 41 27 35 36 0
1 42 34 33 37 31 30 0
1 43 28 36 38 25 33 0
1 36 35 44 33 32 39 0
1 45 44 35 40 39 32 0
1 46 45 37 41 40 34 0
1 47 46 48 42 41 43 0
1 49 50 47 44 45 42 0
1 51 49 43 46 44 38 0
1 52 51 53 47 46 48 0
1 44 45 54 39 40 49 0
1 54 45 46 49 40 41 0
1 46 47 50 41 42 45 0
1 55 56 57 50 51 52 0
1 26 25 58 23 22 53 0
1 56 59 60 51 54 55 0
1 31 26 57 28 23 52 0
1 59 61 62 54 56 57 0
1 33 31 60 30 28 55 0
1 61 63 64 56 58 59 0
1 65 33 62 60 30 57 0
1 63 66 67 58 61 62 0
1 41 65 64 36 60 59 0
1 41 40 42 36 35 37 0
1 25 41 67 22 36 62 0
1 48 37 42 43 34 37 0
1 68 69 59 63 64 54 0
1 70 61 59 65 56 54 0
1 29 28 43 26 25 38 0
1 71 66 63 66 61 58 0
1 71 72 55 66 67 50 0
1 73 74 75 68 69 70 0
1 76 75 74 71 70 69 0
1 77 78 74 72 73 69 0
1 66 55 58 61 50 53 0
1 79 80 78 74 75 73 0
1 81 78 80 76 73 75 0
1 82 83 80 77 78 75 0
1 84 80 83 79 75 78 0
1 85 86 83 80 81 78 0
1 87 83 86 82 78 81 0
1 88 75 86 83 70 81 0
1 89 86 75 84 81 70 0
1 90 76 91 85 71 86 0
1 92 91 81 87 86 76 0
1 93 81 84 88 76 79 0
1 94 84 87 89 79 82 0
1 95 87 89 90 82 84 0
1 96 89 76 91 84 71 0
1 97 98 90 92 93 85 0
1 99 97 92 94 92 87 0
1 99 93 94 94 88 89 0
1 100 94 95 95 89 90 0
1 101 95 96 96 90 91 0
1 98 102 96 93 97 91 0
1 103 98 97 98 93 92 0
1 104 97 99 99 92 94 0
1 105 99 100 100 94 95 0
1 106 100 101 101 95 96 0
1 107 101 102 102 96 97 0
1 108 102 98 103 97 93 0
1 50 52 54 45 47 49 0
1 50 51 52 45 46 47 0
1 50 49 51 45 44 46 0
1 72 70 69 67 65 64 0
1 72 109 70 67 104 65 0
1 72 71 109 67 66 104 0
1 110 111 112 105 106 107 0
1 110 113 111 105 108 106 0
1 110 114 113 105 109 108 0
1 114 110 115 109 105 110 0
1 113 114 116 108 109 111 0
1 113 117 118 108 112 113 0
1 111 118 119 106 113 114 0
1 112 119 120 107 114 115 0
1 110 121 120 105 116 115 0
1 115 118 117 110 113 112 0
1 72 68 56 67 63 51 0
1 115 120 119 110 115 114 0
1 103 106 107 98 101 102 0
1 103 105 106 98 100 101 0
1 109 63 61 104 58 56 0
1 17 122 123 13 14 10 0
1 16 124 122 15 8 14 0
1 88 85 82 83 80 77 0
1 125 126 127 117 118 119 0
1 128 127 126 120 119 118 0
1 91 74 78 86 69 73 0
1 129 130 131 121 122 123 0
1 132 133 134 124 125 126 0
1 135 136 132 127 128 124 0
1 137 136 138 129 128 130 0
1 139 140 137 131 132 129 0
1 141 142 139 133 134 131 0
1 141 134 133 133 126 125 0
1 143 132 134 135 124 126 0
1 135 137 138 127 129 130 0
1 144 145 146 136 137 138 0
1 147 148 149 139 140 141 0
1 131 150 129 123 142 121 0
1 115 119 118 110 114 113 0
1 151 152 130 143 144 122 0
1 153 154 151 145 146 143 0
1 155 156 153 147 148 145 0
1 129 157 155 121 149 147 0
1 150 158 159 142 150 151 0
1 152 158 160 144 150 152 0
1 154 161 152 146 153 144 0
1 156 162 154 148 154 146 0
1 156 163 164 148 155 156 0
1 157 159 163 149 151 155 0
1 158 165 159 150 157 151 0
1 161 166 158 153 158 150 0
1 162 167 161 154 159 153 0
1 164 168 162 156 160 154 0
1 163 169 164 155 161 156 0
1 159 170 163 151 162 155 0
1 166 171 165 158 163 157 0
1 172 173 174 164 165 166 0
1 167 173 166 159 165 158 0
1 174 175 176 166 167 168 0
1 168 175 167 160 167 159 0
1 176 177 178 168 169 170 0
1 169 177 168 161 169 160 0
1 178 179 180 170 171 172 0
1 170 179 169 162 171 161 0
1 180 181 182 172 173 174 0
1 165 181 170 157 173 162 0
1 182 171 172 174 163 164 0
1 183 184 185 175 176 177 0
1 183 186 187 175 178 179 0
1 187 188 184 179 180 176 0
1 185 188 189 177 180 181 0
1 183 189 190 175 181 182 0
1 190 188 186 182 180 178 0
1 191 192 193 183 184 185 0
1 191 194 195 183 186 187 0
1 195 196 192 187 188 184 0
1 193 196 197 185 188 189 0
1 191 197 198 183 189 190 0
1 198 196 194 190 188 186 0
1 199 200 201 191 192 193 0
1 199 202 203 191 194 195 0
1 203 204 200 195 196 192 0
1 201 204 205 193 196 197 0
1 199 205 206 191 197 198 0
1 206 204 202 198 196 194 0
1 207 208 209 199 192 200 0
1 207 210 211 199 194 195 0
1 211 212 208 195 196 192 0
1 209 212 213 200 196 201 0
1 207 213 214 199 201 202 0
1 214 212 210 202 196 194 0
1 215 216 217 203 204 205 0
1 215 218 219 203 206 207 0
1 219 220 221 207 208 209 0
1 221 222 145 209 210 137 0
1 146 222 223 138 210 211 0
1 144 223 216 136 211 204 0
1 224 225 226 212 213 214 0
1 217 226 225 205 214 213 0
1 227 228 225 215 216 213 0
1 218 225 228 206 213 216 0
1 229 230 228 217 218 216 0
1 220 228 230 208 216 218 0
1 231 232 230 219 220 218 0
1 222 230 232 210 218 220 0
1 233 234 232 221 222 220 0
1 223 232 234 211 220 222 0
1 235 226 234 223 214 222 0
1 216 234 226 204 222 214 0
1 236 147 149 224 139 141 0
1 148 236 149 140 224 141 0
1 237 148 238 225 140 226 0
1 238 239 237 226 227 225 0
1 240 241 239 228 229 227 0
1 242 243 241 230 231 229 0
1 243 244 245 231 232 233 0
1 236 246 244 224 234 232 0
1 247 248 246 235 236 234 0
1 249 237 239 237 225 227 0
1 241 249 239 229 237 227 0
1 245 241 243 233 229 231 0
1 250 227 224 238 215 212 0
1 251 245 244 239 233 232 0
1 244 252 251 232 240 239 0
1 103 104 105 98 99 100 0
1 252 231 229 240 219 217 0
1 246 253 252 234 241 240 0
1 248 254 253 236 242 241 0
1 233 253 254 221 241 242 0
1 255 254 249 243 242 237 0
1 235 254 256 223 242 244 0
1 255 250 256 243 238 244 0
1 88 82 79 83 77 74 0
1 257 258 259 245 246 247 0
1 260 261 262 248 249 250 0
1 88 79 77 83 74 72 0
1 172 180 182 164 172 174 0
1 263 264 265 251 252 253 0
1 266 265 267 254 253 255 0
1 268 267 269 256 255 257 0
1 268 270 271 256 258 259 0
1 271 272 273 259 260 261 0
1 273 268 271 261 256 259 0
1 274 275 276 262 263 264 0
1 277 278 279 265 266 267 0
1 130 160 131 122 152 123 0
1 280 281 282 268 269 270 0
1 283 282 284 271 270 272 0
1 261 284 285 249 272 273 0
1 262 285 286 250 273 274 0
1 260 286 287 248 274 275 0
1 287 288 281 275 276 269 0
1 282 288 289 270 276 277 0
1 284 289 290 272 277 278 0
1 285 290 291 273 278 279 0
1 285 292 286 273 280 274 0
1 286 293 287 274 281 275 0
1 288 294 295 276 282 283 0
1 289 295 296 277 283 284 0
1 290 296 297 278 284 285 0
1 291 297 298 279 285 286 0
1 292 298 299 280 286 287 0
1 293 299 294 281 287 282 0
1 295 300 301 283 288 289 0
1 257 301 300 245 289 288 0
1 296 301 302 284 289 290 0
1 259 302 301 247 290 289 0
1 297 302 303 285 290 291 0
1 258 303 302 246 291 290 0
1 298 303 304 286 291 292 0
1 305 304 303 293 292 291 0
1 299 304 306 287 292 294 0
1 227 252 229 215 240 217 0
1 294 306 300 282 294 288 0
1 307 300 306 295 288 294 0
1 308 309 310 296 297 298 0
1 308 311 312 296 299 300 0
1 310 313 311 298 301 299 0
1 314 313 309 302 301 297 0
1 308 315 314 296 303 302 0
1 312 313 315 300 301 303 0
1 316 317 318 304 297 305 0
1 316 319 320 304 306 307 0
1 318 321 319 305 308 306 0
1 322 321 317 309 308 297 0
1 316 323 322 304 310 309 0
1 320 321 323 307 308 310 0
1 324 325 326 311 312 313 0
1 324 327 328 311 314 315 0
1 326 329 327 313 316 314 0
1 330 329 325 317 316 312 0
1 324 331 330 311 310 317 0
1 328 329 331 315 316 310 0
1 332 333 334 318 319 320 0
1 332 335 336 318 321 322 0
1 334 337 335 320 323 321 0
1 338 337 333 324 323 319 0
1 332 339 338 318 325 324 0
1 336 337 339 322 323 325 0
1 276 340 274 264 326 262 0
1 276 341 342 264 327 328 0
1 275 343 341 263 329 327 0
1 344 345 343 330 331 329 0
1 346 345 347 332 331 333 0
1 274 348 346 262 334 332 0
1 349 350 351 335 336 337 0
1 342 352 340 328 338 326 0
1 351 353 354 337 339 340 0
1 341 350 342 327 336 328 0
1 354 355 356 340 341 342 0
1 343 353 341 329 339 327 0
1 356 357 358 342 343 344 0
1 345 355 343 331 341 329 0
1 358 359 360 344 345 346 0
1 348 357 345 334 343 331 0
1 360 352 349 346 338 335 0
1 340 359 348 326 345 334 0
1 361 277 362 347 265 348 0
1 363 361 364 349 347 350 0
1 365 363 364 351 349 350 0
1 366 367 278 352 353 266 0
1 278 368 279 266 354 267 0
1 279 362 277 267 348 265 0
1 362 369 361 348 355 347 0
1 361 370 364 347 356 350 0
1 364 371 365 350 357 351 0
1 372 365 371 358 351 357 0
1 368 372 373 354 358 359 0
1 374 368 373 360 354 359 0
1 375 351 376 361 337 362 0
1 376 374 375 362 360 361 0
1 369 377 370 355 363 356 0
1 351 377 376 337 363 362 0
1 377 356 378 363 342 364 0
1 370 378 371 356 364 357 0
1 371 379 372 357 365 358 0
1 358 378 356 344 364 342 0
1 373 379 380 359 365 366 0
1 360 379 358 346 365 344 0
1 373 375 374 359 361 360 0
1 349 380 360 335 366 346 0
1 381 382 383 367 368 369 0
1 384 385 386 370 371 372 0
1 387 388 389 373 374 375 0
1 390 389 391 376 375 377 0
1 392 389 388 378 375 374 0
1 393 388 394 379 374 380 0
1 395 394 396 381 380 382 0
1 395 397 398 381 383 384 0
1 398 387 390 384 373 376 0
1 390 395 398 376 381 384 0
1 399 400 401 385 386 387 0
1 402 403 404 388 389 390 0
1 405 406 407 391 392 393 0
1 408 407 409 394 393 395 0
1 410 409 411 396 395 397 0
1 385 411 412 371 397 398 0
1 386 412 413 372 398 399 0
1 384 413 406 370 399 392 0
1 406 414 407 392 400 393 0
1 409 414 415 395 400 401 0
1 411 415 416 397 401 402 0
1 412 416 417 398 402 403 0
1 412 418 413 398 404 399 0
1 413 419 406 399 405 392 0
1 414 420 421 400 406 407 0
1 415 421 422 401 407 408 0
1 416 422 423 402 408 409 0
1 417 423 424 403 409 410 0
1 418 424 425 404 410 411 0
1 419 425 420 405 411 406 0
1 421 426 427 407 412 413 0
1 381 427 426 367 413 412 0
1 422 427 428 408 413 414 0
1 383 428 427 369 414 413 0
1 423 428 429 409 414 415 0
1 382 429 428 368 415 414 0
1 424 429 430 410 415 416 0
1 431 430 429 417 416 415 0
1 425 430 432 411 416 418 0
1 433 432 430 419 418 416 0
1 420 432 426 406 418 412 0
1 434 426 432 420 412 418 0
1 401 435 399 387 421 385 0
1 401 436 437 387 422 423 0
1 400 438 436 386 424 422 0
1 439 440 438 425 426 424 0
1 441 440 442 427 426 428 0
1 399 443 441 385 429 427 0
1 125 444 445 117 430 431 0
1 437 446 435 423 432 421 0
1 445 447 448 431 433 434 0
1 436 444 437 422 430 423 0
1 448 449 450 434 435 436 0
1 438 447 436 424 433 422 0
1 450 451 452 436 437 438 0
1 440 449 438 426 435 424 0
1 452 453 454 438 439 440 0
1 443 451 440 429 437 426 0
1 454 446 125 440 432 117 0
1 435 453 443 421 439 429 0
1 455 402 456 441 388 442 0
1 457 455 458 443 441 444 0
1 459 457 458 445 443 444 0
1 460 461 403 446 447 389 0
1 403 462 404 389 448 390 0
1 404 456 402 390 442 388 0
1 456 463 455 442 449 441 0
1 455 464 458 441 450 444 0
1 458 465 459 444 451 445 0
1 466 459 465 452 445 451 0
1 462 466 128 448 452 120 0
1 467 462 128 453 448 120 0
1 126 445 468 118 431 454 0
1 468 467 126 454 453 118 0
1 463 469 464 449 455 450 0
1 445 469 468 431 455 454 0
1 469 450 470 455 436 456 0
1 464 470 465 450 456 451 0
1 465 471 466 451 457 452 0
1 452 470 450 438 456 436 0
1 128 471 127 120 457 119 0
1 454 471 452 440 457 438 0
1 128 126 467 120 118 453 0
1 125 127 454 117 119 440 0
1 88 77 73 83 72 68 0
1 103 107 108 98 102 103 0
1 115 117 116 110 112 111 0
1 110 120 115 105 115 110 0
1 112 120 121 107 115 116 0
1 111 119 112 106 114 107 0
1 113 118 111 108 113 106 0
1 113 116 117 108 111 112 0
1 114 115 116 109 110 111 0
1 110 112 121 105 107 116 0
1 72 69 68 67 64 63 0
1 50 54 472 45 49 458 0
1 108 98 103 103 93 98 0
1 107 102 108 102 97 103 0
1 106 101 107 101 96 102 0
1 105 100 106 100 95 101 0
1 104 99 105 99 94 100 0
1 103 97 104 98 92 99 0
1 224 256 250 212 244 238 0
1 101 96 102 96 91 97 0
1 100 95 101 95 90 96 0
1 99 94 100 94 89 95 0
1 99 92 93 94 87 88 0
1 97 90 92 92 85 87 0
1 96 76 90 91 71 85 0
1 95 89 96 90 84 91 0
1 94 87 95 89 82 90 0
1 93 84 94 88 79 89 0
1 92 81 93 87 76 88 0
1 473 474 475 459 460 461 0
1 476 475 477 462 461 463 0
1 88 86 85 83 81 80 0
1 87 86 89 82 81 84 0
1 85 83 82 80 78 77 0
1 272 265 264 260 253 252 0
1 478 479 480 464 465 466 0
1 81 80 84 76 75 79 0
1 79 78 77 74 73 72 0
1 91 78 81 86 73 76 0
1 124 481 123 8 9 10 0
1 273 264 482 261 252 467 0
1 73 75 88 68 70 83 0
1 483 287 281 468 275 269 0
1 484 485 486 469 470 323 0
1 109 61 70 104 56 65 0
1 70 59 69 65 54 64 0
1 68 59 56 63 54 51 0
1 72 56 55 67 51 50 0
1 25 67 58 22 62 53 0
1 66 58 67 61 53 62 0
1 487 488 489 471 472 473 0
1 490 491 492 474 475 476 0
1 65 62 64 60 57 59 0
1 61 64 62 56 59 57 0
1 33 60 62 30 55 57 0
1 59 62 60 54 57 55 0
1 31 57 60 28 52 55 0
1 56 60 57 51 55 52 0
1 26 58 57 23 53 52 0
1 493 494 495 477 478 479 0
1 496 497 498 480 481 482 0
1 499 306 304 483 294 292 0
1 44 54 52 39 49 47 0
1 52 53 44 47 48 39 0
1 51 43 53 46 38 48 0
1 49 47 43 44 42 38 0
1 47 48 29 42 43 26 0
1 46 37 48 41 34 43 0
1 45 35 37 40 32 34 0
1 36 44 53 33 39 48 0
1 43 36 53 38 33 48 0
1 29 43 47 26 38 42 0
1 30 41 25 27 36 22 0
1 40 29 48 35 26 43 0
1 48 42 40 43 37 35 0
1 41 42 65 36 37 60 0
1 42 33 65 37 30 60 0
1 37 34 42 34 31 37 0
1 35 32 34 32 29 31 0
1 31 34 32 28 31 29 0
1 28 32 36 25 29 33 0
1 26 32 27 23 29 24 0
1 28 30 27 25 27 24 0
1 25 27 30 22 24 27 0
1 22 24 38 19 21 6 0
1 22 20 19 19 17 16 0
1 19 21 24 16 18 21 0
1 38 21 39 6 18 7 0
1 22 39 23 19 7 20 0
1 23 21 20 20 18 17 0
1 15 12 11 15 12 11 0
1 15 14 13 15 14 13 0
1 13 10 12 13 10 12 0
1 11 10 9 11 10 9 0
1 15 9 8 15 9 8 0
1 8 10 14 8 10 14 0
1 3 5 6 3 5 6 0
1 3 1 0 3 1 0 0
1 0 2 5 0 2 5 0
1 6 2 7 6 2 7 0
1 3 7 4 3 7 4 0
1 4 2 1 4 2 1 0
1 16 18 500 15 12 11 0
1 16 122 17 15 14 13 0
1 17 123 18 13 10 12 0
1 500 123 481 11 10 9 0
1 16 481 124 15 9 8 0
1 124 123 122 8 10 14 0
1 501 502 503 484 319 320 0
1 501 504 505 484 485 486 0
1 503 486 504 320 323 485 0
1 484 486 502 469 323 319 0
1 501 485 484 484 470 469 0
1 505 486 485 486 323 470 0
1 506 507 508 487 312 488 0
1 500 18 123 11 12 10 0
1 508 509 510 488 316 314 0
1 511 509 507 489 316 312 0
1 506 512 511 487 490 489 0
1 513 509 512 491 316 490 0
1 514 515 516 492 493 494 0
1 514 517 518 492 495 496 0
1 516 519 517 494 497 495 0
1 520 519 515 498 497 493 0
1 514 521 520 492 499 498 0
1 518 519 521 496 497 499 0
1 522 523 524 500 501 494 0
1 522 525 526 500 495 502 0
1 524 527 525 494 503 495 0
1 528 527 523 489 503 501 0
1 522 529 528 500 490 489 0
1 526 527 529 502 503 490 0
1 530 531 532 504 505 506 0
1 530 533 534 504 507 508 0
1 532 535 533 506 509 507 0
1 536 535 531 510 509 505 0
1 530 537 536 504 511 510 0
1 534 535 537 508 509 511 0
1 538 539 540 512 505 513 0
1 538 491 490 512 475 474 0
1 540 492 491 513 476 475 0
1 541 492 539 514 476 505 0
1 538 542 541 512 515 514 0
1 490 492 542 474 476 515 0
1 487 489 543 471 473 516 0
1 487 497 496 471 481 480 0
1 543 498 497 516 482 481 0
1 488 498 489 472 482 473 0
1 487 544 488 471 517 472 0
1 496 498 544 480 482 517 0
1 493 495 545 477 479 518 0
1 493 546 547 477 519 520 0
1 545 548 546 518 521 519 0
1 494 548 495 478 521 479 0
1 493 549 494 477 522 478 0
1 547 548 549 520 521 522 0
1 550 551 552 523 524 525 0
1 550 553 554 523 526 527 0
1 554 555 551 527 528 524 0
1 552 555 556 525 528 529 0
1 550 556 557 523 529 530 0
1 557 555 553 530 528 526 0
1 558 559 560 531 532 533 0
1 558 561 562 531 534 535 0
1 562 563 559 535 536 532 0
1 560 563 564 533 536 537 0
1 558 564 565 531 537 538 0
1 565 563 561 538 536 534 0
1 473 566 474 459 539 460 0
1 473 567 568 459 540 541 0
1 568 477 566 541 463 539 0
1 474 477 475 460 463 461 0
1 473 475 476 459 461 462 0
1 476 477 567 462 463 540 0
1 569 570 571 542 539 543 0
1 569 572 573 542 540 541 0
1 573 574 570 541 463 539 0
1 571 574 575 543 463 544 0
1 569 575 576 542 544 545 0
1 576 574 572 545 463 540 0
1 577 578 579 546 479 547 0
1 577 580 581 546 548 549 0
1 579 582 580 547 521 548 0
1 583 582 578 550 521 479 0
1 577 584 583 546 551 550 0
1 581 582 584 549 521 551 0
1 585 586 587 552 473 553 0
1 585 588 589 552 554 555 0
1 587 590 588 553 482 554 0
1 591 590 586 556 482 473 0
1 585 592 591 552 557 556 0
1 589 590 592 555 482 557 0
1 478 480 593 464 466 558 0
1 478 594 595 464 559 560 0
1 593 596 594 558 561 559 0
1 479 596 480 465 561 466 0
1 478 597 479 464 562 465 0
1 595 596 597 560 561 562 0
1 598 599 600 563 564 558 0
1 598 601 602 563 559 565 0
1 600 603 601 558 566 559 0
1 604 603 599 556 566 564 0
1 598 605 604 563 557 556 0
1 602 603 605 565 566 557 0
1 606 607 608 567 568 569 0
1 606 609 610 567 570 571 0
1 610 611 607 571 572 568 0
1 608 611 612 569 572 573 0
1 606 612 613 567 573 574 0
1 613 611 609 574 572 570 0
1 614 615 616 575 576 577 0
1 614 617 618 575 578 579 0
1 618 619 615 579 580 576 0
1 616 619 620 577 580 581 0
1 614 620 621 575 581 582 0
1 621 619 617 582 580 578 0
1 622 623 624 583 584 569 0
1 622 625 626 583 585 586 0
1 626 627 623 586 587 584 0
1 624 627 628 569 587 573 0
1 622 628 629 583 573 588 0
1 629 627 625 588 587 585 0
1 630 631 632 575 576 577 0
1 630 633 634 575 589 579 0
1 634 635 631 579 580 576 0
1 632 635 636 577 580 581 0
1 630 636 637 575 581 582 0
1 637 635 633 582 580 589 0
1 454 127 471 440 119 457 0
1 128 466 471 120 452 457 0
1 452 471 470 438 457 456 0
1 465 470 471 451 456 457 0
1 464 469 470 450 455 456 0
1 469 448 450 455 434 436 0
1 445 448 469 431 434 455 0
1 463 468 469 449 454 455 0
1 468 463 467 454 449 453 0
1 126 125 445 118 117 431 0
1 467 456 462 453 442 448 0
1 462 461 466 448 447 452 0
1 466 461 459 452 447 445 0
1 458 464 465 444 450 451 0
1 455 463 464 441 449 450 0
1 456 467 463 442 453 449 0
1 404 462 456 390 448 442 0
1 403 461 462 389 447 448 0
1 460 459 461 446 445 447 0
1 459 460 457 445 446 443 0
1 457 638 455 443 590 441 0
1 455 638 402 441 590 388 0
1 435 446 453 421 432 439 0
1 454 453 446 440 439 432 0
1 443 453 451 429 439 437 0
1 452 451 453 438 437 439 0
1 440 451 449 426 437 435 0
1 450 449 451 436 435 437 0
1 438 449 447 424 435 433 0
1 448 447 449 434 433 435 0
1 436 447 444 422 433 430 0
1 445 444 447 431 430 433 0
1 437 444 446 423 430 432 0
1 125 446 444 117 432 430 0
1 399 435 443 385 421 429 0
1 441 443 440 427 429 426 0
1 439 442 440 425 428 426 0
1 400 439 438 386 425 424 0
1 401 400 436 387 386 422 0
1 401 437 435 387 423 421 0
1 434 381 426 420 367 412 0
1 420 425 432 406 411 418 0
1 433 434 432 419 420 418 0
1 425 424 430 411 410 416 0
1 431 433 430 417 419 416 0
1 424 423 429 410 409 415 0
1 382 431 429 368 417 415 0
1 423 422 428 409 408 414 0
1 383 382 428 369 368 414 0
1 422 421 427 408 407 413 0
1 381 383 427 367 369 413 0
1 421 420 426 407 406 412 0
1 419 418 425 405 404 411 0
1 418 417 424 404 403 410 0
1 417 416 423 403 402 409 0
1 416 415 422 402 401 408 0
1 415 414 421 401 400 407 0
1 414 419 420 400 405 406 0
1 413 418 419 399 404 405 0
1 412 417 418 398 403 404 0
1 412 411 416 398 397 402 0
1 411 409 415 397 395 401 0
1 409 407 414 395 393 400 0
1 406 419 414 392 405 400 0
1 384 386 413 370 372 399 0
1 386 385 412 372 371 398 0
1 479 597 596 465 562 561 0
1 478 595 597 464 560 562 0
1 595 594 596 560 559 561 0
1 598 604 599 563 556 564 0
1 598 600 601 563 558 559 0
1 600 599 603 558 564 566 0
1 604 605 603 556 557 566 0
1 598 602 605 563 565 557 0
1 602 601 603 565 559 566 0
1 606 610 607 567 571 568 0
1 606 613 609 567 574 570 0
1 610 609 611 571 570 572 0
1 608 607 611 569 568 572 0
1 606 608 612 567 569 573 0
1 613 612 611 574 573 572 0
1 614 618 615 575 579 576 0
1 614 621 617 575 582 578 0
1 618 617 619 579 578 580 0
1 616 615 619 577 576 580 0
1 614 616 620 575 577 581 0
1 621 620 619 582 581 580 0
1 622 626 623 583 586 584 0
1 622 629 625 583 588 585 0
1 626 625 627 586 585 587 0
1 624 623 627 569 584 587 0
1 622 624 628 583 569 573 0
1 629 628 627 588 573 587 0
1 630 634 631 575 579 576 0
1 630 637 633 575 582 589 0
1 634 633 635 579 589 580 0
1 632 631 635 577 576 580 0
1 630 632 636 575 577 581 0
1 385 410 411 371 396 397 0
1 410 408 409 396 394 395 0
1 408 405 407 394 391 393 0
1 405 384 406 391 370 392 0
1 402 460 403 388 446 389 0
1 402 457 460 388 443 446 0
1 402 638 457 388 590 443 0
1 399 439 400 385 425 386 0
1 399 442 439 385 428 425 0
1 399 441 442 385 427 428 0
1 390 393 395 376 379 381 0
1 390 392 393 376 378 379 0
1 390 391 392 376 377 378 0
1 398 397 387 384 383 373 0
1 395 396 397 381 382 383 0
1 395 393 394 381 379 380 0
1 393 392 388 379 378 374 0
1 392 391 389 378 377 375 0
1 390 387 389 376 373 375 0
1 387 394 388 373 380 374 0
1 387 396 394 373 382 380 0
1 387 397 396 373 383 382 0
1 384 410 385 370 396 371 0
1 384 408 410 370 394 396 0
1 384 405 408 370 391 394 0
1 381 431 382 367 417 368 0
1 381 433 431 367 419 417 0
1 381 434 433 367 420 419 0
1 349 375 380 335 361 366 0
1 373 380 375 359 366 361 0
1 360 380 379 346 366 365 0
1 373 372 379 359 358 365 0
1 358 379 378 344 365 364 0
1 371 378 379 357 364 365 0
1 370 377 378 356 363 364 0
1 377 354 356 363 340 342 0
1 351 354 377 337 340 363 0
1 369 376 377 355 362 363 0
1 376 369 374 362 355 360 0
1 375 349 351 361 335 337 0
1 374 362 368 360 348 354 0
1 368 367 372 354 353 358 0
1 372 367 365 358 353 351 0
1 364 370 371 350 356 357 0
1 361 369 370 347 355 356 0
1 362 374 369 348 360 355 0
1 279 368 362 267 354 348 0
1 278 367 368 266 353 354 0
1 366 365 367 352 351 353 0
1 365 366 363 351 352 349 0
1 363 639 361 349 591 347 0
1 361 639 277 347 591 265 0
1 637 636 635 582 581 580 0
1 340 352 359 326 338 345 0
1 360 359 352 346 345 338 0
1 348 359 357 334 345 343 0
1 358 357 359 344 343 345 0
1 345 357 355 331 343 341 0
1 356 355 357 342 341 343 0
1 343 355 353 329 341 339 0
1 354 353 355 340 339 341 0
1 341 353 350 327 339 336 0
1 351 350 353 337 336 339 0
1 342 350 352 328 336 338 0
1 349 352 350 335 338 336 0
1 274 340 348 262 326 334 0
1 346 348 345 332 334 331 0
1 344 347 345 330 333 331 0
1 275 344 343 263 330 329 0
1 276 275 341 264 263 327 0
1 276 342 340 264 328 326 0
1 336 335 337 322 321 323 0
1 332 336 339 318 322 325 0
1 338 339 337 324 325 323 0
1 334 333 337 320 319 323 0
1 332 334 335 318 320 321 0
1 332 338 333 318 324 319 0
1 328 327 329 315 314 316 0
1 324 328 331 311 315 310 0
1 330 331 329 317 310 316 0
1 326 325 329 313 312 316 0
1 324 326 327 311 313 314 0
1 324 330 325 311 317 312 0
1 320 319 321 307 306 308 0
1 316 320 323 304 307 310 0
1 322 323 321 309 310 308 0
1 318 317 321 305 297 308 0
1 316 318 319 304 305 306 0
1 316 322 317 304 309 297 0
1 312 311 313 300 299 301 0
1 308 312 315 296 300 303 0
1 314 315 313 302 303 301 0
1 310 309 313 298 297 301 0
1 308 310 311 296 298 299 0
1 308 314 309 296 302 297 0
1 307 257 300 295 245 288 0
1 294 299 306 282 287 294 0
1 499 307 306 483 295 294 0
1 299 298 304 287 286 292 0
1 305 499 304 293 483 292 0
1 298 297 303 286 285 291 0
1 258 305 303 246 293 291 0
1 297 296 302 285 284 290 0
1 259 258 302 247 246 290 0
1 296 295 301 284 283 289 0
1 257 259 301 245 247 289 0
1 295 294 300 283 282 288 0
1 293 292 299 281 280 287 0
1 292 291 298 280 279 286 0
1 291 290 297 279 278 285 0
1 290 289 296 278 277 284 0
1 289 288 295 277 276 283 0
1 288 293 294 276 281 282 0
1 286 292 293 274 280 281 0
1 285 291 292 273 279 280 0
1 285 284 290 273 272 278 0
1 284 282 289 272 270 277 0
1 282 281 288 270 269 276 0
1 287 293 288 275 281 276 0
1 260 262 286 248 250 274 0
1 262 261 285 250 249 273 0
1 261 283 284 249 271 272 0
1 283 280 282 271 268 270 0
1 280 483 281 268 468 269 0
1 483 260 287 468 248 275 0
1 277 366 278 265 352 266 0
1 277 363 366 265 349 352 0
1 277 639 363 265 591 349 0
1 274 344 275 262 330 263 0
1 274 347 344 262 333 330 0
1 274 346 347 262 332 333 0
1 273 266 268 261 254 256 0
1 273 263 266 261 251 254 0
1 273 482 263 261 467 251 0
1 271 270 272 259 258 260 0
1 268 269 270 256 257 258 0
1 268 266 267 256 254 255 0
1 266 263 265 254 251 253 0
1 263 482 264 251 467 252 0
1 273 272 264 261 260 252 0
1 272 267 265 260 255 253 0
1 272 269 267 260 257 255 0
1 272 270 269 260 258 257 0
1 260 283 261 248 271 249 0
1 260 280 283 248 268 271 0
1 260 483 280 248 468 268 0
1 257 305 258 245 293 246 0
1 257 499 305 245 483 293 0
1 257 307 499 245 295 483 0
1 224 235 256 212 223 244 0
1 255 245 250 243 233 238 0
1 235 233 254 223 221 242 0
1 255 256 254 243 244 242 0
1 233 231 253 221 219 241 0
1 248 249 254 236 237 242 0
1 246 248 253 234 236 241 0
1 252 253 231 240 241 219 0
1 227 251 252 215 239 240 0
1 244 246 252 232 234 240 0
1 251 250 245 239 238 233 0
1 250 251 227 238 239 215 0
1 245 255 241 233 243 229 0
1 241 255 249 229 243 237 0
1 249 248 237 237 236 225 0
1 247 237 248 235 225 236 0
1 236 247 246 224 235 234 0
1 243 236 244 231 224 232 0
1 242 147 243 230 139 231 0
1 240 242 241 228 230 229 0
1 238 240 239 226 228 227 0
1 237 247 148 225 235 140 0
1 148 247 236 140 235 224 0
1 236 243 147 224 231 139 0
1 216 223 234 204 211 222 0
1 16 500 481 15 11 9 0
1 503 502 486 320 319 323 0
1 501 484 502 484 469 319 0
1 501 503 504 484 320 485 0
1 77 74 73 72 69 68 0
1 76 74 91 71 69 86 0
1 501 505 485 484 486 470 0
1 569 576 572 542 545 540 0
1 573 572 574 541 540 463 0
1 571 570 574 543 539 463 0
1 569 571 575 542 543 544 0
1 505 504 486 486 485 323 0
1 506 511 507 487 489 312 0
1 506 508 510 487 488 314 0
1 508 507 509 488 312 316 0
1 511 512 509 489 490 316 0
1 506 513 512 487 491 490 0
1 513 510 509 491 314 316 0
1 514 520 515 492 498 493 0
1 514 516 517 492 494 495 0
1 516 515 519 494 493 497 0
1 520 521 519 498 499 497 0
1 514 518 521 492 496 499 0
1 518 517 519 496 495 497 0
1 522 528 523 500 489 501 0
1 522 524 525 500 494 495 0
1 524 523 527 494 501 503 0
1 528 529 527 489 490 503 0
1 522 526 529 500 502 490 0
1 526 525 527 502 495 503 0
1 530 536 531 504 510 505 0
1 530 532 533 504 506 507 0
1 532 531 535 506 505 509 0
1 536 537 535 510 511 509 0
1 530 534 537 504 508 511 0
1 534 533 535 508 507 509 0
1 538 541 539 512 514 505 0
1 538 540 491 512 513 475 0
1 540 539 492 513 505 476 0
1 541 542 492 514 515 476 0
1 538 490 542 512 474 515 0
1 71 63 109 66 58 104 0
1 569 573 570 542 541 539 0
1 487 543 497 471 516 481 0
1 235 224 226 223 212 214 0
1 223 222 232 211 210 220 0
1 233 235 234 221 223 222 0
1 222 220 230 210 208 218 0
1 231 233 232 219 221 220 0
1 220 218 228 208 206 216 0
1 229 231 230 217 219 218 0
1 218 217 225 206 205 213 0
1 227 229 228 215 217 216 0
1 217 216 226 205 204 214 0
1 224 227 225 212 215 213 0
1 144 146 223 136 138 211 0
1 146 145 222 138 137 210 0
1 221 220 222 209 208 210 0
1 219 218 220 207 206 208 0
1 215 217 218 203 205 206 0
1 543 489 498 516 473 482 0
1 488 544 498 472 517 482 0
1 487 496 544 471 480 517 0
1 63 67 64 58 62 59 0
1 41 64 67 36 59 62 0
1 493 545 546 477 518 519 0
1 215 144 216 203 136 204 0
1 214 213 212 202 201 196 0
1 207 209 213 199 200 201 0
1 209 208 212 200 192 196 0
1 211 210 212 195 194 196 0
1 576 575 574 545 544 463 0
1 577 583 578 546 550 479 0
1 577 579 580 546 547 548 0
1 579 578 582 547 479 521 0
1 583 584 582 550 551 521 0
1 577 581 584 546 549 551 0
1 581 580 582 549 548 521 0
1 585 591 586 552 556 473 0
1 207 214 210 199 202 194 0
1 207 211 208 199 195 192 0
1 206 205 204 198 197 196 0
1 199 201 205 191 193 197 0
1 201 200 204 193 192 196 0
1 545 495 548 518 479 521 0
1 494 549 548 478 522 521 0
1 493 547 549 477 520 522 0
1 547 546 548 520 519 521 0
1 550 554 551 523 527 524 0
1 550 557 553 523 530 526 0
1 554 553 555 527 526 528 0
1 552 551 555 525 524 528 0
1 550 552 556 523 525 529 0
1 557 556 555 530 529 528 0
1 558 562 559 531 535 532 0
1 558 565 561 531 538 534 0
1 562 561 563 535 534 536 0
1 560 559 563 533 532 536 0
1 558 560 564 531 533 537 0
1 565 564 563 538 537 536 0
1 473 568 566 459 541 539 0
1 473 476 567 459 462 540 0
1 568 567 477 541 540 463 0
1 46 50 472 41 45 458 0
1 55 57 58 50 52 53 0
1 474 566 477 460 539 463 0
1 585 587 588 552 553 554 0
1 587 586 590 553 473 482 0
1 54 46 472 49 41 458 0
1 71 55 66 66 50 61 0
1 589 588 590 555 554 482 0
1 591 592 590 556 557 482 0
1 585 589 592 552 555 557 0
1 90 91 92 85 86 87 0
1 89 75 76 84 70 71 0
1 478 593 594 464 558 559 0
1 203 202 204 195 194 196 0
1 199 206 202 191 198 194 0
1 199 203 200 191 195 192 0
1 198 197 196 190 189 188 0
1 191 193 197 183 185 189 0
1 193 192 196 185 184 188 0
1 195 194 196 187 186 188 0
1 191 198 194 183 190 186 0
1 593 480 596 558 466 561 0
1 84 83 87 79 78 82 0
1 82 80 79 77 75 74 0
1 98 96 90 93 91 85 0
1 506 510 513 487 314 491 0
1 156 164 162 148 156 154 0
1 154 162 161 146 154 153 0
1 172 171 173 164 163 165 0
1 191 195 192 183 187 184 0
1 190 189 188 182 181 180 0
1 183 185 189 175 177 181 0
1 185 184 188 177 176 180 0
1 187 186 188 179 178 180 0
1 183 190 186 175 182 178 0
1 183 187 184 175 179 176 0
1 182 181 171 174 173 163 0
1 165 171 181 157 163 173 0
1 180 179 181 172 171 173 0
1 170 181 179 162 173 171 0
1 178 177 179 170 169 171 0
1 169 179 177 161 171 169 0
1 176 175 177 168 167 169 0
1 168 177 175 160 169 167 0
1 174 173 175 166 165 167 0
1 172 176 178 164 168 170 0
1 172 178 180 164 170 172 0
1 129 155 153 121 147 145 0
1 129 153 151 121 145 143 0
1 129 151 130 121 143 122 0
1 132 136 140 124 128 132 0
1 132 140 142 124 132 134 0
1 132 142 133 124 134 125 0
1 135 138 136 127 130 128 0
1 137 140 136 129 132 128 0
1 139 142 140 131 134 132 0
1 141 133 142 133 125 134 0
1 141 143 134 133 135 126 0
1 143 135 132 135 127 124 0
1 135 143 141 127 135 133 0
1 135 141 139 127 133 131 0
1 135 139 137 127 131 129 0
1 144 215 219 136 203 207 0
1 144 219 221 136 207 209 0
1 144 221 145 136 209 137 0
1 147 242 240 139 230 228 0
1 147 240 238 139 228 226 0
1 147 238 148 139 226 140 0
1 131 160 150 123 152 142 0
1 130 152 160 122 144 152 0
1 151 154 152 143 146 144 0
1 153 156 154 145 148 146 0
1 155 157 156 147 149 148 0
1 129 150 157 121 142 149 0
1 167 175 173 159 167 165 0
1 150 160 158 142 152 150 0
1 158 166 165 150 158 157 0
1 152 161 158 144 153 150 0
1 157 150 159 149 142 151 0
1 156 157 163 148 149 155 0
1 161 167 166 153 159 158 0
1 162 168 167 154 160 159 0
1 164 169 168 156 161 160 0
1 163 170 169 155 162 161 0
1 172 174 176 164 166 168 0
1 159 165 170 151 157 162 0
1 166 173 171 158 165 163 0
"Mesh_music_filed_Material10" 0 10
80
0 0.242310 0.109414 -0.639780 0.742310 0.340204 1
0 -0.270125 0.109414 0.628541 0.229875 0.340204 1
0 -0.270125 0.137914 0.628541 0.229875 0.311704 1
0 0.242310 0.137914 -0.639780 0.742310 0.311704 1
0 0.270125 0.137914 -0.628541 0.770125 0.311704 1
0 0.609195 0.184466 0.000000 1.109195 0.265152 1
0 0.530264 0.184466 0.530264 1.030264 0.265152 1
0 0.430766 0.184466 0.430766 0.930766 0.265152 1
0 -0.242310 0.109414 0.639780 0.257690 0.340204 1
0 -0.242310 0.137914 0.639780 0.257690 0.311704 1
0 0.270125 0.109414 -0.628541 0.770125 0.340204 1
0 -0.645651 0.137914 -0.244682 -0.145651 0.311704 1
0 0.634413 0.137914 0.272498 1.134413 0.311704 1
0 0.645651 0.137914 0.244682 1.145651 0.311704 1
0 -0.645651 0.097414 -0.244682 -0.145651 0.352204 1
0 0.634413 0.097414 0.272498 1.134413 0.352204 1
0 0.645651 0.097414 0.244682 1.145651 0.352204 1
0 -0.634413 0.097414 -0.272498 -0.134413 0.352204 1
0 -0.634413 0.137914 -0.272498 -0.134413 0.311704 1
0 0.530264 0.184466 -0.530264 1.030264 0.265152 1
0 0.430766 0.184466 -0.430766 0.930766 0.265152 1
0 0.540512 0.070000 -0.534997 1.040512 0.379618 1
0 0.764400 0.070000 0.000000 1.264400 0.379618 1
0 0.671755 0.070000 0.000000 1.171755 0.379618 1
0 -0.782378 0.154466 0.000000 -0.282378 0.295152 1
0 -0.530264 0.184466 0.530264 -0.030264 0.265152 1
0 -0.553225 0.154466 0.553225 -0.053225 0.295152 1
0 -0.553225 0.154466 -0.553225 -0.053225 0.295152 1
0 -0.749906 0.184466 0.000000 -0.249906 0.265152 1
0 0.000000 0.154466 -0.782378 0.500000 0.295152 1
0 -0.530264 0.184466 -0.530264 -0.030264 0.265152 1
0 0.000000 0.184466 -0.749906 0.500000 0.265152 1
0 0.553225 0.154466 -0.553225 1.053225 0.295152 1
0 0.749906 0.184466 0.000000 1.249906 0.265152 1
0 0.782378 0.154466 0.000000 1.282378 0.295152 1
0 -0.430766 0.184466 -0.430766 0.069234 0.265152 1
0 -0.609195 0.184466 0.000000 -0.109195 0.265152 1
0 0.000000 0.184466 -0.609195 0.500000 0.265152 1
0 0.553225 0.154466 0.553225 1.053225 0.295152 1
0 0.000000 0.154466 0.782378 0.500000 0.295152 1
0 0.000000 0.184466 0.749906 0.500000 0.265152 1
0 0.752220 0.074466 0.752220 1.252220 0.375152 1
0 -0.752220 0.074466 0.752220 -0.252220 0.375152 1
0 0.000000 0.074466 1.063800 0.500000 0.375152 1
0 -1.063800 0.074466 0.000000 -0.563800 0.375152 1
0 -0.752220 0.074466 -0.752220 -0.252220 0.375152 1
0 0.000000 0.074466 -1.063800 0.500000 0.375152 1
0 0.540512 0.150000 -0.534997 1.040512 0.299618 1
0 0.764400 0.150000 0.000000 1.264400 0.299618 1
0 -0.430766 0.184466 0.430766 0.069234 0.265152 1
0 0.475002 0.070000 -0.470155 0.975002 0.379618 1
0 0.671755 0.150000 0.000000 1.171755 0.299618 1
0 0.000000 0.070000 -0.756600 0.500000 0.379618 1
0 0.000000 0.150000 -0.756600 0.500000 0.299618 1
0 0.000000 0.150000 -0.664900 0.500000 0.299618 1
0 0.475002 0.150000 -0.470155 0.975002 0.299618 1
0 0.000000 0.070000 -0.664900 0.500000 0.379618 1
0 -0.475002 0.070000 -0.470155 0.024998 0.379618 1
0 -0.540512 0.070000 -0.534997 -0.040512 0.379618 1
0 -0.540512 0.150000 -0.534997 -0.040512 0.299618 1
0 -0.475002 0.150000 -0.470155 0.024998 0.299618 1
0 -0.671755 0.070000 0.000000 -0.171755 0.379618 1
0 -0.764400 0.070000 0.000000 -0.264400 0.379618 1
0 -0.764400 0.150000 0.000000 -0.264400 0.299618 1
0 -0.671755 0.150000 0.000000 -0.171755 0.299618 1
0 -0.475002 0.070000 0.470155 0.024998 0.379618 1
0 -0.540512 0.070000 0.534997 -0.040512 0.379618 1
0 -0.540512 0.150000 0.534997 -0.040512 0.299618 1
0 -0.475002 0.150000 0.470155 0.024998 0.299618 1
0 0.000000 0.070000 0.664900 0.500000 0.379618 1
0 0.000000 0.070000 0.756600 0.500000 0.379618 1
0 0.000000 0.150000 0.756600 0.500000 0.299618 1
0 0.000000 0.150000 0.664900 0.500000 0.299618 1
0 0.475002 0.070000 0.470155 0.975002 0.379618 1
0 0.540512 0.070000 0.534997 1.040512 0.379618 1
0 0.540512 0.150000 0.534997 1.040512 0.299618 1
0 0.475002 0.150000 0.470155 0.975002 0.299618 1
0 0.000000 0.184466 0.609195 0.500000 0.265152 1
0 0.752220 0.074466 -0.752220 1.252220 0.375152 1
0 1.063800 0.074466 0.000000 1.563800 0.375152 1
73
-0.319017 -0.577356 -0.751590
-0.684403 -0.408244 0.604094
-0.909977 0.408244 0.072651
-0.225578 0.816501 -0.531452
0.684403 0.408244 -0.604094
0.000000 -1.000000 0.000000
-0.287269 -0.932814 -0.217566
0.225578 -0.816501 0.531452
0.319017 0.577356 0.751590
0.909977 -0.408244 -0.072651
-0.531455 0.816495 0.225593
0.072658 0.408250 0.909974
0.751589 0.577348 -0.319036
-0.751589 -0.577348 0.319036
0.604116 -0.408250 0.684379
0.531455 -0.816495 -0.225593
-0.072658 -0.408250 -0.909974
-0.604116 0.408250 -0.684379
-0.217566 -0.932814 0.287269
0.542215 -0.731305 -0.413759
0.675031 -0.731756 0.094163
-0.675031 -0.731756 -0.094163
0.485920 -0.873565 -0.027677
0.287269 -0.932814 -0.217566
0.324027 -0.873565 -0.363169
0.363169 -0.873565 0.324027
0.428699 -0.901506 0.059191
0.000000 -0.832331 0.554278
0.217566 -0.932814 0.287269
0.000000 -0.972095 0.234586
-0.363169 -0.873565 0.324027
-0.428699 -0.901506 0.059191
-0.485920 -0.873565 -0.027677
-0.324027 -0.873565 -0.363169
0.000000 -0.909530 -0.415637
0.000000 -0.933949 -0.357406
-0.166535 -0.961205 -0.219889
0.166535 -0.961205 -0.219889
0.000000 -0.961890 -0.273437
0.273243 -0.961205 -0.037727
0.219889 -0.961205 0.166535
0.000000 -0.961890 0.273437
0.409815 0.731305 -0.545201
0.675031 0.731756 -0.094163
-0.542215 -0.731305 0.413759
-0.675031 0.731756 0.094163
0.000000 -0.734006 -0.679143
0.000000 0.907583 -0.419873
0.000000 0.734006 0.679143
-0.409815 0.731305 0.545201
0.000000 -0.475415 0.879762
0.542215 -0.731305 0.413759
-0.542215 -0.731305 -0.413759
-0.409815 0.731305 -0.545201
0.409815 0.731305 0.545201
0.567178 -0.819786 -0.079119
-0.805368 -0.582031 0.112345
-0.805368 0.582031 -0.112345
0.567178 0.819786 0.079119
0.409815 -0.731305 -0.545201
-0.409815 -0.731305 0.545201
-0.542215 0.731305 0.413759
0.542215 0.731305 -0.413759
0.000000 -0.734006 -0.679143
0.000000 -0.907583 0.419873
0.000000 0.734006 0.679143
0.000000 0.475415 -0.879762
-0.344400 -0.819429 -0.458175
0.488817 -0.581521 0.650302
0.646739 0.581521 0.493520
-0.455665 0.819429 -0.347714
-0.219889 -0.961205 0.166535
-0.273243 -0.961205 -0.037727
136
0 0 1 2 0 1 2 0
0 0 3 4 0 3 4 0
0 5 6 7 5 6 5 0
0 1 8 9 1 7 8 0
0 10 4 9 9 4 8 0
0 0 10 8 0 9 7 0
0 11 12 13 10 11 12 0
0 14 15 12 13 14 11 0
0 15 16 13 14 15 12 0
0 17 18 13 16 17 12 0
0 19 5 20 18 5 5 0
0 3 2 9 3 2 8 0
0 14 11 18 13 10 17 0
0 21 22 23 19 20 21 0
0 24 25 26 22 23 24 0
0 27 28 24 25 26 22 0
0 29 30 27 27 28 25 0
0 29 19 31 27 18 29 0
0 32 33 19 30 31 18 0
0 34 6 33 32 6 31 0
0 30 35 36 28 5 5 0
0 31 37 35 29 5 5 0
0 31 19 20 29 18 5 0
0 19 33 5 18 31 5 0
0 5 33 6 5 31 6 0
0 38 39 40 33 34 35 0
0 26 25 40 24 23 35 0
0 24 28 25 22 26 23 0
0 41 39 38 36 34 33 0
0 42 39 43 37 34 38 0
0 44 26 42 39 24 37 0
0 45 24 44 40 22 39 0
0 46 27 45 41 25 40 0
0 14 17 16 13 16 15 0
0 21 47 48 19 42 43 0
0 36 49 25 5 5 23 0
0 7 6 40 5 6 35 0
0 50 23 51 44 21 45 0
0 52 21 50 46 19 44 0
0 52 53 47 46 47 42 0
0 53 54 55 47 48 49 0
0 56 50 55 50 44 49 0
0 52 56 57 46 50 51 0
0 52 58 59 46 52 53 0
0 53 59 60 47 53 54 0
0 56 54 60 50 48 54 0
0 58 57 61 52 51 55 0
0 58 62 63 52 56 57 0
0 59 63 64 53 57 58 0
0 57 60 64 51 54 58 0
0 61 65 66 55 59 60 0
0 62 66 67 56 60 61 0
0 64 63 67 58 57 61 0
0 61 64 68 55 58 62 0
0 65 69 70 59 63 64 0
0 66 70 71 60 64 65 0
0 68 67 71 62 61 65 0
0 65 68 72 59 62 66 0
0 73 74 70 67 68 64 0
0 74 75 71 68 69 65 0
0 76 72 71 70 66 65 0
0 73 69 72 67 63 66 0
0 22 74 73 20 68 67 0
0 22 48 75 20 43 69 0
0 48 51 76 43 45 70 0
0 23 73 76 21 67 70 0
0 38 40 6 33 35 6 0
0 26 40 39 24 35 34 0
0 49 77 40 5 5 35 0
0 27 30 28 25 28 26 0
0 29 31 30 27 29 28 0
0 29 32 19 27 30 18 0
0 32 34 33 30 32 31 0
0 34 38 6 32 33 6 0
0 41 43 39 36 38 34 0
0 42 26 39 37 24 34 0
0 44 24 26 39 22 24 0
0 45 27 24 40 25 22 0
0 46 29 27 41 27 25 0
0 46 78 32 41 71 30 0
0 78 79 34 71 72 32 0
0 79 41 38 72 36 33 0
0 31 20 37 29 5 5 0
0 31 35 30 29 5 28 0
0 30 36 28 28 5 26 0
0 36 25 28 5 23 26 0
0 49 40 25 5 35 23 0
0 7 40 77 5 35 5 0
0 23 76 51 21 70 45 0
0 48 76 75 43 70 69 0
0 22 75 74 20 69 68 0
0 22 73 23 20 67 21 0
0 73 72 76 67 66 70 0
0 76 71 75 70 65 69 0
0 74 71 70 68 65 64 0
0 73 70 69 67 64 63 0
0 65 72 69 59 66 63 0
0 68 71 72 62 65 66 0
0 66 71 67 60 65 61 0
0 65 70 66 59 64 60 0
0 61 68 65 55 62 59 0
0 64 67 68 58 61 62 0
0 62 67 63 56 61 57 0
0 61 66 62 55 60 56 0
0 57 64 61 51 58 55 0
0 59 64 60 53 58 54 0
0 58 63 59 52 57 53 0
0 58 61 62 52 55 56 0
0 56 60 57 50 54 51 0
0 53 60 54 47 54 48 0
0 52 59 53 46 53 47 0
0 52 57 58 46 51 52 0
0 56 55 54 50 49 48 0
0 53 55 47 47 49 42 0
0 52 47 21 46 42 19 0
0 52 50 56 46 44 50 0
0 50 51 55 44 45 49 0
0 47 51 48 42 45 43 0
0 21 48 22 19 43 20 0
0 21 23 50 19 21 44 0
0 14 16 15 13 15 14 0
0 14 18 17 13 17 16 0
0 17 13 16 16 12 15 0
0 15 13 12 14 12 11 0
0 14 12 11 13 11 10 0
0 11 13 18 10 12 17 0
0 0 8 1 0 7 1 0
0 0 4 10 0 4 9 0
0 10 9 8 9 8 7 0
0 1 9 2 1 8 2 0
0 0 2 3 0 2 3 0
0 3 9 4 3 8 4 0
0 47 55 51 42 49 45 0
0 79 38 34 72 33 32 0
0 78 34 32 71 32 30 0
0 46 32 29 41 30 27 0
"Mesh_music_filed_Material11" 0 11
12
0 -0.100677 -0.133690 0.100677 1.000000 1.000000 1
0 -0.101710 -0.132793 0.192577 0.988887 0.011113 1
0 -0.100677 -0.133690 0.193610 1.000000 0.000000 1
0 -0.193610 -0.133690 0.100677 0.000000 1.000000 1
0 -0.192577 -0.132793 0.192577 0.011113 0.011113 1
0 -0.192577 -0.132793 0.101710 0.011113 0.988887 1
0 -0.101710 -0.132793 0.101710 0.988887 0.988887 1
0 -0.193610 -0.133690 0.193610 0.000000 0.000000 1
0 -0.193610 -0.136833 0.100677 0.000000 1.000000 1
0 -0.100677 -0.136833 0.193610 1.000000 0.000000 1
0 -0.193610 -0.136833 0.193610 0.000000 0.000000 1
0 -0.100677 -0.136833 0.100677 1.000000 1.000000 1
12
0.458348 0.598934 -0.656655
0.245022 0.938045 0.245023
0.656058 0.373062 0.656058
-0.635822 0.623129 -0.455456
-0.366370 0.912259 0.183185
-0.145375 0.945691 -0.290749
0.245022 0.938045 -0.245022
-0.634358 0.541083 0.552105
-0.577350 -0.577350 -0.577350
0.408248 -0.816497 0.408248
-0.408248 -0.408248 0.816497
0.816497 -0.408248 -0.408248
20
0 0 1 2 0 1 2 0
0 3 4 5 3 4 5 0
0 0 5 6 0 5 6 0
0 7 1 4 7 1 4 0
0 8 3 0 8 3 0 0
0 8 9 10 8 9 10 0
0 8 0 11 8 0 11 0
0 11 2 9 11 2 9 0
0 10 9 2 10 9 2 0
0 11 0 2 11 0 2 0
0 8 7 3 8 7 3 0
0 5 1 6 5 1 6 0
0 10 2 7 10 2 7 0
0 0 6 1 0 6 1 0
0 7 2 1 7 2 1 0
0 5 4 1 5 4 1 0
0 8 11 9 8 11 9 0
0 3 7 4 3 7 4 0
0 8 10 7 8 10 7 0
0 0 3 5 0 3 5 0
"Mesh_music_filed_Material12" 0 12
12
0 -0.002582 -0.133690 -0.095514 1.000000 1.000000 1
0 -0.095514 -0.133690 -0.095514 0.000000 1.000000 1
0 -0.094482 -0.132793 -0.094482 0.011113 0.988887 1
0 -0.002582 -0.136833 -0.095514 1.000000 1.000000 1
0 -0.002582 -0.133690 -0.002582 1.000000 0.000000 1
0 -0.095514 -0.136833 -0.095514 0.000000 1.000000 1
0 -0.095514 -0.136833 -0.002582 0.000000 0.000000 1
0 -0.002582 -0.136833 -0.002582 1.000000 0.000000 1
0 -0.095514 -0.133690 -0.002582 0.000000 0.000000 1
0 -0.094482 -0.132793 -0.003614 0.011113 0.011108 1
0 -0.003614 -0.132793 -0.003614 0.988892 0.011108 1
0 -0.003614 -0.132793 -0.094482 0.988892 0.988887 1
12
0.458487 0.598678 -0.656791
-0.636013 0.622865 -0.455551
-0.145475 0.945614 -0.290949
0.816497 -0.408248 -0.408248
0.656108 0.372885 0.656108
-0.577350 -0.577350 -0.577350
-0.408248 -0.408248 0.816497
0.408248 -0.816497 0.408248
-0.634426 0.540844 0.552261
-0.366624 0.912131 0.183312
0.245195 0.937954 0.245195
0.245195 0.937955 -0.245195
20
0 0 1 2 0 1 2 0
0 3 0 4 3 0 4 0
0 5 1 0 5 1 0 0
0 6 7 4 6 7 4 0
0 5 6 8 5 6 8 0
0 2 9 10 2 9 10 0
0 1 8 9 1 8 9 0
0 5 3 7 5 3 7 0
0 5 7 6 5 7 6 0
0 3 4 7 3 4 7 0
0 8 4 10 8 4 10 0
0 0 11 10 0 11 10 0
0 5 0 3 5 0 3 0
0 6 4 8 6 4 8 0
0 5 8 1 5 8 1 0
0 2 10 11 2 10 11 0
0 0 2 11 0 2 11 0
0 1 9 2 1 9 2 0
0 8 10 9 8 10 9 0
0 0 10 4 0 10 4 0
"Mesh_music_filed_Material13" 0 13
12
0 0.095514 -0.133690 -0.095514 1.000000 1.000000 1
0 0.003614 -0.132793 -0.094482 0.011108 0.988887 1
0 0.094482 -0.132793 -0.094482 0.988887 0.988887 1
0 0.094482 -0.132793 -0.003614 0.988887 0.011108 1
0 0.002582 -0.133690 -0.095514 0.000000 1.000000 1
0 0.003614 -0.132793 -0.003614 0.011108 0.011108 1
0 0.095514 -0.133690 -0.002582 1.000000 0.000000 1
0 0.002582 -0.133690 -0.002582 0.000000 0.000000 1
0 0.095514 -0.136833 -0.095514 1.000000 1.000000 1
0 0.095514 -0.136833 -0.002582 1.000000 0.000000 1
0 0.002582 -0.136833 -0.095514 0.000000 1.000000 1
0 0.002582 -0.136833 -0.002582 0.000000 0.000000 1
12
0.458487 0.598678 -0.656791
-0.145475 0.945614 -0.290949
0.245195 0.937955 -0.245195
0.245195 0.937955 0.245195
-0.636014 0.622865 -0.455551
-0.366624 0.912131 0.183312
0.656108 0.372885 0.656109
-0.634426 0.540843 0.552261
0.816497 -0.408248 -0.408248
0.408248 -0.816497 0.408248
-0.577350 -0.577350 -0.577350
-0.408248 -0.408248 0.816497
20
0 0 1 2 0 1 2 0
0 1 3 2 1 3 2 0
0 4 5 1 4 5 1 0
0 0 3 6 0 3 6 0
0 7 3 5 7 3 5 0
0 8 6 9 8 6 9 0
0 10 0 8 10 0 8 0
0 10 9 11 10 9 11 0
0 8 0 6 8 0 6 0
0 10 4 0 10 4 0 0
0 10 8 9 10 8 9 0
0 11 9 6 11 9 6 0
0 10 11 7 10 11 7 0
0 10 7 4 10 7 4 0
0 11 6 7 11 6 7 0
0 0 4 1 0 4 1 0
0 1 5 3 1 5 3 0
0 4 7 5 4 7 5 0
0 7 6 3 7 6 3 0
0 0 2 3 0 2 3 0
"Mesh_music_filed_Material14" 0 14
12
0 0.193610 -0.133690 -0.095514 1.000000 1.000000 1
0 0.100677 -0.133690 -0.095514 0.000000 1.000000 1
0 0.101710 -0.132793 -0.094482 0.011113 0.988887 1
0 0.192577 -0.132793 -0.003614 0.988887 0.011108 1
0 0.193610 -0.133690 -0.002582 1.000000 0.000000 1
0 0.100677 -0.133690 -0.002582 0.000000 0.000000 1
0 0.101710 -0.132793 -0.003614 0.011113 0.011108 1
0 0.192577 -0.132793 -0.094482 0.988887 0.988887 1
0 0.100677 -0.136833 -0.095514 0.000000 1.000000 1
0 0.100677 -0.136833 -0.002582 0.000000 0.000000 1
0 0.193610 -0.136833 -0.002582 1.000000 0.000000 1
0 0.193610 -0.136833 -0.095514 1.000000 1.000000 1
12
0.458340 0.598796 -0.656785
-0.635826 0.623050 -0.455559
-0.145387 0.945632 -0.290934
0.245042 0.937999 0.245176
0.656039 0.372973 0.656128
-0.634348 0.540926 0.552269
-0.366390 0.912228 0.183296
0.245042 0.938000 -0.245176
-0.577350 -0.577350 -0.577350
-0.408248 -0.408248 0.816497
0.408248 -0.816497 0.408248
0.816497 -0.408248 -0.408248
20
0 0 1 2 0 1 2 0
0 0 3 4 0 3 4 0
0 5 3 6 5 3 6 0
0 5 4 3 5 4 3 0
0 0 7 3 0 7 3 0
0 2 6 3 2 6 3 0
0 8 9 5 8 9 5 0
0 9 10 4 9 10 4 0
0 1 5 6 1 5 6 0
0 0 2 7 0 2 7 0
0 8 1 0 8 1 0 0
0 8 11 10 8 11 10 0
0 11 0 4 11 0 4 0
0 1 6 2 1 6 2 0
0 8 10 9 8 10 9 0
0 2 3 7 2 3 7 0
0 8 5 1 8 5 1 0
0 9 4 5 9 4 5 0
0 11 4 10 11 4 10 0
0 8 0 11 8 0 11 0
"Mesh_music_filed_Material15" 0 15
12
0 -0.193610 -0.136833 -0.193610 0.000000 1.000000 1
0 -0.100677 -0.136833 -0.193610 1.000000 1.000000 1
0 -0.100677 -0.136833 -0.100677 1.000000 0.000000 1
0 -0.100677 -0.133690 -0.193610 1.000000 1.000000 1
0 -0.101710 -0.132793 -0.101710 0.988887 0.011113 1
0 -0.100677 -0.133690 -0.100677 1.000000 0.000000 1
0 -0.193610 -0.133690 -0.100677 0.000000 0.000000 1
0 -0.192577 -0.132793 -0.101710 0.011113 0.011113 1
0 -0.193610 -0.133690 -0.193610 0.000000 1.000000 1
0 -0.192577 -0.132793 -0.192577 0.011113 0.988887 1
0 -0.101710 -0.132793 -0.192577 0.988887 0.988887 1
0 -0.193610 -0.136833 -0.100677 0.000000 0.000000 1
12
-0.577350 -0.577350 -0.577350
0.816497 -0.408248 -0.408248
0.408248 -0.816497 0.408248
0.458348 0.598932 -0.656656
0.245022 0.938045 0.245022
0.656058 0.373063 0.656058
-0.634358 0.541084 0.552104
-0.366370 0.912259 0.183184
-0.635822 0.623129 -0.455457
-0.145375 0.945690 -0.290750
0.245022 0.938045 -0.245023
-0.408248 -0.408248 0.816497
20
0 0 1 2 0 1 2 0
0 3 4 5 3 4 5 0
0 6 4 7 6 4 7 0
0 8 7 9 8 7 9 0
0 3 9 10 3 9 10 0
0 9 4 10 9 4 10 0
0 0 6 8 0 6 8 0
0 11 5 6 11 5 6 0
0 1 5 2 1 5 2 0
0 0 3 1 0 3 1 0
0 0 2 11 0 2 11 0
0 8 6 7 8 6 7 0
0 3 8 9 3 8 9 0
0 3 10 4 3 10 4 0
0 0 11 6 0 11 6 0
0 11 2 5 11 2 5 0
0 0 8 3 0 8 3 0
0 6 5 4 6 5 4 0
0 9 7 4 9 7 4 0
0 1 3 5 1 3 5 0
"Mesh_music_filed_Material16" 0 16
12
0 -0.095514 -0.136833 -0.193610 0.000000 1.000000 1
0 -0.095514 -0.133690 -0.100677 0.000000 0.000000 1
0 -0.095514 -0.133690 -0.193610 0.000000 1.000000 1
0 -0.094482 -0.132793 -0.101710 0.011113 0.011113 1
0 -0.094482 -0.132793 -0.192577 0.011113 0.988887 1
0 -0.002582 -0.133690 -0.193610 1.000000 1.000000 1
0 -0.003614 -0.132793 -0.192577 0.988892 0.988887 1
0 -0.003614 -0.132793 -0.101710 0.988892 0.011113 1
0 -0.002582 -0.136833 -0.193610 1.000000 1.000000 1
0 -0.095514 -0.136833 -0.100677 0.000000 0.000000 1
0 -0.002582 -0.133690 -0.100677 1.000000 0.000000 1
0 -0.002582 -0.136833 -0.100677 1.000000 0.000000 1
12
-0.577350 -0.577350 -0.577350
-0.634435 0.541002 0.552096
-0.636008 0.622945 -0.455448
-0.366601 0.912163 0.183200
-0.145462 0.945672 -0.290766
0.458496 0.598813 -0.656662
0.245176 0.937999 -0.245042
0.245176 0.938000 0.245041
0.816497 -0.408248 -0.408248
-0.408248 -0.408248 0.816497
0.656128 0.372974 0.656039
0.408248 -0.816497 0.408248
20
0 0 1 2 0 1 2 0
0 2 3 4 2 3 4 0
0 5 4 6 5 4 6 0
0 4 7 6 4 7 6 0
0 0 5 8 0 5 8 0
0 9 10 1 9 10 1 0
0 8 10 11 8 10 11 0
0 1 7 3 1 7 3 0
0 0 2 5 0 2 5 0
0 5 6 7 5 6 7 0
0 5 7 10 5 7 10 0
0 0 8 11 0 8 11 0
0 0 11 9 0 11 9 0
0 8 5 10 8 5 10 0
0 9 11 10 9 11 10 0
0 0 9 1 0 9 1 0
0 4 3 7 4 3 7 0
0 5 2 4 5 2 4 0
0 2 1 3 2 1 3 0
0 1 10 7 1 10 7 0
"Mesh_music_filed_Material17" 0 17
12
0 0.002582 -0.136833 -0.193610 0.000000 1.000000 1
0 0.002582 -0.136833 -0.100677 0.000000 0.000000 1
0 0.002582 -0.133690 -0.100677 0.000000 0.000000 1
0 0.094482 -0.132793 -0.101710 0.988887 0.011113 1
0 0.003614 -0.132793 -0.101710 0.011108 0.011113 1
0 0.002582 -0.133690 -0.193610 0.000000 1.000000 1
0 0.095514 -0.133690 -0.193610 1.000000 1.000000 1
0 0.095514 -0.136833 -0.193610 1.000000 1.000000 1
0 0.095514 -0.133690 -0.100677 1.000000 0.000000 1
0 0.095514 -0.136833 -0.100677 1.000000 0.000000 1
0 0.003614 -0.132793 -0.192577 0.011108 0.988887 1
0 0.094482 -0.132793 -0.192577 0.988887 0.988887 1
12
-0.577350 -0.577350 -0.577350
-0.408248 -0.408248 0.816497
-0.634435 0.541001 0.552096
0.245176 0.938000 0.245041
-0.366602 0.912163 0.183200
-0.636008 0.622945 -0.455448
0.458496 0.598813 -0.656662
0.816497 -0.408248 -0.408248
0.656128 0.372974 0.656039
0.408248 -0.816497 0.408248
-0.145463 0.945672 -0.290766
0.245176 0.938000 -0.245042
20
0 0 1 2 0 1 2 0
0 2 3 4 2 3 4 0
0 0 5 6 0 5 6 0
0 7 6 8 7 6 8 0
0 1 9 8 1 9 8 0
0 6 10 11 6 10 11 0
0 10 4 3 10 4 3 0
0 6 5 10 6 5 10 0
0 5 2 4 5 2 4 0
0 2 8 3 2 8 3 0
0 6 11 3 6 11 3 0
0 0 7 9 0 7 9 0
0 6 3 8 6 3 8 0
0 10 3 11 10 3 11 0
0 0 2 5 0 2 5 0
0 1 8 2 1 8 2 0
0 7 8 9 7 8 9 0
0 0 6 7 0 6 7 0
0 0 9 1 0 9 1 0
0 5 4 10 5 4 10 0
"Mesh_music_filed_Material18" 0 18
12
0 0.193610 -0.136833 -0.193610 1.000000 1.000000 1
0 0.193610 -0.133690 -0.193610 1.000000 1.000000 1
0 0.193610 -0.133690 -0.100677 1.000000 0.000000 1
0 0.101710 -0.132793 -0.192577 0.011113 0.988887 1
0 0.101710 -0.132793 -0.101710 0.011113 0.011113 1
0 0.192577 -0.132793 -0.101710 0.988887 0.011113 1
0 0.100677 -0.136833 -0.193610 0.000000 1.000000 1
0 0.100677 -0.133690 -0.100677 0.000000 0.000000 1
0 0.100677 -0.133690 -0.193610 0.000000 1.000000 1
0 0.100677 -0.136833 -0.100677 0.000000 0.000000 1
0 0.193610 -0.136833 -0.100677 1.000000 0.000000 1
0 0.192577 -0.132793 -0.192577 0.988887 0.988887 1
12
0.816497 -0.408248 -0.408248
0.458349 0.598932 -0.656656
0.656058 0.373062 0.656058
-0.145374 0.945691 -0.290750
-0.366368 0.912260 0.183184
0.245023 0.938045 0.245022
-0.577350 -0.577350 -0.577350
-0.634357 0.541084 0.552104
-0.635821 0.623130 -0.455457
-0.408248 -0.408248 0.816497
0.408248 -0.816497 0.408248
0.245023 0.938044 -0.245023
20
0 0 1 2 0 1 2 0
0 3 4 5 3 4 5 0
0 6 7 8 6 7 8 0
0 7 2 5 7 2 5 0
0 1 5 2 1 5 2 0
0 7 5 4 7 5 4 0
0 9 10 2 9 10 2 0
0 6 8 1 6 8 1 0
0 8 4 3 8 4 3 0
0 6 0 10 6 0 10 0
0 1 8 3 1 8 3 0
0 6 9 7 6 9 7 0
0 3 5 11 3 5 11 0
0 9 2 7 9 2 7 0
0 0 2 10 0 2 10 0
0 1 3 11 1 3 11 0
0 8 7 4 8 7 4 0
0 6 10 9 6 10 9 0
0 1 11 5 1 11 5 0
0 6 1 0 6 1 0 0
"Mesh_music_filed_Material19" 0 19
12
0 -0.095514 -0.133690 0.100677 0.000000 1.000000 1
0 -0.094482 -0.132793 0.192577 0.011113 0.011113 1
0 -0.094482 -0.132793 0.101710 0.011113 0.988887 1
0 -0.095514 -0.136833 0.100677 0.000000 1.000000 1
0 -0.002582 -0.136833 0.100677 1.000000 1.000000 1
0 -0.002582 -0.136833 0.193610 1.000000 0.000000 1
0 -0.002582 -0.133690 0.100677 1.000000 1.000000 1
0 -0.003614 -0.132793 0.101710 0.988892 0.988887 1
0 -0.003614 -0.132793 0.192577 0.988892 0.011113 1
0 -0.095514 -0.133690 0.193610 0.000000 0.000000 1
0 -0.002582 -0.133690 0.193610 1.000000 0.000000 1
0 -0.095514 -0.136833 0.193610 0.000000 0.000000 1
12
-0.636008 0.622946 -0.455447
-0.366601 0.912163 0.183201
-0.145462 0.945673 -0.290764
-0.577350 -0.577350 -0.577350
0.816497 -0.408248 -0.408248
0.408248 -0.816497 0.408248
0.458496 0.598814 -0.656661
0.245176 0.938000 -0.245041
0.245176 0.937999 0.245042
-0.634435 0.541000 0.552097
0.656128 0.372973 0.656039
-0.408248 -0.408248 0.816497
20
0 0 1 2 0 1 2 0
0 3 4 5 3 4 5 0
0 6 2 7 6 2 7 0
0 2 1 8 2 1 8 0
0 6 0 2 6 0 2 0
0 9 8 1 9 8 1 0
0 3 9 0 3 9 0 0
0 9 10 8 9 10 8 0
0 6 7 8 6 7 8 0
0 2 8 7 2 8 7 0
0 6 8 10 6 8 10 0
0 3 6 4 3 6 4 0
0 11 10 9 11 10 9 0
0 4 10 5 4 10 5 0
0 11 5 10 11 5 10 0
0 3 5 11 3 5 11 0
0 3 11 9 3 11 9 0
0 3 0 6 3 0 6 0
0 4 6 10 4 6 10 0
0 0 9 1 0 9 1 0
"Mesh_music_filed_Material20" 0 20
12
0 0.095514 -0.133690 0.100677 1.000000 1.000000 1
0 0.094482 -0.132793 0.101710 0.988887 0.988887 1
0 0.094482 -0.132793 0.192577 0.988887 0.011113 1
0 0.002582 -0.136833 0.100677 0.000000 1.000000 1
0 0.002582 -0.136833 0.193610 0.000000 0.000000 1
0 0.002582 -0.133690 0.193610 0.000000 0.000000 1
0 0.002582 -0.133690 0.100677 0.000000 1.000000 1
0 0.003614 -0.132793 0.192577 0.011108 0.011113 1
0 0.095514 -0.133690 0.193610 1.000000 0.000000 1
0 0.003614 -0.132793 0.101710 0.011108 0.988887 1
0 0.095514 -0.136833 0.193610 1.000000 0.000000 1
0 0.095514 -0.136833 0.100677 1.000000 1.000000 1
12
0.458496 0.598814 -0.656661
0.245176 0.938000 -0.245041
0.245176 0.938000 0.245042
-0.577350 -0.577350 -0.577350
-0.408248 -0.408248 0.816497
-0.634435 0.541000 0.552097
-0.636008 0.622946 -0.455447
-0.366602 0.912163 0.183201
0.656128 0.372974 0.656039
-0.145463 0.945673 -0.290764
0.408248 -0.816497 0.408248
0.816497 -0.408248 -0.408248
20
0 0 1 2 0 1 2 0
0 3 4 5 3 4 5 0
0 6 5 7 6 5 7 0
0 5 8 2 5 8 2 0
0 9 7 2 9 7 2 0
0 4 10 8 4 10 8 0
0 11 0 8 11 0 8 0
0 3 6 0 3 6 0 0
0 3 11 10 3 11 10 0
0 0 6 9 0 6 9 0
0 9 2 1 9 2 1 0
0 11 8 10 11 8 10 0
0 4 8 5 4 8 5 0
0 0 2 8 0 2 8 0
0 3 10 4 3 10 4 0
0 3 0 11 3 0 11 0
0 6 7 9 6 7 9 0
0 5 2 7 5 2 7 0
0 3 5 6 3 5 6 0
0 0 9 1 0 9 1 0
"Mesh_music_filed_Material21" 0 21
12
0 0.193610 -0.133690 0.100677 1.000000 1.000000 1
0 0.101710 -0.132793 0.101710 0.011113 0.988887 1
0 0.192577 -0.132793 0.101710 0.988887 0.988887 1
0 0.192577 -0.132793 0.192577 0.988887 0.011113 1
0 0.100677 -0.133690 0.193610 0.000000 0.000000 1
0 0.193610 -0.133690 0.193610 1.000000 0.000000 1
0 0.100677 -0.133690 0.100677 0.000000 1.000000 1
0 0.101710 -0.132793 0.192577 0.011113 0.011113 1
0 0.100677 -0.136833 0.100677 0.000000 1.000000 1
0 0.100677 -0.136833 0.193610 0.000000 0.000000 1
0 0.193610 -0.136833 0.193610 1.000000 0.000000 1
0 0.193610 -0.136833 0.100677 1.000000 1.000000 1
12
0.458349 0.598933 -0.656655
-0.145374 0.945691 -0.290749
0.245023 0.938045 -0.245022
0.245023 0.938044 0.245023
-0.634357 0.541083 0.552105
0.656058 0.373061 0.656058
-0.635821 0.623131 -0.455456
-0.366368 0.912260 0.183185
-0.577350 -0.577350 -0.577350
-0.408248 -0.408248 0.816497
0.408248 -0.816497 0.408248
0.816497 -0.408248 -0.408248
20
0 0 1 2 0 1 2 0
0 0 2 3 0 2 3 0
0 4 5 3 4 5 3 0
0 6 4 7 6 4 7 0
0 1 7 3 1 7 3 0
0 8 9 4 8 9 4 0
0 9 10 5 9 10 5 0
0 11 0 5 11 0 5 0
0 8 6 0 8 6 0 0
0 8 11 10 8 11 10 0
0 0 6 1 0 6 1 0
0 6 7 1 6 7 1 0
0 4 3 7 4 3 7 0
0 0 3 5 0 3 5 0
0 1 3 2 1 3 2 0
0 8 4 6 8 4 6 0
0 9 5 4 9 5 4 0
0 11 5 10 11 5 10 0
0 8 0 11 8 0 11 0
0 8 10 9 8 10 9 0
"Mesh_music_filed_Material22" 0 22
12
0 -0.193610 -0.136833 0.002582 0.000000 1.000000 1
0 -0.100677 -0.133690 0.002582 1.000000 1.000000 1
0 -0.100677 -0.136833 0.002582 1.000000 1.000000 1
0 -0.100677 -0.133690 0.095514 1.000000 0.000000 1
0 -0.100677 -0.136833 0.095514 1.000000 0.000000 1
0 -0.193610 -0.136833 0.095514 0.000000 0.000000 1
0 -0.193610 -0.133690 0.095514 0.000000 0.000000 1
0 -0.101710 -0.132793 0.003614 0.988887 0.988892 1
0 -0.101710 -0.132793 0.094482 0.988887 0.011113 1
0 -0.192577 -0.132793 0.003614 0.011113 0.988892 1
0 -0.193610 -0.133690 0.002582 0.000000 1.000000 1
0 -0.192577 -0.132793 0.094482 0.011113 0.011113 1
12
-0.577350 -0.577350 -0.577350
0.458339 0.598797 -0.656786
0.816497 -0.408248 -0.408248
0.656039 0.372974 0.656128
0.408248 -0.816497 0.408248
-0.408248 -0.408248 0.816497
-0.634349 0.540926 0.552269
0.245041 0.938000 -0.245176
0.245041 0.938000 0.245176
-0.145387 0.945632 -0.290934
-0.635828 0.623048 -0.455559
-0.366392 0.912228 0.183296
20
0 0 1 2 0 1 2 0
0 2 3 4 2 3 4 0
0 5 3 6 5 3 6 0
0 0 4 5 0 4 5 0
0 1 7 8 1 7 8 0
0 6 3 8 6 3 8 0
0 1 9 7 1 9 7 0
0 10 11 9 10 11 9 0
0 6 8 11 6 8 11 0
0 1 8 3 1 8 3 0
0 5 4 3 5 4 3 0
0 0 5 6 0 5 6 0
0 0 10 1 0 10 1 0
0 9 11 8 9 11 8 0
0 1 10 9 1 10 9 0
0 10 6 11 10 6 11 0
0 2 1 3 2 1 3 0
0 0 6 10 0 6 10 0
0 9 8 7 9 8 7 0
0 0 2 4 0 2 4 0
"Mesh_music_filed_Material23" 0 23
12
0 -0.095514 -0.133690 0.095514 0.000000 0.000000 1
0 -0.002582 -0.133690 0.095514 1.000000 0.000000 1
0 -0.003614 -0.132793 0.094482 0.988892 0.011113 1
0 -0.095514 -0.136833 0.002582 0.000000 1.000000 1
0 -0.095514 -0.133690 0.002582 0.000000 1.000000 1
0 -0.095514 -0.136833 0.095514 0.000000 0.000000 1
0 -0.002582 -0.136833 0.002582 1.000000 1.000000 1
0 -0.002582 -0.136833 0.095514 1.000000 0.000000 1
0 -0.002582 -0.133690 0.002582 1.000000 1.000000 1
0 -0.094482 -0.132793 0.003614 0.011113 0.988892 1
0 -0.094482 -0.132793 0.094482 0.011113 0.011113 1
0 -0.003614 -0.132793 0.003614 0.988892 0.988892 1
12
-0.634426 0.540844 0.552261
0.656109 0.372885 0.656108
0.245195 0.937955 0.245195
-0.577350 -0.577350 -0.577350
-0.636013 0.622865 -0.455551
-0.408248 -0.408248 0.816497
0.816497 -0.408248 -0.408248
0.408248 -0.816497 0.408248
0.458487 0.598677 -0.656791
-0.145475 0.945614 -0.290950
-0.366624 0.912131 0.183312
0.245195 0.937954 -0.245195
20
0 0 1 2 0 1 2 0
0 3 0 4 3 0 4 0
0 5 1 0 5 1 0 0
0 6 1 7 6 1 7 0
0 3 8 6 3 8 6 0
0 3 7 5 3 7 5 0
0 3 6 7 3 6 7 0
0 3 4 8 3 4 8 0
0 6 8 1 6 8 1 0
0 5 7 1 5 7 1 0
0 3 5 0 3 5 0 0
0 9 10 2 9 10 2 0
0 8 4 9 8 4 9 0
0 4 0 10 4 0 10 0
0 8 2 1 8 2 1 0
0 8 11 2 8 11 2 0
0 4 10 9 4 10 9 0
0 8 9 11 8 9 11 0
0 9 2 11 9 2 11 0
0 0 2 10 0 2 10 0
"Mesh_music_filed_Material24" 0 24
12
0 0.095514 -0.133690 0.002582 1.000000 1.000000 1
0 0.094482 -0.132793 0.003614 0.988887 0.988892 1
0 0.094482 -0.132793 0.094482 0.988887 0.011113 1
0 0.002582 -0.133690 0.002582 0.000000 1.000000 1
0 0.003614 -0.132793 0.003614 0.011108 0.988892 1
0 0.002582 -0.136833 0.095514 0.000000 0.000000 1
0 0.095514 -0.136833 0.095514 1.000000 0.000000 1
0 0.095514 -0.133690 0.095514 1.000000 0.000000 1
0 0.095514 -0.136833 0.002582 1.000000 1.000000 1
0 0.002582 -0.136833 0.002582 0.000000 1.000000 1
0 0.002582 -0.133690 0.095514 0.000000 0.000000 1
0 0.003614 -0.132793 0.094482 0.011108 0.011113 1
12
0.458487 0.598678 -0.656791
0.245195 0.937955 -0.245195
0.245195 0.937955 0.245195
-0.636014 0.622864 -0.455551
-0.145475 0.945614 -0.290950
-0.408248 -0.408248 0.816497
0.408248 -0.816497 0.408248
0.656108 0.372886 0.656108
0.816497 -0.408248 -0.408248
-0.577350 -0.577350 -0.577350
-0.634426 0.540844 0.552261
-0.366624 0.912131 0.183312
20
0 0 1 2 0 1 2 0
0 0 3 4 0 3 4 0
0 5 6 7 5 6 7 0
0 8 0 7 8 0 7 0
0 9 3 0 9 3 0 0
0 3 10 11 3 10 11 0
0 4 11 2 4 11 2 0
0 9 8 6 9 8 6 0
0 9 5 10 9 5 10 0
0 10 7 2 10 7 2 0
0 9 6 5 9 6 5 0
0 9 0 8 9 0 8 0
0 8 7 6 8 7 6 0
0 5 7 10 5 7 10 0
0 9 10 3 9 10 3 0
0 4 2 1 4 2 1 0
0 0 4 1 0 4 1 0
0 3 11 4 3 11 4 0
0 10 2 11 10 2 11 0
0 0 2 7 0 2 7 0
"Mesh_music_filed_Material25" 0 25
12
0 0.100677 -0.136833 0.002582 0.000000 1.000000 1
0 0.100677 -0.133690 0.095514 0.000000 0.000000 1
0 0.100677 -0.133690 0.002582 0.000000 1.000000 1
0 0.101710 -0.132793 0.094482 0.011113 0.011113 1
0 0.101710 -0.132793 0.003614 0.011113 0.988892 1
0 0.192577 -0.132793 0.094482 0.988887 0.011113 1
0 0.193610 -0.133690 0.002582 1.000000 1.000000 1
0 0.193610 -0.136833 0.002582 1.000000 1.000000 1
0 0.193610 -0.133690 0.095514 1.000000 0.000000 1
0 0.192577 -0.132793 0.003614 0.988887 0.988892 1
0 0.100677 -0.136833 0.095514 0.000000 0.000000 1
0 0.193610 -0.136833 0.095514 1.000000 0.000000 1
12
-0.577350 -0.577350 -0.577350
-0.634348 0.540927 0.552269
-0.635826 0.623049 -0.455559
-0.366390 0.912228 0.183296
-0.145387 0.945632 -0.290934
0.245042 0.938000 0.245176
0.458340 0.598796 -0.656786
0.816497 -0.408248 -0.408248
0.656039 0.372974 0.656128
0.245042 0.937999 -0.245176
-0.408248 -0.408248 0.816497
0.408248 -0.816497 0.408248
20
0 0 1 2 0 1 2 0
0 2 3 4 2 3 4 0
0 1 5 3 1 5 3 0
0 0 6 7 0 6 7 0
0 6 5 8 6 5 8 0
0 4 5 9 4 5 9 0
0 6 4 9 6 4 9 0
0 10 8 1 10 8 1 0
0 7 8 11 7 8 11 0
0 0 11 10 0 11 10 0
0 4 3 5 4 3 5 0
0 0 2 6 0 2 6 0
0 7 6 8 7 6 8 0
0 10 11 8 10 11 8 0
0 0 10 1 0 10 1 0
0 0 7 11 0 7 11 0
0 6 2 4 6 2 4 0
0 2 1 3 2 1 3 0
0 1 8 5 1 8 5 0
0 6 9 5 6 9 5 0
"Mesh_music_filed_Material26" 0 26
12
0 -0.193610 -0.136833 -0.095514 0.000000 1.000000 1
0 -0.100677 -0.133690 -0.095514 1.000000 1.000000 1
0 -0.100677 -0.136833 -0.095514 1.000000 1.000000 1
0 -0.192577 -0.132793 -0.094482 0.011113 0.988887 1
0 -0.101710 -0.132793 -0.003614 0.988887 0.011108 1
0 -0.101710 -0.132793 -0.094482 0.988887 0.988887 1
0 -0.193610 -0.133690 -0.002582 0.000000 0.000000 1
0 -0.193610 -0.133690 -0.095514 0.000000 1.000000 1
0 -0.100677 -0.133690 -0.002582 1.000000 0.000000 1
0 -0.192577 -0.132793 -0.003614 0.011113 0.011108 1
0 -0.193610 -0.136833 -0.002582 0.000000 0.000000 1
0 -0.100677 -0.136833 -0.002582 1.000000 0.000000 1
12
-0.577350 -0.577350 -0.577350
0.458339 0.598797 -0.656785
0.816497 -0.408248 -0.408248
-0.145387 0.945632 -0.290934
0.245041 0.938000 0.245176
0.245041 0.938000 -0.245176
-0.634349 0.540926 0.552269
-0.635828 0.623048 -0.455559
0.656039 0.372974 0.656128
-0.366392 0.912228 0.183297
-0.408248 -0.408248 0.816497
0.408248 -0.816497 0.408248
20
0 0 1 2 0 1 2 0
0 3 4 5 3 4 5 0
0 0 6 7 0 6 7 0
0 1 5 4 1 5 4 0
0 6 8 4 6 8 4 0
0 7 6 9 7 6 9 0
0 1 7 3 1 7 3 0
0 3 9 4 3 9 4 0
0 0 10 6 0 10 6 0
0 10 11 8 10 11 8 0
0 2 1 8 2 1 8 0
0 0 7 1 0 7 1 0
0 2 8 11 2 8 11 0
0 10 8 6 10 8 6 0
0 0 11 10 0 11 10 0
0 0 2 11 0 2 11 0
0 1 3 5 1 3 5 0
0 7 9 3 7 9 3 0
0 6 4 9 6 4 9 0
0 1 4 8 1 4 8 0
"Mesh_music_filed_Material27" 0 27
64
0 0.227358 -0.151961 -0.200375 0.727358 0.700375 1
0 0.200375 -0.151961 -0.227358 0.700375 0.727358 1
0 0.200375 -0.145689 -0.227358 0.700375 0.727358 1
0 0.183452 -0.151961 -0.223360 0.683452 0.723360 1
0 0.187208 -0.151961 -0.227358 0.687208 0.727358 1
0 0.223360 -0.151961 -0.198464 0.723360 0.698464 1
0 0.198464 -0.151961 -0.223360 0.698464 0.723360 1
0 0.223360 -0.145689 -0.183760 0.723360 0.683760 1
0 0.227358 -0.145689 -0.186900 0.727358 0.686900 1
0 0.227358 -0.145689 -0.200375 0.727358 0.700375 1
0 0.187208 -0.145689 -0.227358 0.687208 0.727358 1
0 0.223360 -0.151961 -0.183760 0.723360 0.683760 1
0 0.223360 -0.145689 -0.198464 0.723360 0.698464 1
0 0.227358 -0.151961 -0.186900 0.727358 0.686900 1
0 0.183452 -0.145689 -0.223360 0.683452 0.723360 1
0 -0.187208 -0.145689 -0.227358 0.312792 0.727358 1
0 -0.200375 -0.145689 -0.227358 0.299625 0.727358 1
0 -0.198464 -0.145689 -0.223360 0.301536 0.723360 1
0 -0.227358 -0.145689 -0.200375 0.272642 0.700375 1
0 -0.223360 -0.145689 -0.198464 0.276640 0.698464 1
0 0.198464 -0.145689 -0.223360 0.698464 0.723360 1
0 -0.187208 -0.151961 -0.227358 0.312792 0.727358 1
0 -0.200375 -0.151961 -0.227358 0.299625 0.727358 1
0 -0.227358 -0.151961 -0.200375 0.272642 0.700375 1
0 -0.183452 -0.151961 -0.223360 0.316548 0.723360 1
0 -0.198464 -0.151961 -0.223360 0.301536 0.723360 1
0 -0.223360 -0.145689 -0.183760 0.276640 0.683760 1
0 -0.223360 -0.151961 -0.183760 0.276640 0.683760 1
0 -0.223360 -0.151961 -0.198464 0.276640 0.698464 1
0 -0.227358 -0.145689 -0.186900 0.272642 0.686900 1
0 -0.227358 -0.151961 -0.186900 0.272642 0.686900 1
0 -0.183452 -0.145689 -0.223360 0.316548 0.723360 1
0 0.183452 -0.145689 0.223360 0.683452 0.276640 1
0 0.198464 -0.151961 0.223360 0.698464 0.276640 1
0 0.183452 -0.151961 0.223360 0.683452 0.276640 1
0 0.223360 -0.151961 0.198464 0.723360 0.301536 1
0 0.198464 -0.145689 0.223360 0.698464 0.276640 1
0 0.223360 -0.145689 0.198464 0.723360 0.301536 1
0 0.227358 -0.145689 0.200375 0.727358 0.299625 1
0 0.200375 -0.145689 0.227358 0.700375 0.272642 1
0 0.187208 -0.145689 0.227358 0.687208 0.272642 1
0 0.187208 -0.151961 0.227358 0.687208 0.272642 1
0 0.227358 -0.151961 0.200375 0.727358 0.299625 1
0 0.200375 -0.151961 0.227358 0.700375 0.272642 1
0 0.223360 -0.151961 0.183760 0.723360 0.316240 1
0 0.223360 -0.145689 0.183760 0.723360 0.316240 1
0 0.227358 -0.151961 0.186900 0.727358 0.313100 1
0 0.227358 -0.145689 0.186900 0.727358 0.313100 1
0 -0.187208 -0.145689 0.227358 0.312792 0.272642 1
0 -0.198464 -0.145689 0.223360 0.301536 0.276640 1
0 -0.200375 -0.145689 0.227358 0.299625 0.272642 1
0 -0.227358 -0.145689 0.200375 0.272642 0.299625 1
0 -0.223360 -0.145689 0.198464 0.276640 0.301536 1
0 -0.183452 -0.145689 0.223360 0.316548 0.276640 1
0 -0.198464 -0.151961 0.223360 0.301536 0.276640 1
0 -0.223360 -0.151961 0.198464 0.276640 0.301536 1
0 -0.187208 -0.151961 0.227358 0.312792 0.272642 1
0 -0.200375 -0.151961 0.227358 0.299625 0.272642 1
0 -0.227358 -0.151961 0.200375 0.272642 0.299625 1
0 -0.183452 -0.151961 0.223360 0.316548 0.276640 1
0 -0.223360 -0.145689 0.183760 0.276640 0.316240 1
0 -0.223360 -0.151961 0.183760 0.276640 0.316240 1
0 -0.227358 -0.145689 0.186900 0.272642 0.313100 1
0 -0.227358 -0.151961 0.186900 0.272642 0.313100 1
64
0.717284 -0.630262 -0.297109
0.200690 -0.851455 -0.484508
0.336557 0.475963 -0.812520
-0.338690 -0.929420 0.146521
-0.383090 -0.262816 -0.885534
-0.588510 -0.731307 0.344741
-0.172371 -0.731307 0.659908
0.092097 0.782700 0.615547
0.899405 0.343591 0.270214
0.387437 0.907821 -0.160482
-0.268475 0.736739 -0.620594
-0.735811 -0.532296 0.418619
-0.787122 0.581522 0.205599
0.660006 -0.590522 0.464410
-0.776665 0.532823 0.335993
0.268475 0.736739 -0.620594
-0.336557 0.475963 -0.812520
0.289713 0.819431 0.494570
-0.387437 0.907821 -0.160482
0.787122 0.581522 0.205599
-0.289713 0.819431 0.494570
0.383090 -0.262816 -0.885534
-0.200690 -0.851455 -0.484508
-0.717284 -0.630262 -0.297109
0.338690 -0.929420 0.146521
0.172371 -0.731307 0.659908
-0.092097 0.782700 0.615547
0.735811 -0.532296 0.418619
0.588510 -0.731307 0.344741
-0.899405 0.343591 0.270214
-0.660006 -0.590522 0.464410
0.776665 0.532823 0.335993
-0.776665 0.532823 -0.335993
-0.172371 -0.731307 -0.659908
-0.338690 -0.929420 -0.146521
-0.588510 -0.731307 -0.344741
-0.289713 0.819431 -0.494570
-0.787122 0.581522 -0.205599
0.387437 0.907821 0.160482
0.336557 0.475963 0.812520
-0.268475 0.736739 0.620594
-0.383090 -0.262816 0.885534
0.717284 -0.630262 0.297109
0.200690 -0.851455 0.484508
-0.735811 -0.532296 -0.418619
0.092097 0.782700 -0.615547
0.660006 -0.590522 -0.464410
0.899405 0.343591 -0.270214
0.268475 0.736739 0.620594
0.289713 0.819431 -0.494570
-0.336557 0.475963 0.812520
-0.387437 0.907821 0.160482
0.787122 0.581522 -0.205599
0.776665 0.532823 -0.335993
0.172371 -0.731307 -0.659908
0.588510 -0.731307 -0.344741
0.383090 -0.262816 0.885534
-0.200690 -0.851455 0.484508
-0.717284 -0.630262 0.297109
0.338690 -0.929420 -0.146521
-0.092097 0.782700 -0.615547
0.735811 -0.532296 -0.418619
-0.899405 0.343591 -0.270214
-0.660006 -0.590522 -0.464410
112
0 0 1 2 0 1 2 0
0 3 4 1 3 4 1 0
0 0 5 6 0 5 6 0
0 7 8 9 7 8 9 0
0 4 10 2 4 10 2 0
0 11 7 12 11 7 12 0
0 8 13 0 8 13 0 0
0 13 11 5 13 11 5 0
0 13 8 7 13 8 7 0
0 4 3 14 4 3 14 0
0 15 16 17 15 16 17 0
0 18 19 17 18 19 17 0
0 14 3 6 14 3 6 0
0 5 12 20 5 12 20 0
0 21 22 16 21 22 16 0
0 23 18 16 23 18 16 0
0 24 25 22 24 25 22 0
0 23 22 25 23 22 25 0
0 26 19 18 26 19 18 0
0 27 28 19 27 28 19 0
0 29 18 23 29 18 23 0
0 30 23 28 30 23 28 0
0 30 27 26 30 27 26 0
0 21 15 31 21 15 31 0
0 32 33 34 32 33 34 0
0 35 36 37 35 36 37 0
0 9 2 20 9 2 20 0
0 10 14 20 10 14 20 0
0 38 36 39 38 36 39 0
0 15 17 31 15 17 31 0
0 40 36 32 40 36 32 0
0 18 17 16 18 17 16 0
0 31 17 25 31 17 25 0
0 28 25 17 28 25 17 0
0 21 31 24 21 31 24 0
0 31 25 24 31 25 24 0
0 41 39 40 41 39 40 0
0 42 39 43 42 39 43 0
0 44 37 45 44 37 45 0
0 30 26 29 30 26 29 0
0 46 35 44 46 35 44 0
0 46 45 47 46 45 47 0
0 41 32 34 41 32 34 0
0 48 49 50 48 49 50 0
0 51 49 52 51 49 52 0
0 53 54 49 53 54 49 0
0 55 49 54 55 49 54 0
0 56 50 57 56 50 57 0
0 13 7 11 13 7 11 0
0 58 50 51 58 50 51 0
0 59 57 54 59 57 54 0
0 58 54 57 58 54 57 0
0 60 51 52 60 51 52 0
0 61 52 55 61 52 55 0
0 62 58 51 62 58 51 0
0 63 55 58 63 55 58 0
0 63 60 61 63 60 61 0
0 56 53 48 56 53 48 0
0 10 20 2 10 20 2 0
0 9 20 12 9 20 12 0
0 14 6 20 14 6 20 0
0 5 20 6 5 20 6 0
0 4 2 1 4 2 1 0
0 0 2 9 0 2 9 0
0 3 1 6 3 1 6 0
0 0 6 1 0 6 1 0
0 7 9 12 7 9 12 0
0 11 12 5 11 12 5 0
0 8 0 9 8 0 9 0
0 13 5 0 13 5 0 0
0 28 17 19 28 17 19 0
0 21 16 15 21 16 15 0
0 23 16 22 23 16 22 0
0 24 22 21 24 22 21 0
0 23 25 28 23 25 28 0
0 26 18 29 26 18 29 0
0 27 19 26 27 19 26 0
0 4 14 10 4 14 10 0
0 29 23 30 29 23 30 0
0 30 28 27 30 28 27 0
0 56 59 53 56 59 53 0
0 55 52 49 55 52 49 0
0 53 59 54 53 59 54 0
0 51 50 49 51 50 49 0
0 48 53 49 48 53 49 0
0 41 40 32 41 40 32 0
0 46 44 45 46 44 45 0
0 46 42 35 46 42 35 0
0 47 38 42 47 38 42 0
0 56 48 50 56 48 50 0
0 58 57 50 58 57 50 0
0 59 56 57 59 56 57 0
0 58 55 54 58 55 54 0
0 60 62 51 60 62 51 0
0 61 60 52 61 60 52 0
0 62 63 58 62 63 58 0
0 63 61 55 63 61 55 0
0 63 62 60 63 62 60 0
0 47 42 46 47 42 46 0
0 44 35 37 44 35 37 0
0 45 37 38 45 37 38 0
0 42 43 33 42 43 33 0
0 34 33 43 34 33 43 0
0 42 38 39 42 38 39 0
0 41 43 39 41 43 39 0
0 35 33 36 35 33 36 0
0 32 36 33 32 36 33 0
0 38 37 36 38 37 36 0
0 40 39 36 40 39 36 0
0 45 38 47 45 38 47 0
0 42 33 35 42 33 35 0
0 34 43 41 34 43 41 0
"Mesh_music_filed_Material28" 0 28
88
0 0.015166 0.141332 -0.031837 0.513035 0.526763 1
0 0.053227 0.141332 -0.126043 0.545747 0.605954 1
0 0.049268 0.141332 -0.127642 0.542344 0.607299 1
0 -0.221587 0.141332 0.554147 0.309555 0.034174 1
0 -0.225546 0.141332 0.552547 0.306152 0.035519 1
0 -0.226138 0.138168 0.552308 0.305643 0.035719 1
0 -0.183525 0.141332 0.459941 0.342267 0.113365 1
0 0.015757 0.138168 -0.031598 0.513543 0.526562 1
0 0.048677 0.138168 -0.127881 0.541836 0.607499 1
0 0.053819 0.138168 -0.125804 0.546255 0.605753 1
0 0.538046 0.094618 0.221278 0.962430 0.313990 1
0 -0.541155 0.097782 -0.213585 0.034899 0.679543 1
0 -0.540751 0.094618 -0.214584 0.035246 0.680384 1
0 -0.033808 0.138168 -0.010287 0.470943 0.508647 1
0 -0.128014 0.138168 -0.048348 0.389977 0.540643 1
0 -0.125671 0.138168 -0.054147 0.391991 0.545517 1
0 -0.010615 0.138168 0.033676 0.490877 0.471692 1
0 -0.053819 0.138168 0.125804 0.453745 0.394247 1
0 -0.015757 0.138168 0.031598 0.486457 0.473438 1
0 -0.033539 0.141332 -0.010954 0.471175 0.509208 1
0 -0.127744 0.141332 -0.049015 0.390209 0.541203 1
0 -0.011206 0.141332 0.033437 0.490369 0.471892 1
0 -0.048677 0.138168 0.127881 0.458164 0.392501 1
0 0.125941 0.141332 0.053480 0.608241 0.455044 1
0 0.125671 0.138168 0.054147 0.608009 0.454483 1
0 0.128014 0.138168 0.048348 0.610023 0.459357 1
0 -0.049268 0.141332 0.127642 0.457656 0.392701 1
0 -0.187485 0.141332 0.458342 0.338864 0.114709 1
0 -0.188076 0.138168 0.458103 0.338356 0.114910 1
0 -0.015166 0.141332 0.031837 0.486965 0.473237 1
0 -0.053227 0.141332 0.126043 0.454253 0.394046 1
0 -0.182934 0.138168 0.460180 0.342775 0.113164 1
0 -0.031466 0.138168 -0.016085 0.472957 0.513522 1
0 -0.031735 0.141332 -0.015419 0.472725 0.512961 1
0 -0.125941 0.141332 -0.053480 0.391759 0.544956 1
0 -0.460313 0.138168 -0.182606 0.104379 0.653502 1
0 -0.552176 0.138168 -0.226466 0.025427 0.690372 1
0 -0.457970 0.138168 -0.188404 0.106393 0.658376 1
0 -0.460043 0.141332 -0.183273 0.104611 0.654063 1
0 -0.554518 0.138168 -0.220667 0.023413 0.685497 1
0 -0.554249 0.141332 -0.221334 0.023645 0.686058 1
0 -0.458239 0.141332 -0.187738 0.106161 0.657816 1
0 -0.552445 0.141332 -0.225799 0.025195 0.689811 1
0 0.183525 0.141332 -0.459941 0.657733 0.886635 1
0 0.220996 0.138168 -0.554386 0.689937 0.966027 1
0 0.182934 0.138168 -0.460180 0.657225 0.886836 1
0 0.225546 0.141332 -0.552547 0.693848 0.964481 1
0 0.221587 0.141332 -0.554147 0.690445 0.965826 1
0 0.187485 0.141332 -0.458342 0.661136 0.885290 1
0 0.188076 0.138168 -0.458103 0.661644 0.885090 1
0 0.226138 0.138168 -0.552308 0.694357 0.964281 1
0 0.011206 0.141332 -0.033437 0.509631 0.528108 1
0 0.010615 0.138168 -0.033676 0.509123 0.528308 1
0 0.031466 0.138168 0.016085 0.527043 0.486478 1
0 0.031735 0.141332 0.015419 0.527275 0.487039 1
0 0.127744 0.141332 0.049015 0.609791 0.458797 1
0 0.033808 0.138168 0.010287 0.529057 0.491353 1
0 0.033539 0.141332 0.010954 0.528825 0.490792 1
0 0.457970 0.138168 0.188404 0.893607 0.341624 1
0 0.554518 0.138168 0.220667 0.976587 0.314503 1
0 0.552176 0.138168 0.226466 0.974573 0.309628 1
0 0.458239 0.141332 0.187738 0.893839 0.342184 1
0 0.552445 0.141332 0.225799 0.974805 0.310189 1
0 0.554249 0.141332 0.221334 0.976355 0.313942 1
0 -0.016344 0.106668 0.031361 0.485953 0.473637 1
0 -0.219658 0.106668 0.552765 0.311213 0.035335 1
0 -0.225974 0.106668 0.550213 0.305784 0.037481 1
0 0.460313 0.138168 0.182606 0.895621 0.346498 1
0 0.460043 0.141332 0.183273 0.895389 0.345937 1
0 0.537643 0.097782 0.222278 0.962083 0.313149 1
0 0.541155 0.097782 0.213585 0.965101 0.320457 1
0 -0.537643 0.097782 -0.222278 0.037917 0.686851 1
0 0.540751 0.094618 0.214584 0.964754 0.319616 1
0 -0.538046 0.094618 -0.221278 0.037570 0.686010 1
0 -0.009085 0.109832 0.034294 0.492192 0.471172 1
0 -0.010028 0.106668 0.033913 0.491381 0.471492 1
0 -0.218714 0.109832 0.553146 0.312024 0.035015 1
0 -0.226918 0.109832 0.549832 0.304973 0.037801 1
0 -0.017288 0.109832 0.030980 0.485142 0.473958 1
0 0.010028 0.106668 -0.033913 0.508619 0.528508 1
0 0.225974 0.106668 -0.550213 0.694216 0.962519 1
0 0.016344 0.106668 -0.031361 0.514047 0.526363 1
0 0.017288 0.109832 -0.030980 0.514858 0.526042 1
0 0.009085 0.109832 -0.034294 0.507808 0.528828 1
0 0.226918 0.109832 -0.549832 0.695027 0.962199 1
0 0.219658 0.106668 -0.552765 0.688787 0.964665 1
0 -0.220996 0.138168 0.554386 0.310063 0.033973 1
0 0.218714 0.109832 -0.553146 0.687976 0.964985 1
88
0.289939 0.649975 0.702473
0.655570 0.473684 -0.588091
-0.205080 0.843320 -0.496743
0.063084 0.473600 0.878478
-0.492527 0.843358 0.214858
-0.795318 -0.497097 0.346936
0.696554 0.649948 -0.303941
0.234061 -0.789691 0.567100
-0.331099 -0.497156 -0.802004
0.960561 -0.264930 -0.084469
0.299889 -0.692742 0.655877
-0.753995 0.163548 0.636195
-0.856862 -0.513132 0.049821
0.248516 -0.786424 0.565489
-0.733129 -0.246081 0.634008
-0.351427 -0.486843 -0.799677
0.562341 -0.789684 -0.245300
-0.795261 -0.497138 0.347007
-0.067422 -0.338961 -0.938381
0.302813 0.658396 0.689071
-0.874434 0.481285 0.061081
0.696611 0.649914 -0.303884
0.632311 -0.265001 0.727982
0.586661 0.481336 0.651264
0.086933 -0.246309 0.965285
0.808330 -0.486731 -0.331204
0.063223 0.473562 0.878488
-0.553844 0.535439 -0.637622
-0.067564 -0.338938 -0.938379
-0.553807 0.535465 -0.637632
-0.492472 0.843379 0.214902
0.562284 -0.789714 -0.245332
0.941601 -0.330247 -0.065765
0.631735 0.549937 -0.546333
-0.214162 0.846606 -0.487229
0.248476 -0.786430 0.565498
-0.351414 -0.486845 -0.799682
0.941568 -0.330353 -0.065705
0.302805 0.658342 0.689126
-0.733091 -0.246176 0.634015
-0.874439 0.481276 0.061077
0.631749 0.549904 -0.546351
-0.214109 0.846605 -0.487254
-0.841375 0.535363 0.073996
-0.331013 -0.497191 -0.802017
-0.700298 -0.338991 0.628226
0.655675 0.473656 -0.587997
-0.205011 0.843343 -0.496732
0.290019 0.649934 0.702478
0.234122 -0.789662 0.567117
0.960573 -0.264897 -0.084434
-0.841390 0.535344 0.073957
-0.700402 -0.338962 0.628126
-0.571522 -0.786458 0.234194
-0.696523 0.658341 0.285382
0.492477 0.846604 -0.201811
-0.631732 -0.330142 -0.701371
-0.074922 0.550062 -0.831757
-0.571505 -0.786487 0.234138
0.808321 -0.486753 -0.331192
0.086961 -0.246259 0.965295
-0.696575 0.658287 0.285378
0.586666 0.481275 0.651304
0.492535 0.846576 -0.201788
-0.267289 -0.687257 -0.675451
0.188997 -0.857995 0.477625
-0.634583 -0.507979 0.582462
-0.631678 -0.330215 -0.701385
-0.074926 0.549984 -0.831808
0.263877 0.772894 0.577065
0.954605 0.292657 -0.055502
-0.373132 0.441377 -0.816063
0.606057 -0.609274 -0.511352
-0.212040 -0.860216 -0.463754
0.703039 0.299013 -0.645234
0.796148 -0.599844 -0.079593
0.328800 0.449034 0.830818
-0.979278 0.177268 0.097937
-0.232486 0.775121 -0.587484
-0.661526 -0.687210 0.300209
0.467716 -0.858014 -0.212259
0.517370 -0.599893 0.610292
0.057477 0.298930 0.952542
-0.575317 0.775144 0.261080
0.813670 0.448967 -0.369284
-0.051894 -0.507991 -0.859798
0.632282 -0.265030 0.727996
-0.636413 0.177453 -0.750659
132
0 0 1 2 0 1 2 0
0 3 4 5 3 4 5 0
0 6 4 3 6 4 3 0
0 7 8 9 7 8 9 0
0 10 11 12 10 11 12 0
0 13 14 15 13 14 15 0
0 16 17 18 16 17 18 0
0 19 20 14 19 20 14 0
0 21 22 16 21 22 16 0
0 23 24 25 23 24 25 0
0 26 17 22 26 17 22 0
0 27 28 5 27 28 5 0
0 29 17 30 29 17 30 0
0 6 31 28 6 31 28 0
0 19 14 13 19 14 13 0
0 21 18 29 21 18 29 0
0 13 15 32 13 15 32 0
0 20 15 14 20 15 14 0
0 33 15 34 33 15 34 0
0 19 32 33 19 32 33 0
0 19 34 20 19 34 20 0
0 35 36 37 35 36 37 0
0 38 39 35 38 39 35 0
0 40 36 39 40 36 39 0
0 41 36 42 41 36 42 0
0 43 44 45 43 44 45 0
0 46 44 47 46 44 47 0
0 48 45 49 48 45 49 0
0 49 44 50 49 44 50 0
0 0 2 51 0 2 51 0
0 48 50 46 48 50 46 0
0 51 8 52 51 8 52 0
0 1 8 2 1 8 2 0
0 0 52 7 0 52 7 0
0 48 47 43 48 47 43 0
0 38 42 40 38 42 40 0
0 53 25 24 53 25 24 0
0 54 24 23 54 24 23 0
0 23 25 55 23 25 55 0
0 48 46 47 48 46 47 0
0 54 56 53 54 56 53 0
0 57 25 56 57 25 56 0
0 48 43 45 48 43 45 0
0 54 55 57 54 55 57 0
0 58 59 60 58 59 60 0
0 61 60 62 61 60 62 0
0 62 59 63 62 59 63 0
0 43 47 44 43 47 44 0
0 64 65 66 64 65 66 0
0 21 30 26 21 30 26 0
0 57 55 25 57 55 25 0
0 54 57 56 54 57 56 0
0 54 23 55 54 23 55 0
0 58 67 59 58 67 59 0
0 61 58 60 61 58 60 0
0 62 60 59 62 60 59 0
0 68 63 59 68 63 59 0
0 61 68 67 61 68 67 0
0 61 62 63 61 62 63 0
0 69 70 71 69 70 71 0
0 10 69 11 10 69 11 0
0 12 11 71 12 11 71 0
0 72 73 71 72 73 71 0
0 6 27 4 6 27 4 0
0 64 74 75 64 74 75 0
0 7 52 8 7 52 8 0
0 75 76 65 75 76 65 0
0 0 7 9 0 7 9 0
0 66 76 77 66 76 77 0
0 1 9 8 1 9 8 0
0 64 77 78 64 77 78 0
0 51 2 8 51 2 8 0
0 78 76 74 78 76 74 0
0 78 77 76 78 77 76 0
0 79 80 81 79 80 81 0
0 64 66 77 64 66 77 0
0 79 82 83 79 82 83 0
0 66 65 76 66 65 76 0
0 81 84 82 81 84 82 0
0 0 51 52 0 51 52 0
0 85 84 80 85 84 80 0
0 75 74 76 75 74 76 0
0 16 22 17 16 22 17 0
0 21 26 22 21 26 22 0
0 26 30 17 26 30 17 0
0 29 18 17 29 18 17 0
0 21 16 18 21 16 18 0
0 21 29 30 21 29 30 0
0 31 86 5 31 86 5 0
0 6 3 86 6 3 86 0
0 79 87 85 79 87 85 0
0 10 72 70 10 72 70 0
0 10 12 73 10 12 73 0
0 83 82 84 83 82 84 0
0 79 83 87 79 83 87 0
0 85 87 84 85 87 84 0
0 81 80 84 81 80 84 0
0 79 81 82 79 81 82 0
0 79 85 80 79 85 80 0
0 49 45 44 49 45 44 0
0 48 49 50 48 49 50 0
0 46 50 44 46 50 44 0
0 61 67 58 61 67 58 0
0 68 59 67 68 59 67 0
0 38 41 42 38 41 42 0
0 53 56 25 53 56 25 0
0 38 35 37 38 35 37 0
0 61 63 68 61 63 68 0
0 38 37 41 38 37 41 0
0 69 71 11 69 71 11 0
0 12 71 73 12 71 73 0
0 41 37 36 41 37 36 0
0 10 70 69 10 70 69 0
0 72 71 70 72 71 70 0
0 40 42 36 40 42 36 0
0 10 73 72 10 73 72 0
0 83 84 87 83 84 87 0
0 0 9 1 0 9 1 0
0 6 28 27 6 28 27 0
0 27 5 4 27 5 4 0
0 20 34 15 20 34 15 0
0 33 32 15 33 32 15 0
0 19 13 32 19 13 32 0
0 19 33 34 19 33 34 0
0 35 39 36 35 39 36 0
0 38 40 39 38 40 39 0
0 3 5 86 3 5 86 0
0 64 78 74 64 78 74 0
0 54 53 24 54 53 24 0
0 31 5 28 31 5 28 0
0 6 86 31 6 86 31 0
0 64 75 65 64 75 65 0
"Mesh_music_filed_Material29" 0 29
128
0 0.267480 0.060000 0.279716 4.958008 0.076190 1
0 0.256000 -0.118000 0.282000 4.766666 0.923810 1
0 0.267480 -0.118000 0.279716 4.958008 0.923810 1
0 0.234787 0.060000 0.230787 4.413114 0.076190 1
0 0.244520 0.060000 0.224284 4.575325 0.076190 1
0 0.244520 -0.118000 0.224284 4.575325 0.923810 1
0 0.234787 0.060000 0.273213 4.413114 0.076190 1
0 0.228284 -0.118000 0.263481 4.304727 0.923810 1
0 0.234787 -0.118000 0.273213 4.413114 0.923810 1
0 0.256000 0.060000 0.222000 4.766666 0.076190 1
0 0.256000 -0.118000 0.222000 4.766666 0.923810 1
0 -0.256000 0.060000 -0.282000 -3.766666 0.076190 1
0 -0.244520 -0.118000 -0.279716 -3.575325 0.923810 1
0 -0.256000 -0.118000 -0.282000 -3.766666 0.923810 1
0 0.228284 0.060000 0.240519 4.304727 0.076190 1
0 0.234787 -0.118000 0.230787 4.413114 0.923810 1
0 0.226000 0.060000 0.252000 4.266667 0.076190 1
0 0.228284 -0.118000 0.240519 4.304727 0.923810 1
0 0.283716 0.060000 0.263481 5.228606 0.076190 1
0 0.277213 -0.118000 0.273213 5.120220 0.923810 1
0 0.283716 -0.118000 0.263481 5.228606 0.923810 1
0 0.277213 0.060000 0.273213 5.120220 0.076190 1
0 0.244520 0.060000 0.279716 4.575325 0.076190 1
0 0.244520 -0.118000 0.279716 4.575325 0.923810 1
0 0.267480 0.060000 0.224284 4.958008 0.076190 1
0 0.267480 -0.118000 0.224284 4.958008 0.923810 1
0 0.256000 0.060000 0.282000 4.766666 0.076190 1
0 0.277213 0.060000 0.230787 5.120220 0.076190 1
0 0.277213 -0.118000 0.230787 5.120220 0.923810 1
0 0.228284 0.060000 0.263481 4.304727 0.076190 1
0 0.226000 -0.118000 0.252000 4.266667 0.923810 1
0 0.283716 0.060000 0.240519 5.228606 0.076190 1
0 0.283716 -0.118000 0.240519 5.228606 0.923810 1
0 0.267480 0.060000 -0.224284 4.958008 0.076190 1
0 0.267480 -0.118000 -0.224284 4.958008 0.923810 1
0 0.277213 -0.118000 -0.230787 5.120220 0.923810 1
0 0.286000 0.060000 0.252000 5.266666 0.076190 1
0 0.286000 -0.118000 0.252000 5.266666 0.923810 1
0 -0.267480 0.060000 -0.224284 -3.958008 0.076190 1
0 -0.277213 -0.118000 -0.230787 -4.120220 0.923810 1
0 -0.267480 -0.118000 -0.224284 -3.958008 0.923810 1
0 -0.256000 0.060000 0.222000 -3.766666 0.076190 1
0 -0.267480 -0.118000 0.224284 -3.958008 0.923810 1
0 -0.267480 0.060000 0.224284 -3.958008 0.076190 1
0 -0.226000 0.060000 -0.252000 -3.266667 0.076190 1
0 -0.228284 -0.118000 -0.240519 -3.304727 0.923810 1
0 -0.226000 -0.118000 -0.252000 -3.266667 0.923810 1
0 0.228284 0.060000 -0.240519 4.304727 0.076190 1
0 0.228284 -0.118000 -0.240519 4.304727 0.923810 1
0 0.234787 -0.118000 -0.230787 4.413114 0.923810 1
0 -0.228284 0.060000 -0.240519 -3.304727 0.076190 1
0 -0.234787 -0.118000 -0.230787 -3.413114 0.923810 1
0 -0.234787 0.060000 -0.230787 -3.413114 0.076190 1
0 -0.244520 -0.118000 -0.224284 -3.575325 0.923810 1
0 0.226000 0.060000 -0.252000 4.266667 0.076190 1
0 0.226000 -0.118000 -0.252000 4.266667 0.923810 1
0 -0.244520 0.060000 -0.224284 -3.575325 0.076190 1
0 -0.256000 -0.118000 -0.222000 -3.766666 0.923810 1
0 0.234787 0.060000 -0.230787 4.413114 0.076190 1
0 0.244520 -0.118000 -0.224284 4.575325 0.923810 1
0 -0.256000 0.060000 -0.222000 -3.766666 0.076190 1
0 0.244520 0.060000 -0.224284 4.575325 0.076190 1
0 0.256000 -0.118000 -0.222000 4.766666 0.923810 1
0 -0.277213 0.060000 -0.230787 -4.120220 0.076190 1
0 -0.283716 -0.118000 -0.240519 -4.228606 0.923810 1
0 0.256000 0.060000 -0.222000 4.766666 0.076190 1
0 -0.283716 0.060000 -0.240519 -4.228606 0.076190 1
0 -0.286000 -0.118000 -0.252000 -4.266666 0.923810 1
0 0.277213 0.060000 -0.230787 5.120220 0.076190 1
0 0.283716 -0.118000 -0.240519 5.228606 0.923810 1
0 -0.286000 0.060000 -0.252000 -4.266666 0.076190 1
0 -0.283716 -0.118000 -0.263481 -4.228606 0.923810 1
0 -0.277213 0.060000 -0.273213 -4.120220 0.076190 1
0 -0.267480 -0.118000 -0.279716 -3.958008 0.923810 1
0 -0.277213 -0.118000 -0.273213 -4.120220 0.923810 1
0 -0.283716 0.060000 -0.263481 -4.228606 0.076190 1
0 0.283716 0.060000 -0.240519 5.228606 0.076190 1
0 0.286000 -0.118000 -0.252000 5.266666 0.923810 1
0 0.283716 0.060000 -0.263481 5.228606 0.076190 1
0 0.283716 -0.118000 -0.263481 5.228606 0.923810 1
0 0.277213 -0.118000 -0.273213 5.120220 0.923810 1
0 0.286000 0.060000 -0.252000 5.266666 0.076190 1
0 -0.267480 0.060000 -0.279716 -3.958008 0.076190 1
0 -0.244520 0.060000 0.224284 -3.575325 0.076190 1
0 -0.256000 -0.118000 0.222000 -3.766666 0.923810 1
0 -0.234787 0.060000 0.230787 -3.413114 0.076190 1
0 -0.244520 -0.118000 0.224284 -3.575325 0.923810 1
0 -0.228284 0.060000 0.263481 -3.304727 0.076190 1
0 -0.226000 -0.118000 0.252000 -3.266667 0.923810 1
0 -0.226000 0.060000 0.252000 -3.266667 0.076190 1
0 0.277213 0.060000 -0.273213 5.120220 0.076190 1
0 0.267480 -0.118000 -0.279716 4.958008 0.923810 1
0 -0.234787 0.060000 0.273213 -3.413114 0.076190 1
0 -0.228284 -0.118000 0.263481 -3.304727 0.923810 1
0 -0.244520 0.060000 0.279716 -3.575325 0.076190 1
0 -0.234787 -0.118000 0.273213 -3.413114 0.923810 1
0 -0.244520 0.060000 -0.279716 -3.575325 0.076190 1
0 -0.234787 -0.118000 -0.273213 -3.413114 0.923810 1
0 0.267480 0.060000 -0.279716 4.958008 0.076190 1
0 0.256000 -0.118000 -0.282000 4.766666 0.923810 1
0 -0.234787 0.060000 -0.273213 -3.413114 0.076190 1
0 -0.228284 -0.118000 -0.263481 -3.304727 0.923810 1
0 0.256000 0.060000 -0.282000 4.766666 0.076190 1
0 0.244520 -0.118000 -0.279716 4.575325 0.923810 1
0 -0.228284 0.060000 -0.263481 -3.304727 0.076190 1
0 0.244520 0.060000 -0.279716 4.575325 0.076190 1
0 0.234787 -0.118000 -0.273213 4.413114 0.923810 1
0 -0.277213 -0.118000 0.230787 -4.120220 0.923810 1
0 -0.277213 0.060000 0.230787 -4.120220 0.076190 1
0 0.234787 0.060000 -0.273213 4.413114 0.076190 1
0 0.228284 -0.118000 -0.263481 4.304727 0.923810 1
0 -0.228284 0.060000 0.240519 -3.304727 0.076190 1
0 -0.234787 -0.118000 0.230787 -3.413114 0.923810 1
0 0.228284 0.060000 -0.263481 4.304727 0.076190 1
0 -0.228284 -0.118000 0.240519 -3.304727 0.923810 1
0 -0.286000 0.060000 0.252000 -4.266666 0.076190 1
0 -0.286000 -0.118000 0.252000 -4.266666 0.923810 1
0 -0.283716 -0.118000 0.263481 -4.228606 0.923810 1
0 -0.283716 0.060000 0.240519 -4.228606 0.076190 1
0 -0.283716 -0.118000 0.240519 -4.228606 0.923810 1
0 -0.267480 0.060000 0.279716 -3.958008 0.076190 1
0 -0.267480 -0.118000 0.279716 -3.958008 0.923810 1
0 -0.256000 -0.118000 0.282000 -3.766666 0.923810 1
0 -0.277213 0.060000 0.273213 -4.120220 0.076190 1
0 -0.277213 -0.118000 0.273213 -4.120220 0.923810 1
0 -0.256000 0.060000 0.282000 -3.766666 0.076190 1
0 -0.244520 -0.118000 0.279716 -3.575325 0.923810 1
0 -0.283716 0.060000 0.263481 -4.228606 0.076190 1
120
0.320740 0.000000 0.947167
0.066173 0.000000 0.997808
0.442963 0.000000 0.896540
-0.658758 0.000000 -0.752355
-0.320739 0.000000 -0.947168
-0.442963 0.000000 -0.896540
-0.752325 0.000000 0.658793
-0.896528 0.000000 0.442987
-0.658758 0.000000 0.752355
0.066173 0.000000 -0.997808
-0.066172 0.000000 -0.997808
0.066172 0.000000 -0.997808
0.320739 0.000000 -0.947167
-0.066173 0.000000 -0.997808
-0.896528 0.000000 -0.442987
-0.752324 0.000000 -0.658793
-0.997809 0.000000 -0.066167
-0.947166 0.000000 -0.320744
0.896528 0.000000 0.442987
0.752325 0.000000 0.658792
0.947166 0.000000 0.320745
0.658758 0.000000 0.752355
-0.442964 0.000000 0.896539
-0.320739 0.000000 0.947167
0.442963 0.000000 -0.896540
0.320739 0.000000 -0.947168
-0.066172 0.000000 0.997808
0.752325 0.000000 -0.658793
0.658757 0.000000 -0.752355
-0.947166 0.000000 0.320744
-0.997809 0.000000 0.066167
0.947166 0.000000 -0.320744
0.896528 0.000000 -0.442987
0.442963 0.000000 0.896540
0.320739 0.000000 0.947168
0.658757 0.000000 0.752355
0.997809 0.000000 0.066168
0.997809 0.000000 -0.066168
-0.442963 0.000000 0.896540
-0.658757 0.000000 0.752355
-0.320739 0.000000 0.947168
-0.320739 0.000000 -0.947168
-0.442963 0.000000 -0.896540
0.997809 0.000000 0.066167
0.947166 0.000000 0.320744
0.997809 0.000000 -0.066167
-0.896528 0.000000 0.442987
-0.947166 0.000000 0.320744
-0.752324 0.000000 0.658793
0.896528 0.000000 0.442987
0.752324 0.000000 0.658793
0.658758 0.000000 0.752355
0.442963 0.000000 0.896540
-0.997809 0.000000 0.066167
-0.997809 0.000000 -0.066167
0.320739 0.000000 0.947168
0.066172 0.000000 0.997808
-0.658758 0.000000 0.752355
-0.442963 0.000000 0.896540
-0.066173 0.000000 0.997808
-0.320739 0.000000 0.947168
-0.752325 0.000000 0.658793
-0.896528 0.000000 0.442987
-0.947166 0.000000 0.320744
-0.997809 0.000000 0.066168
0.752325 0.000000 0.658793
0.896528 0.000000 0.442987
-0.997809 0.000000 -0.066168
-0.947166 0.000000 -0.320745
-0.658758 0.000000 -0.752355
-0.442963 0.000000 -0.896540
-0.752325 0.000000 -0.658792
-0.896528 0.000000 -0.442987
0.947166 0.000000 0.320744
0.997809 0.000000 0.066168
0.896528 0.000000 -0.442987
0.947166 0.000000 -0.320745
0.752325 0.000000 -0.658792
0.997809 0.000000 -0.066168
-0.320740 0.000000 -0.947167
0.320739 0.000000 -0.947168
0.658758 0.000000 -0.752355
0.442963 0.000000 -0.896540
0.947166 0.000000 0.320744
0.997809 0.000000 0.066167
0.997809 0.000000 -0.066167
0.658758 0.000000 -0.752355
0.442963 0.000000 -0.896540
0.752325 0.000000 0.658793
0.896528 0.000000 0.442987
0.442964 0.000000 0.896539
0.658758 0.000000 0.752355
0.442964 0.000000 -0.896539
0.658758 0.000000 -0.752355
0.320740 0.000000 -0.947167
0.752325 0.000000 -0.658793
0.896528 0.000000 -0.442987
-0.320739 0.000000 -0.947167
0.947166 0.000000 -0.320744
-0.442964 0.000000 -0.896539
-0.658758 0.000000 -0.752355
-0.658757 0.000000 -0.752355
-0.752325 0.000000 -0.658793
-0.752325 0.000000 -0.658793
-0.896528 0.000000 -0.442987
0.896528 0.000000 -0.442987
0.752324 0.000000 -0.658793
-0.947166 0.000000 -0.320744
0.947166 0.000000 -0.320744
-0.997809 0.000000 0.066168
-0.997809 0.000000 -0.066168
-0.947166 0.000000 0.320745
-0.947166 0.000000 -0.320744
-0.896528 0.000000 -0.442987
-0.320740 0.000000 0.947167
-0.442963 0.000000 0.896540
-0.658758 0.000000 0.752355
-0.752325 0.000000 0.658792
0.320739 0.000000 0.947167
-0.896528 0.000000 0.442987
128
0 0 1 2 0 1 2 0
0 3 4 5 3 4 5 0
0 6 7 8 6 7 8 0
0 4 9 10 4 9 10 0
0 11 12 13 11 12 13 0
0 14 3 15 14 3 15 0
0 16 14 17 16 14 17 0
0 18 19 20 18 19 20 0
0 21 2 19 21 2 19 0
0 22 8 23 22 8 23 0
0 9 24 25 9 24 25 0
0 26 23 1 26 23 1 0
0 24 27 28 24 27 28 0
0 29 30 7 29 30 7 0
0 27 31 32 27 31 32 0
0 33 34 35 33 34 35 0
0 31 36 37 31 36 37 0
0 38 39 40 38 39 40 0
0 36 18 20 36 18 20 0
0 41 42 43 13 41 42 0
0 18 21 19 18 21 19 0
0 44 45 46 43 44 45 0
0 21 0 2 21 0 2 0
0 47 48 49 46 47 48 0
0 0 26 1 0 26 1 0
0 50 51 45 49 50 44 0
0 26 22 23 26 22 23 0
0 52 53 51 51 52 50 0
0 22 6 8 22 6 8 0
0 54 55 48 53 54 47 0
0 6 29 7 6 29 7 0
0 56 57 53 55 56 52 0
0 29 16 30 29 16 30 0
0 58 49 59 57 48 58 0
0 36 20 37 36 20 37 0
0 60 40 57 59 40 56 0
0 31 37 32 31 37 32 0
0 61 59 62 60 58 26 0
0 27 32 28 27 32 28 0
0 63 64 39 61 62 39 0
0 24 28 25 24 28 25 0
0 65 62 34 1 26 34 0
0 9 25 10 9 25 10 0
0 66 67 64 63 64 62 0
0 4 10 5 4 10 5 0
0 68 35 69 65 35 66 0
0 3 5 15 3 5 15 0
0 70 71 67 67 68 64 0
0 14 15 17 14 15 17 0
0 72 73 74 69 70 71 0
0 75 74 71 72 71 68 0
0 76 69 77 73 66 74 0
0 78 79 80 75 76 77 0
0 81 77 79 78 74 76 0
0 82 13 73 79 13 70 0
0 83 84 41 80 11 13 0
0 85 86 83 81 82 80 0
0 87 88 89 83 84 85 0
0 90 80 91 86 77 87 0
0 92 93 87 88 89 83 0
0 54 48 47 53 47 46 0
0 94 95 92 90 91 88 0
0 96 97 12 92 93 12 0
0 98 91 99 94 87 9 0
0 100 101 97 95 96 93 0
0 102 99 103 10 9 97 0
0 104 46 101 98 45 96 0
0 105 103 106 99 97 100 0
0 43 107 108 42 101 102 0
0 109 106 110 103 100 104 0
0 111 112 85 105 106 81 0
0 113 110 55 107 104 54 0
0 89 114 111 85 108 105 0
0 115 116 117 109 110 111 0
0 68 69 76 65 66 73 0
0 76 77 81 73 74 78 0
0 44 50 45 43 49 44 0
0 118 119 116 112 113 110 0
0 50 52 51 49 51 50 0
0 108 107 119 102 101 113 0
0 52 56 53 51 55 52 0
0 43 42 107 42 41 101 0
0 56 60 57 55 59 56 0
0 41 84 42 13 11 41 0
0 60 38 40 59 38 40 0
0 83 86 84 80 82 11 0
0 38 63 39 38 61 39 0
0 85 112 86 81 106 82 0
0 63 66 64 61 63 62 0
0 111 114 112 105 108 106 0
0 66 70 67 63 67 64 0
0 89 88 114 85 84 108 0
0 70 75 71 67 72 68 0
0 47 49 58 46 48 57 0
0 75 72 74 72 69 71 0
0 58 59 61 57 58 60 0
0 72 82 73 69 79 70 0
0 65 34 33 1 34 33 0
0 82 11 13 79 11 13 0
0 120 121 122 114 115 59 0
0 11 96 12 11 92 12 0
0 123 124 121 116 117 115 0
0 96 100 97 92 95 93 0
0 125 126 94 56 118 90 0
0 100 104 101 95 98 96 0
0 94 126 95 90 118 91 0
0 104 44 46 98 43 45 0
0 92 95 93 88 91 89 0
0 16 17 30 16 17 30 0
0 33 35 68 33 35 65 0
0 108 119 118 102 113 112 0
0 113 55 54 107 54 53 0
0 109 110 113 103 104 107 0
0 105 106 109 99 100 103 0
0 102 103 105 10 97 99 0
0 98 99 102 94 9 10 0
0 90 91 98 86 87 94 0
0 78 80 90 75 77 86 0
0 81 79 78 78 76 75 0
0 127 117 124 119 111 117 0
0 120 122 125 114 59 56 0
0 118 116 115 112 110 109 0
0 125 122 126 56 59 118 0
0 87 93 88 83 89 84 0
0 61 62 65 60 26 1 0
0 115 117 127 109 111 119 0
0 123 121 120 116 115 114 0
0 127 124 123 119 117 116 0
"Mesh_music_filed_Material30" 0 30
37
0 -0.267480 -0.165000 0.279716 0.062500 1.000000 1
0 -0.277213 -0.118000 0.273213 0.125000 0.000000 1
0 -0.277213 -0.165000 0.273213 0.125000 1.000000 1
0 -0.226000 -0.165000 0.252000 0.750000 1.000000 1
0 -0.244520 -0.165000 0.279716 0.937500 1.000000 1
0 -0.256000 -0.165000 0.282000 1.000000 1.000000 1
0 -0.277213 -0.165000 0.273213 1.125000 1.000000 1
0 -0.283716 -0.165000 0.263481 1.187500 1.000000 1
0 -0.283716 -0.118000 0.263481 0.187500 0.000000 1
0 -0.283716 -0.165000 0.263481 0.187500 1.000000 1
0 -0.256000 -0.165000 0.282000 0.000000 1.000000 1
0 -0.267480 -0.118000 0.279716 0.062500 0.000000 1
0 -0.286000 -0.118000 0.252000 0.250000 0.000000 1
0 -0.286000 -0.165000 0.252000 0.250000 1.000000 1
0 -0.228284 -0.165000 0.240519 0.687500 1.000000 1
0 -0.226000 -0.118000 0.252000 0.750000 0.000000 1
0 -0.283716 -0.118000 0.240519 0.312500 0.000000 1
0 -0.283716 -0.165000 0.240519 0.312500 1.000000 1
0 -0.234787 -0.165000 0.230787 0.625000 1.000000 1
0 -0.228284 -0.118000 0.240519 0.687500 0.000000 1
0 -0.244520 -0.165000 0.224284 0.562500 1.000000 1
0 -0.234787 -0.118000 0.230787 0.625000 0.000000 1
0 -0.256000 -0.165000 0.222000 0.500000 1.000000 1
0 -0.244520 -0.118000 0.224284 0.562500 0.000000 1
0 -0.267480 -0.165000 0.224284 0.437500 1.000000 1
0 -0.256000 -0.118000 0.222000 0.500000 0.000000 1
0 -0.277213 -0.165000 0.230787 0.375000 1.000000 1
0 -0.267480 -0.118000 0.224284 0.437500 0.000000 1
0 -0.277213 -0.118000 0.230787 0.375000 0.000000 1
0 -0.228284 -0.165000 0.263481 0.812500 1.000000 1
0 -0.234787 -0.165000 0.273213 0.875000 1.000000 1
0 -0.256000 -0.118000 0.282000 1.000000 0.000000 1
0 -0.267480 -0.165000 0.279716 1.062500 1.000000 1
0 -0.244520 -0.118000 0.279716 0.937500 0.000000 1
0 -0.228284 -0.118000 0.263481 0.812500 0.000000 1
0 -0.234787 -0.118000 0.273213 0.875000 0.000000 1
0 -0.256000 -0.118000 0.282000 0.000000 0.000000 1
34
-0.442963 0.000000 0.896540
-0.658758 0.000000 0.752355
-0.752325 0.000000 0.658792
0.205655 -0.978530 0.013638
0.265446 -0.561310 0.783881
0.087264 -0.894427 0.438617
0.000000 -1.000000 0.000000
-0.896528 0.000000 0.442987
-0.947166 0.000000 0.320745
-0.195130 0.000000 0.980777
-0.320740 0.000000 0.947167
-0.997809 0.000000 0.066168
-0.825789 -0.561314 -0.054761
0.896991 -0.321155 -0.303753
0.997809 0.000000 -0.066167
-0.947166 0.000000 -0.320744
-0.741970 -0.561312 -0.366618
0.622626 -0.561313 -0.545219
0.896528 0.000000 -0.442987
0.366599 -0.561310 -0.741981
0.658758 0.000000 -0.752355
0.054764 -0.561315 -0.825788
0.320739 0.000000 -0.947168
-0.265446 -0.561310 -0.783881
-0.066173 0.000000 -0.997808
-0.545190 -0.561313 -0.622652
-0.442963 0.000000 -0.896540
-0.752325 0.000000 -0.658793
0.849036 -0.321155 0.419521
0.545191 -0.561313 0.622652
0.195129 0.000000 0.980778
0.442964 0.000000 0.896539
0.947166 0.000000 0.320744
0.752325 0.000000 0.658793
46
0 0 1 2 0 1 2 0
0 3 4 5 3 4 5 0
0 3 6 7 3 6 6 0
0 2 8 9 2 7 8 0
0 10 11 0 9 10 0 0
0 9 12 13 8 11 12 0
0 14 15 3 13 14 3 0
0 13 16 17 12 15 16 0
0 18 19 14 17 18 13 0
0 20 21 18 19 20 17 0
0 22 23 20 21 22 19 0
0 24 25 22 23 24 21 0
0 26 27 24 25 26 23 0
0 17 28 26 16 27 25 0
0 3 29 30 3 28 29 0
0 3 30 4 3 29 4 0
0 4 31 5 4 30 5 0
0 3 32 6 3 6 6 0
0 3 5 32 3 5 6 0
0 30 33 4 29 31 4 0
0 3 7 13 3 6 12 0
0 14 19 15 13 18 14 0
0 3 13 17 3 12 16 0
0 18 21 19 17 20 18 0
0 3 17 26 3 16 25 0
0 20 23 21 19 22 20 0
0 3 26 24 3 25 23 0
0 22 25 23 21 24 22 0
0 3 24 22 3 23 21 0
0 24 27 25 23 26 24 0
0 3 22 20 3 21 19 0
0 26 28 27 25 27 26 0
0 3 20 18 3 19 17 0
0 17 16 28 16 15 27 0
0 3 18 14 3 17 13 0
0 13 12 16 12 11 15 0
0 3 34 29 3 32 28 0
0 9 8 12 8 7 11 0
0 29 35 30 28 33 29 0
0 2 1 8 2 1 7 0
0 0 11 1 0 10 1 0
0 3 15 34 3 14 32 0
0 10 36 11 9 9 10 0
0 29 34 35 28 32 33 0
0 4 33 31 4 31 30 0
0 30 35 33 29 33 31 0
"Mesh_music_filed_Material31" 0 31
37
0 0.226000 -0.165000 0.252000 0.250000 1.000000 1
0 0.267480 -0.165000 0.224284 0.562500 1.000000 1
0 0.277213 -0.165000 0.230787 0.625000 1.000000 1
0 0.286000 -0.165000 0.252000 0.750000 1.000000 1
0 0.283716 -0.165000 0.263481 0.812500 1.000000 1
0 0.277213 -0.165000 0.273213 0.875000 1.000000 1
0 0.228284 -0.118000 0.263481 0.187500 0.000000 1
0 0.226000 -0.118000 0.252000 0.250000 0.000000 1
0 0.228284 -0.165000 0.263481 0.187500 1.000000 1
0 0.234787 -0.118000 0.273213 0.125000 0.000000 1
0 0.234787 -0.165000 0.273213 1.125000 1.000000 1
0 0.228284 -0.165000 0.263481 1.187500 1.000000 1
0 0.244520 -0.165000 0.279716 0.062500 1.000000 1
0 0.256000 -0.118000 0.282000 0.000000 0.000000 1
0 0.244520 -0.118000 0.279716 0.062500 0.000000 1
0 0.256000 -0.165000 0.282000 1.000000 1.000000 1
0 0.267480 -0.118000 0.279716 0.937500 0.000000 1
0 0.256000 -0.118000 0.282000 1.000000 0.000000 1
0 0.234787 -0.165000 0.273213 0.125000 1.000000 1
0 0.228284 -0.165000 0.240519 0.312500 1.000000 1
0 0.234787 -0.165000 0.230787 0.375000 1.000000 1
0 0.228284 -0.118000 0.240519 0.312500 0.000000 1
0 0.267480 -0.165000 0.279716 0.937500 1.000000 1
0 0.277213 -0.118000 0.273213 0.875000 0.000000 1
0 0.234787 -0.118000 0.230787 0.375000 0.000000 1
0 0.256000 -0.165000 0.222000 0.500000 1.000000 1
0 0.244520 -0.165000 0.224284 0.437500 1.000000 1
0 0.244520 -0.118000 0.224284 0.437500 0.000000 1
0 0.256000 -0.118000 0.222000 0.500000 0.000000 1
0 0.283716 -0.165000 0.240519 0.687500 1.000000 1
0 0.277213 -0.118000 0.230787 0.625000 0.000000 1
0 0.283716 -0.118000 0.240519 0.687500 0.000000 1
0 0.267480 -0.118000 0.224284 0.562500 0.000000 1
0 0.283716 -0.118000 0.263481 0.812500 0.000000 1
0 0.286000 -0.118000 0.252000 0.750000 0.000000 1
0 0.256000 -0.165000 0.282000 0.000000 1.000000 1
0 0.244520 -0.165000 0.279716 1.062500 1.000000 1
34
-0.205655 -0.978530 0.013638
0.265446 -0.561310 -0.783881
0.545190 -0.561313 -0.622652
0.825789 -0.561314 -0.054761
0.783878 -0.561312 0.265450
0.622627 -0.561313 0.545219
-0.947166 0.000000 0.320744
-0.997809 0.000000 -0.066167
-0.896528 0.000000 0.442987
-0.752325 0.000000 0.658793
0.000000 -1.000000 0.000000
-0.320739 0.000000 0.947167
-0.195129 0.000000 0.980778
-0.442964 0.000000 0.896539
0.137978 -0.707107 0.693514
0.320740 0.000000 0.947167
0.195130 0.000000 0.980777
-0.658758 0.000000 0.752355
-0.896991 -0.321155 -0.303753
-0.622626 -0.561313 -0.545219
-0.896528 0.000000 -0.442987
0.366599 -0.561310 0.741981
0.658758 0.000000 0.752355
-0.658758 0.000000 -0.752355
-0.054764 -0.561315 -0.825788
-0.366599 -0.561310 -0.741981
-0.320739 0.000000 -0.947168
0.066173 0.000000 -0.997808
0.741970 -0.561312 -0.366618
0.752325 0.000000 -0.658793
0.947166 0.000000 -0.320744
0.442963 0.000000 -0.896540
0.896528 0.000000 0.442987
0.997809 0.000000 0.066168
46
0 0 1 2 0 1 2 0
0 0 3 4 0 3 4 0
0 0 4 5 0 4 5 0
0 0 6 7 0 6 7 0
0 8 9 6 8 9 6 0
0 0 10 11 0 10 10 0
0 12 13 14 11 12 13 0
0 15 16 17 14 15 16 0
0 18 14 9 17 13 9 0
0 19 0 7 18 0 7 0
0 20 19 21 19 18 20 0
0 22 23 16 21 22 15 0
0 19 7 21 18 7 20 0
0 20 21 24 19 20 23 0
0 0 5 22 0 5 21 0
0 0 22 15 0 21 14 0
0 25 26 27 24 25 26 0
0 1 25 28 1 24 27 0
0 26 20 24 25 19 23 0
0 29 2 30 28 2 29 0
0 3 29 31 3 28 30 0
0 2 1 32 2 1 31 0
0 5 4 33 5 4 32 0
0 22 5 23 21 5 22 0
0 4 3 34 4 3 33 0
0 12 35 13 11 12 12 0
0 18 12 14 17 11 13 0
0 15 22 16 14 21 15 0
0 0 8 6 0 8 6 0
0 5 33 23 5 32 22 0
0 0 19 20 0 18 19 0
0 0 20 26 0 19 25 0
0 0 26 25 0 25 24 0
0 0 25 1 0 24 1 0
0 0 36 10 0 10 10 0
0 0 2 29 0 2 28 0
0 0 29 3 0 28 3 0
0 26 24 27 25 23 26 0
0 25 27 28 24 26 27 0
0 8 18 9 8 17 9 0
0 0 15 36 0 14 10 0
0 2 32 30 2 31 29 0
0 3 31 34 3 30 33 0
0 4 34 33 4 33 32 0
0 1 28 32 1 27 31 0
0 29 30 31 28 29 30 0
"Mesh_music_filed_Material32" 0 32
38
0 -0.226000 -0.165000 -0.252000 0.750000 1.000000 1
0 -0.228284 -0.165000 -0.240519 0.812500 1.000000 1
0 -0.234787 -0.165000 -0.230787 0.875000 1.000000 1
0 -0.256000 -0.165000 -0.282000 0.500000 1.000000 1
0 -0.244520 -0.165000 -0.279716 0.562500 1.000000 1
0 -0.226000 -0.118000 -0.252000 0.750000 0.000000 1
0 -0.234787 -0.165000 -0.273213 0.625000 1.000000 1
0 -0.256000 -0.165000 -0.222000 1.000000 1.000000 1
0 -0.244520 -0.165000 -0.224284 0.937500 1.000000 1
0 -0.244520 -0.118000 -0.224284 0.937500 0.000000 1
0 -0.228284 -0.118000 -0.240519 0.812500 0.000000 1
0 -0.234787 -0.118000 -0.230787 0.875000 0.000000 1
0 -0.283716 -0.165000 -0.240519 0.187500 1.000000 1
0 -0.277213 -0.165000 -0.230787 0.125000 1.000000 1
0 -0.277213 -0.118000 -0.230787 0.125000 0.000000 1
0 -0.267480 -0.165000 -0.224284 0.062500 1.000000 1
0 -0.256000 -0.165000 -0.222000 0.000000 1.000000 1
0 -0.256000 -0.118000 -0.222000 0.000000 0.000000 1
0 -0.267480 -0.118000 -0.224284 0.062500 0.000000 1
0 -0.277213 -0.165000 -0.273213 0.375000 1.000000 1
0 -0.283716 -0.165000 -0.263481 0.312500 1.000000 1
0 -0.283716 -0.118000 -0.263481 0.312500 0.000000 1
0 -0.286000 -0.165000 -0.252000 0.250000 1.000000 1
0 -0.283716 -0.118000 -0.240519 0.187500 0.000000 1
0 -0.286000 -0.118000 -0.252000 0.250000 0.000000 1
0 -0.256000 -0.118000 -0.282000 0.500000 0.000000 1
0 -0.267480 -0.165000 -0.279716 0.437500 1.000000 1
0 -0.277213 -0.118000 -0.273213 0.375000 0.000000 1
0 -0.267480 -0.118000 -0.279716 0.437500 0.000000 1
0 -0.228284 -0.165000 -0.263481 0.687500 1.000000 1
0 -0.228284 -0.118000 -0.263481 0.687500 0.000000 1
0 -0.244520 -0.118000 -0.279716 0.562500 0.000000 1
0 -0.234787 -0.118000 -0.273213 0.625000 0.000000 1
0 -0.286000 -0.165000 -0.252000 1.250000 1.000000 1
0 -0.277213 -0.165000 -0.230787 1.125000 1.000000 1
0 -0.283716 -0.165000 -0.240519 1.187500 1.000000 1
0 -0.267480 -0.165000 -0.224284 1.062500 1.000000 1
0 -0.256000 -0.118000 -0.222000 1.000000 0.000000 1
34
0.205655 -0.978530 -0.013638
0.896991 -0.321155 0.303753
0.622626 -0.561313 0.545219
-0.054765 -0.561315 -0.825788
0.265446 -0.561310 -0.783881
0.997809 0.000000 0.066167
0.545191 -0.561313 -0.622652
0.137977 -0.707107 0.693514
0.366599 -0.561310 0.741981
0.320739 0.000000 0.947168
0.896528 0.000000 0.442987
0.658758 0.000000 0.752355
-0.896528 0.000000 0.442987
-0.658757 0.000000 0.752356
-0.752325 0.000000 0.658793
-0.320739 0.000000 0.947168
-0.195130 0.000000 0.980777
-0.442963 0.000000 0.896540
-0.622627 -0.561313 -0.545219
-0.783878 -0.561312 -0.265450
-0.896528 0.000000 -0.442987
-0.997809 0.000000 0.066168
-0.947166 0.000000 0.320744
-0.997809 0.000000 -0.066168
0.066172 0.000000 -0.997808
-0.366599 -0.561310 -0.741981
-0.658758 0.000000 -0.752355
-0.320740 0.000000 -0.947167
0.849036 -0.321155 -0.419521
0.947166 0.000000 -0.320744
0.442964 0.000000 -0.896539
0.752325 0.000000 -0.658793
0.000000 -1.000000 0.000000
0.195129 0.000000 0.980778
46
0 0 1 2 0 1 2 0
0 0 3 4 0 3 4 0
0 1 0 5 1 0 5 0
0 0 4 6 0 4 6 0
0 7 8 9 7 8 9 0
0 2 1 10 2 1 10 0
0 8 2 11 8 2 11 0
0 12 13 14 12 13 14 0
0 15 16 17 15 16 16 0
0 13 15 18 13 15 17 0
0 19 20 21 18 19 20 0
0 22 12 23 21 12 22 0
0 20 22 24 19 21 23 0
0 4 3 25 4 3 24 0
0 26 19 27 25 18 26 0
0 3 26 28 3 25 27 0
0 0 29 30 0 28 29 0
0 6 4 31 6 4 30 0
0 29 6 32 28 6 31 0
0 0 33 20 0 32 19 0
0 0 26 3 0 25 3 0
0 0 19 26 0 18 25 0
0 0 34 35 0 32 32 0
0 0 35 33 0 32 32 0
0 0 2 8 0 2 8 0
0 0 7 36 0 7 32 0
0 0 8 7 0 8 7 0
0 0 36 34 0 32 32 0
0 0 20 19 0 19 18 0
0 19 21 27 18 20 26 0
0 1 5 10 1 5 10 0
0 0 6 29 0 6 28 0
0 26 27 28 25 26 27 0
0 0 30 5 0 29 5 0
0 7 9 37 7 9 33 0
0 29 32 30 28 31 29 0
0 8 11 9 8 11 9 0
0 6 31 32 6 30 31 0
0 2 10 11 2 10 11 0
0 4 25 31 4 24 30 0
0 20 24 21 19 23 20 0
0 3 28 25 3 27 24 0
0 15 17 18 15 16 17 0
0 13 18 14 13 17 14 0
0 12 14 23 12 14 22 0
0 22 23 24 21 22 23 0
"Mesh_music_filed_Material33" 0 33
38
0 0.267480 -0.165000 -0.224284 0.937500 1.000000 1
0 0.256000 -0.118000 -0.222000 1.000000 0.000000 1
0 0.256000 -0.165000 -0.222000 1.000000 1.000000 1
0 0.286000 -0.165000 -0.252000 0.750000 1.000000 1
0 0.283716 -0.118000 -0.240519 0.812500 0.000000 1
0 0.283716 -0.165000 -0.240519 0.812500 1.000000 1
0 0.256000 -0.165000 -0.222000 0.000000 1.000000 1
0 0.244520 -0.118000 -0.224284 0.062500 0.000000 1
0 0.244520 -0.165000 -0.224284 0.062500 1.000000 1
0 0.277213 -0.165000 -0.230787 0.875000 1.000000 1
0 0.267480 -0.118000 -0.224284 0.937500 0.000000 1
0 0.256000 -0.165000 -0.282000 0.500000 1.000000 1
0 0.267480 -0.118000 -0.279716 0.562500 0.000000 1
0 0.267480 -0.165000 -0.279716 0.562500 1.000000 1
0 0.277213 -0.118000 -0.230787 0.875000 0.000000 1
0 0.244520 -0.165000 -0.279716 0.437500 1.000000 1
0 0.256000 -0.118000 -0.282000 0.500000 0.000000 1
0 0.277213 -0.118000 -0.273213 0.625000 0.000000 1
0 0.277213 -0.165000 -0.273213 0.625000 1.000000 1
0 0.234787 -0.165000 -0.273213 0.375000 1.000000 1
0 0.244520 -0.118000 -0.279716 0.437500 0.000000 1
0 0.283716 -0.165000 -0.263481 0.687500 1.000000 1
0 0.286000 -0.118000 -0.252000 0.750000 0.000000 1
0 0.228284 -0.165000 -0.263481 0.312500 1.000000 1
0 0.234787 -0.118000 -0.273213 0.375000 0.000000 1
0 0.234787 -0.165000 -0.230787 0.125000 1.000000 1
0 0.228284 -0.118000 -0.240519 0.187500 0.000000 1
0 0.228284 -0.165000 -0.240519 0.187500 1.000000 1
0 0.226000 -0.165000 -0.252000 0.250000 1.000000 1
0 0.228284 -0.118000 -0.263481 0.312500 0.000000 1
0 0.234787 -0.118000 -0.230787 0.125000 0.000000 1
0 0.283716 -0.118000 -0.263481 0.687500 0.000000 1
0 0.226000 -0.165000 -0.252000 1.250000 1.000000 1
0 0.244520 -0.165000 -0.224284 1.062500 1.000000 1
0 0.234787 -0.165000 -0.230787 1.125000 1.000000 1
0 0.226000 -0.118000 -0.252000 0.250000 0.000000 1
0 0.228284 -0.165000 -0.240519 1.187500 1.000000 1
0 0.256000 -0.118000 -0.222000 0.000000 0.000000 1
34
0.265446 -0.561310 0.783881
0.195130 0.000000 0.980777
0.087265 -0.894427 0.438617
0.825789 -0.561314 0.054761
0.947166 0.000000 0.320744
0.741970 -0.561312 0.366618
-0.195129 0.000000 0.980778
-0.320739 0.000000 0.947168
-0.442963 0.000000 0.896540
0.545190 -0.561313 0.622652
0.442963 0.000000 0.896540
0.054765 -0.561315 -0.825788
0.320740 0.000000 -0.947167
0.366599 -0.561310 -0.741981
0.752325 0.000000 0.658793
-0.265446 -0.561310 -0.783881
-0.066172 0.000000 -0.997808
0.658758 0.000000 -0.752355
0.622627 -0.561313 -0.545219
-0.545191 -0.561313 -0.622652
-0.442964 0.000000 -0.896539
0.783878 -0.561312 -0.265450
0.997809 0.000000 -0.066168
-0.849036 -0.321155 -0.419521
-0.752325 0.000000 -0.658793
-0.752324 0.000000 0.658793
-0.896528 0.000000 0.442987
-0.947166 0.000000 0.320744
-0.997809 0.000000 -0.066167
-0.947166 0.000000 -0.320744
-0.658758 0.000000 0.752355
0.896528 0.000000 -0.442987
0.000000 -1.000000 0.000000
-0.997809 0.000000 0.066167
46
0 0 1 2 0 1 2 0
0 3 4 5 3 4 5 0
0 6 7 8 6 7 8 0
0 9 10 0 9 10 0 0
0 11 12 13 11 12 13 0
0 5 14 9 5 14 9 0
0 15 16 11 15 16 11 0
0 13 17 18 13 17 18 0
0 19 20 15 19 20 15 0
0 21 22 3 21 22 3 0
0 23 24 19 23 24 19 0
0 25 26 27 25 26 27 0
0 28 29 23 28 29 23 0
0 8 30 25 8 30 25 0
0 18 31 21 18 31 21 0
0 32 2 33 32 2 32 0
0 32 33 34 32 32 32 0
0 19 24 20 19 24 20 0
0 15 20 16 15 20 16 0
0 11 16 12 11 16 12 0
0 13 12 17 13 12 17 0
0 27 35 28 27 33 28 0
0 21 31 22 21 31 22 0
0 18 17 31 18 17 31 0
0 32 0 2 32 0 2 0
0 3 22 4 3 22 4 0
0 5 4 14 5 4 14 0
0 9 14 10 9 14 10 0
0 0 10 1 0 10 1 0
0 32 9 0 32 9 0 0
0 8 7 30 8 7 30 0
0 32 34 36 32 32 32 0
0 6 37 7 6 6 7 0
0 32 15 11 32 15 11 0
0 32 11 13 32 11 13 0
0 27 26 35 27 26 33 0
0 32 5 9 32 5 9 0
0 25 30 26 25 30 26 0
0 32 21 3 32 21 3 0
0 32 18 21 32 18 21 0
0 32 3 5 32 3 5 0
0 23 29 24 23 29 24 0
0 28 35 29 28 33 29 0
0 32 13 18 32 13 18 0
0 32 23 19 32 23 19 0
0 32 19 15 32 19 15 0
"Mesh_music_filed_Material34" 0 34
128
0 0.283716 0.065000 0.263481 0.996008 0.000000 1
0 0.283716 0.060000 0.263481 0.996008 1.000000 1
0 0.286000 0.060000 0.252000 1.000000 1.000000 1
0 0.283716 0.065000 0.240519 0.996008 0.000000 1
0 0.283716 0.060000 0.240519 0.996008 1.000000 1
0 0.277213 0.060000 0.230787 0.984638 1.000000 1
0 0.228284 0.065000 0.240519 0.899097 0.000000 1
0 0.234787 0.065000 0.230787 0.910466 0.000000 1
0 0.234787 0.060000 0.230787 0.910466 1.000000 1
0 0.226000 0.065000 0.252000 0.895105 0.000000 1
0 0.228284 0.060000 0.240519 0.899097 1.000000 1
0 0.267480 0.065000 0.224284 0.967623 0.000000 1
0 0.267480 0.060000 0.224284 0.967623 1.000000 1
0 0.256000 0.060000 0.222000 0.947552 1.000000 1
0 0.277213 0.065000 0.230787 0.984638 0.000000 1
0 0.286000 0.065000 0.252000 1.000000 0.000000 1
0 0.256000 0.065000 0.282000 0.947552 0.000000 1
0 0.256000 0.060000 0.282000 0.947552 1.000000 1
0 0.267480 0.060000 0.279716 0.967623 1.000000 1
0 0.277213 0.065000 0.273213 0.984638 0.000000 1
0 0.277213 0.060000 0.273213 0.984638 1.000000 1
0 0.267480 0.065000 0.279716 0.967623 0.000000 1
0 0.234787 0.065000 0.273213 0.910466 0.000000 1
0 0.228284 0.065000 0.263481 0.899097 0.000000 1
0 0.228284 0.060000 0.263481 0.899097 1.000000 1
0 0.244520 0.065000 0.279716 0.927482 0.000000 1
0 0.244520 0.060000 0.279716 0.927482 1.000000 1
0 0.234787 0.060000 0.273213 0.910466 1.000000 1
0 0.244520 0.065000 0.224284 0.927482 0.000000 1
0 0.256000 0.065000 0.222000 0.947552 0.000000 1
0 0.244520 0.060000 0.224284 0.927482 1.000000 1
0 0.226000 0.060000 0.252000 0.895105 1.000000 1
0 -0.228284 0.065000 -0.240519 0.100903 0.000000 1
0 -0.234787 0.065000 -0.230787 0.089534 0.000000 1
0 -0.234787 0.060000 -0.230787 0.089534 1.000000 1
0 0.267480 0.065000 -0.279716 0.967623 0.000000 1
0 0.277213 0.060000 -0.273213 0.984638 1.000000 1
0 0.267480 0.060000 -0.279716 0.967623 1.000000 1
0 0.286000 0.065000 -0.252000 1.000000 0.000000 1
0 0.283716 0.060000 -0.240519 0.996008 1.000000 1
0 0.286000 0.060000 -0.252000 1.000000 1.000000 1
0 -0.226000 0.065000 -0.252000 0.104895 0.000000 1
0 -0.228284 0.060000 -0.240519 0.100903 1.000000 1
0 -0.244520 0.065000 -0.224284 0.072518 0.000000 1
0 -0.256000 0.065000 -0.222000 0.052448 0.000000 1
0 -0.256000 0.060000 -0.222000 0.052448 1.000000 1
0 0.234787 0.065000 -0.230787 0.910466 0.000000 1
0 0.244520 0.060000 -0.224284 0.927482 1.000000 1
0 0.244520 0.065000 -0.224284 0.927482 0.000000 1
0 0.228284 0.065000 -0.263481 0.899097 0.000000 1
0 0.228284 0.060000 -0.263481 0.899097 1.000000 1
0 0.226000 0.060000 -0.252000 0.895105 1.000000 1
0 0.234787 0.065000 -0.273213 0.910466 0.000000 1
0 0.234787 0.060000 -0.273213 0.910466 1.000000 1
0 0.228284 0.065000 -0.240519 0.899097 0.000000 1
0 0.234787 0.060000 -0.230787 0.910466 1.000000 1
0 0.244520 0.065000 -0.279716 0.927482 0.000000 1
0 0.244520 0.060000 -0.279716 0.927482 1.000000 1
0 0.226000 0.065000 -0.252000 0.895105 0.000000 1
0 0.228284 0.060000 -0.240519 0.899097 1.000000 1
0 0.256000 0.065000 -0.282000 0.947552 0.000000 1
0 0.256000 0.060000 -0.282000 0.947552 1.000000 1
0 -0.267480 0.065000 -0.224284 0.032377 0.000000 1
0 -0.267480 0.060000 -0.224284 0.032377 1.000000 1
0 -0.244520 0.060000 -0.224284 0.072518 1.000000 1
0 -0.277213 0.065000 -0.230787 0.015362 0.000000 1
0 -0.277213 0.060000 -0.230787 0.015362 1.000000 1
0 -0.283716 0.065000 -0.240519 0.003992 0.000000 1
0 -0.283716 0.060000 -0.240519 0.003992 1.000000 1
0 -0.286000 0.065000 -0.252000 0.000000 0.000000 1
0 -0.286000 0.060000 -0.252000 0.000000 1.000000 1
0 -0.283716 0.065000 -0.263481 0.003992 0.000000 1
0 -0.283716 0.060000 -0.263481 0.003992 1.000000 1
0 -0.277213 0.065000 -0.273213 0.015362 0.000000 1
0 -0.277213 0.060000 -0.273213 0.015362 1.000000 1
0 -0.267480 0.065000 -0.279716 0.032377 0.000000 1
0 -0.267480 0.060000 -0.279716 0.032377 1.000000 1
0 0.283716 0.065000 -0.263481 0.996008 0.000000 1
0 0.283716 0.060000 -0.263481 0.996008 1.000000 1
0 -0.256000 0.065000 -0.282000 0.052448 0.000000 1
0 -0.256000 0.060000 -0.282000 0.052448 1.000000 1
0 0.277213 0.065000 -0.273213 0.984638 0.000000 1
0 -0.244520 0.065000 -0.279716 0.072518 0.000000 1
0 -0.244520 0.060000 -0.279716 0.072518 1.000000 1
0 0.283716 0.065000 -0.240519 0.996008 0.000000 1
0 0.277213 0.060000 -0.230787 0.984638 1.000000 1
0 -0.234787 0.065000 -0.273213 0.089534 0.000000 1
0 -0.234787 0.060000 -0.273213 0.089534 1.000000 1
0 0.277213 0.065000 -0.230787 0.984638 0.000000 1
0 0.267480 0.060000 -0.224284 0.967623 1.000000 1
0 -0.228284 0.065000 -0.263481 0.100903 0.000000 1
0 -0.228284 0.060000 -0.263481 0.100903 1.000000 1
0 0.267480 0.065000 -0.224284 0.967623 0.000000 1
0 0.256000 0.060000 -0.222000 0.947552 1.000000 1
0 -0.226000 0.060000 -0.252000 0.104895 1.000000 1
0 0.256000 0.065000 -0.222000 0.947552 0.000000 1
0 -0.226000 0.065000 0.252000 0.104895 0.000000 1
0 -0.226000 0.060000 0.252000 0.104895 1.000000 1
0 -0.228284 0.060000 0.240519 0.100903 1.000000 1
0 -0.228284 0.065000 0.240519 0.100903 0.000000 1
0 -0.234787 0.060000 0.230787 0.089534 1.000000 1
0 -0.228284 0.065000 0.263481 0.100903 0.000000 1
0 -0.228284 0.060000 0.263481 0.100903 1.000000 1
0 -0.234787 0.065000 0.273213 0.089534 0.000000 1
0 -0.234787 0.060000 0.273213 0.089534 1.000000 1
0 -0.244520 0.065000 0.279716 0.072518 0.000000 1
0 -0.244520 0.060000 0.279716 0.072518 1.000000 1
0 -0.256000 0.065000 0.282000 0.052448 0.000000 1
0 -0.256000 0.060000 0.282000 0.052448 1.000000 1
0 -0.267480 0.065000 0.279716 0.032377 0.000000 1
0 -0.267480 0.060000 0.279716 0.032377 1.000000 1
0 -0.277213 0.065000 0.273213 0.015362 0.000000 1
0 -0.277213 0.060000 0.273213 0.015362 1.000000 1
0 -0.283716 0.065000 0.263481 0.003992 0.000000 1
0 -0.283716 0.060000 0.263481 0.003992 1.000000 1
0 -0.286000 0.065000 0.252000 0.000000 0.000000 1
0 -0.286000 0.060000 0.252000 0.000000 1.000000 1
0 -0.283716 0.065000 0.240519 0.003992 0.000000 1
0 -0.283716 0.060000 0.240519 0.003992 1.000000 1
0 -0.277213 0.065000 0.230787 0.015362 0.000000 1
0 -0.277213 0.060000 0.230787 0.015362 1.000000 1
0 -0.267480 0.065000 0.224284 0.032377 0.000000 1
0 -0.267480 0.060000 0.224284 0.032377 1.000000 1
0 -0.256000 0.065000 0.222000 0.052448 0.000000 1
0 -0.256000 0.060000 0.222000 0.052448 1.000000 1
0 -0.244520 0.065000 0.224284 0.072518 0.000000 1
0 -0.244520 0.060000 0.224284 0.072518 1.000000 1
0 -0.234787 0.065000 0.230787 0.089534 0.000000 1
112
0.947166 0.000000 0.320745
0.896528 0.000000 0.442987
0.997809 0.000000 0.066168
0.896528 0.000000 -0.442987
0.947166 0.000000 -0.320744
0.752325 0.000000 -0.658793
-0.896528 0.000000 -0.442987
-0.658758 0.000000 -0.752355
-0.752324 0.000000 -0.658793
-0.997809 0.000000 -0.066167
-0.947166 0.000000 -0.320744
0.320739 0.000000 -0.947168
0.442963 0.000000 -0.896540
0.000000 0.000000 -1.000000
0.658757 0.000000 -0.752356
0.997809 0.000000 -0.066168
0.000000 0.000000 1.000000
0.320740 0.000000 0.947167
0.752325 0.000000 0.658792
0.658758 0.000000 0.752355
0.442963 0.000000 0.896540
-0.752325 0.000000 0.658793
-0.947166 0.000000 0.320744
-0.896528 0.000000 0.442987
-0.442964 0.000000 0.896539
-0.320739 0.000000 0.947167
-0.658758 0.000000 0.752355
-0.320739 0.000000 -0.947168
-0.442963 0.000000 -0.896540
-0.997809 0.000000 0.066167
0.896528 0.000000 0.442987
0.658758 0.000000 0.752355
0.752324 0.000000 0.658793
0.442963 0.000000 -0.896540
0.658758 0.000000 -0.752355
0.320740 0.000000 -0.947167
0.997809 0.000000 0.066168
0.947166 0.000000 0.320744
0.997809 0.000000 -0.066168
0.997809 0.000000 0.066167
0.947166 0.000000 0.320744
0.320739 0.000000 0.947168
-0.000000 0.000000 1.000000
-0.658758 0.000000 0.752355
-0.442963 0.000000 0.896540
-0.320739 0.000000 0.947168
-0.947166 0.000000 -0.320744
-0.896528 0.000000 -0.442987
-0.997809 0.000000 -0.066167
-0.752325 0.000000 -0.658793
-0.658758 0.000000 -0.752355
-0.896528 0.000000 0.442987
-0.752324 0.000000 0.658793
-0.442964 0.000000 -0.896539
-0.320739 0.000000 -0.947167
-0.997809 0.000000 0.066167
-0.947166 0.000000 0.320744
-0.320739 0.000000 0.947168
-0.442963 0.000000 0.896540
-0.658757 0.000000 0.752356
-0.752325 0.000000 0.658793
-0.896528 0.000000 0.442987
-0.947166 0.000000 0.320744
-0.997809 0.000000 0.066168
-0.997809 0.000000 -0.066168
-0.947166 0.000000 -0.320745
-0.896528 0.000000 -0.442987
-0.752325 0.000000 -0.658792
-0.658758 0.000000 -0.752355
-0.320740 0.000000 -0.947167
0.947166 0.000000 -0.320745
0.896528 0.000000 -0.442987
-0.000000 0.000000 -1.000000
0.752325 0.000000 -0.658792
0.442964 0.000000 -0.896539
0.320739 0.000000 -0.947167
0.896528 0.000000 0.442987
0.752325 0.000000 0.658793
0.752325 0.000000 -0.658793
0.658758 0.000000 -0.752355
0.658757 0.000000 0.752356
0.442963 0.000000 0.896540
0.947166 0.000000 -0.320744
0.896528 0.000000 -0.442987
0.320739 0.000000 0.947168
0.997809 0.000000 -0.066167
0.997809 0.000000 -0.066167
0.997809 0.000000 0.066167
0.947166 0.000000 -0.320744
0.896528 0.000000 -0.442987
0.752324 0.000000 -0.658793
0.947166 0.000000 0.320744
0.896528 0.000000 0.442987
0.752325 0.000000 0.658793
0.658758 0.000000 0.752355
0.442964 0.000000 0.896539
0.320739 0.000000 0.947167
-0.320740 0.000000 0.947167
-0.752325 0.000000 0.658792
-0.658758 0.000000 0.752355
-0.947166 0.000000 0.320745
-0.896528 0.000000 0.442987
-0.997809 0.000000 -0.066168
-0.997809 0.000000 0.066168
-0.896528 0.000000 -0.442987
-0.947166 0.000000 -0.320744
-0.658757 0.000000 -0.752356
-0.752325 0.000000 -0.658793
-0.320739 0.000000 -0.947168
-0.442963 0.000000 -0.896540
0.320739 0.000000 -0.947168
0.658758 0.000000 -0.752355
128
0 0 1 2 0 1 2 0
0 3 4 5 3 4 5 0
0 6 7 8 6 7 8 0
0 9 6 10 9 6 10 0
0 11 12 13 11 12 13 0
0 14 5 12 14 5 12 0
0 15 2 4 15 2 4 0
0 16 17 18 16 16 17 0
0 19 20 1 18 19 1 0
0 21 18 20 20 17 19 0
0 22 23 24 21 22 23 0
0 16 25 26 16 24 25 0
0 25 22 27 24 21 26 0
0 28 29 13 27 13 13 0
0 7 28 30 7 27 28 0
0 23 9 31 22 9 29 0
0 32 33 34 30 31 32 0
0 35 36 37 33 34 35 0
0 38 39 40 36 37 38 0
0 6 8 10 6 8 10 0
0 7 30 8 7 28 8 0
0 28 13 30 27 13 28 0
0 11 13 29 11 13 13 0
0 14 12 11 14 12 11 0
0 3 5 14 3 5 14 0
0 15 4 3 15 4 3 0
0 0 2 15 0 2 15 0
0 41 32 42 39 30 40 0
0 43 44 45 41 42 42 0
0 16 18 21 16 17 20 0
0 16 26 17 16 25 16 0
0 25 27 26 24 26 25 0
0 22 24 27 21 23 26 0
0 46 47 48 43 44 45 0
0 49 50 51 46 47 48 0
0 52 53 50 49 50 47 0
0 54 55 46 51 52 43 0
0 56 57 53 53 54 50 0
0 58 59 54 55 56 51 0
0 60 61 57 13 13 54 0
0 62 63 45 57 58 42 0
0 33 43 64 31 41 20 0
0 65 66 63 59 60 58 0
0 49 51 58 46 48 55 0
0 67 68 66 61 62 60 0
0 52 50 49 49 47 46 0
0 69 70 68 63 64 62 0
0 56 53 52 53 50 49 0
0 71 72 70 65 66 64 0
0 60 57 56 13 54 53 0
0 73 74 72 67 68 66 0
0 60 37 61 13 35 13 0
0 75 76 74 28 69 68 0
0 77 40 78 70 38 71 0
0 79 80 76 72 72 69 0
0 81 78 36 73 71 34 0
0 79 82 83 72 74 75 0
0 84 85 39 76 77 37 0
0 82 86 87 74 78 79 0
0 88 89 85 80 81 77 0
0 86 90 91 78 82 83 0
0 92 93 89 84 16 81 0
0 90 41 94 82 39 85 0
0 48 93 95 45 16 16 0
0 96 97 98 86 87 88 0
0 9 10 31 9 10 29 0
0 60 35 37 13 33 35 0
0 19 1 0 18 1 0 0
0 41 42 94 39 40 85 0
0 32 34 42 30 32 40 0
0 33 64 34 31 20 32 0
0 43 45 64 41 42 20 0
0 62 45 44 57 42 42 0
0 65 63 62 59 58 57 0
0 67 66 65 61 60 59 0
0 69 68 67 63 62 61 0
0 71 70 69 65 64 63 0
0 73 72 71 67 66 65 0
0 75 74 73 28 68 67 0
0 79 76 75 72 69 28 0
0 79 83 80 72 75 72 0
0 82 87 83 74 79 75 0
0 86 91 87 78 83 79 0
0 90 94 91 82 85 83 0
0 21 20 19 20 19 18 0
0 81 77 78 73 70 71 0
0 23 31 24 22 29 23 0
0 58 51 59 55 48 56 0
0 54 59 55 51 56 52 0
0 46 55 47 43 52 44 0
0 48 47 93 45 44 16 0
0 92 95 93 84 16 16 0
0 88 92 89 80 84 81 0
0 84 88 85 76 80 77 0
0 38 84 39 36 76 37 0
0 77 38 40 70 36 38 0
0 35 81 36 33 73 34 0
0 99 98 100 89 88 90 0
0 101 102 97 91 92 87 0
0 103 104 102 93 94 92 0
0 105 106 104 95 96 94 0
0 107 108 106 42 42 96 0
0 107 109 110 42 44 97 0
0 109 111 112 44 98 99 0
0 111 113 114 98 100 101 0
0 113 115 116 100 102 103 0
0 115 117 118 102 104 105 0
0 117 119 120 104 106 107 0
0 119 121 122 106 108 109 0
0 121 123 124 108 72 72 0
0 125 126 124 110 33 72 0
0 127 100 126 111 90 33 0
0 109 112 110 44 99 97 0
0 101 97 96 91 87 86 0
0 103 102 101 93 92 91 0
0 105 104 103 95 94 93 0
0 107 106 105 42 96 95 0
0 107 110 108 42 97 42 0
0 96 98 99 86 88 89 0
0 99 100 127 89 90 111 0
0 127 126 125 111 33 110 0
0 125 124 123 110 72 72 0
0 121 124 122 108 72 109 0
0 119 122 120 106 109 107 0
0 117 120 118 104 107 105 0
0 115 118 116 102 105 103 0
0 113 116 114 100 103 101 0
0 111 114 112 98 101 99 0
"Mesh_music_filed_Material35" 0 35
16
0 -0.226000 0.065000 0.252000 1.000000 0.500001 1
0 -0.244520 0.065000 0.279716 0.691341 0.038061 1
0 -0.234787 0.065000 0.273213 0.853553 0.146447 1
0 -0.244520 0.065000 0.224284 0.691341 0.961940 1
0 -0.256000 0.065000 0.222000 0.500000 1.000000 1
0 -0.256000 0.065000 0.282000 0.500000 0.000000 1
0 -0.267480 0.065000 0.224284 0.308658 0.961940 1
0 -0.277213 0.065000 0.273213 0.146446 0.146447 1
0 -0.267480 0.065000 0.279716 0.308658 0.038061 1
0 -0.283716 0.065000 0.263481 0.038060 0.308659 1
0 -0.228284 0.065000 0.263481 0.961939 0.308659 1
0 -0.228284 0.065000 0.240519 0.961940 0.691343 1
0 -0.234787 0.065000 0.230787 0.853553 0.853554 1
0 -0.283716 0.065000 0.240519 0.038060 0.691343 1
0 -0.286000 0.065000 0.252000 -0.000000 0.500001 1
0 -0.277213 0.065000 0.230787 0.146446 0.853554 1
1
0.000000 1.000000 0.000000
14
0 0 1 2 0 0 0 0
0 0 3 4 0 0 0 0
0 0 5 1 0 0 0 0
0 0 4 6 0 0 0 0
0 0 7 8 0 0 0 0
0 0 9 7 0 0 0 0
0 0 2 10 0 0 0 0
0 0 8 5 0 0 0 0
0 0 11 12 0 0 0 0
0 0 12 3 0 0 0 0
0 0 13 14 0 0 0 0
0 0 6 15 0 0 0 0
0 0 15 13 0 0 0 0
0 0 14 9 0 0 0 0
"Mesh_music_filed_Material36" 0 36
16
0 0.226000 0.065000 0.252000 0.000000 0.500001 1
0 0.277213 0.065000 0.273213 0.853554 0.146447 1
0 0.283716 0.065000 0.263481 0.961940 0.308659 1
0 0.228284 0.065000 0.263481 0.038061 0.308659 1
0 0.234787 0.065000 0.273213 0.146447 0.146447 1
0 0.256000 0.065000 0.282000 0.500000 0.000000 1
0 0.267480 0.065000 0.279716 0.691342 0.038061 1
0 0.244520 0.065000 0.279716 0.308659 0.038061 1
0 0.277213 0.065000 0.230787 0.853554 0.853554 1
0 0.267480 0.065000 0.224284 0.691342 0.961940 1
0 0.256000 0.065000 0.222000 0.500000 1.000000 1
0 0.244520 0.065000 0.224284 0.308659 0.961940 1
0 0.234787 0.065000 0.230787 0.146447 0.853554 1
0 0.228284 0.065000 0.240519 0.038060 0.691343 1
0 0.283716 0.065000 0.240519 0.961940 0.691343 1
0 0.286000 0.065000 0.252000 1.000000 0.500001 1
1
0.000000 1.000000 0.000000
14
0 0 1 2 0 0 0 0
0 0 3 4 0 0 0 0
0 0 5 6 0 0 0 0
0 0 4 7 0 0 0 0
0 0 7 5 0 0 0 0
0 0 8 9 0 0 0 0
0 0 10 11 0 0 0 0
0 0 11 12 0 0 0 0
0 0 12 13 0 0 0 0
0 0 9 10 0 0 0 0
0 0 6 1 0 0 0 0
0 0 14 8 0 0 0 0
0 0 15 14 0 0 0 0
0 0 2 15 0 0 0 0
"Mesh_music_filed_Material37" 0 37
16
0 -0.226000 0.065000 -0.252000 1.000000 0.500000 1
0 -0.283716 0.065000 -0.263481 0.038060 0.691341 1
0 -0.286000 0.065000 -0.252000 -0.000000 0.500000 1
0 -0.277213 0.065000 -0.273213 0.146446 0.853553 1
0 -0.256000 0.065000 -0.282000 0.500000 1.000000 1
0 -0.267480 0.065000 -0.279716 0.308658 0.961939 1
0 -0.277213 0.065000 -0.230787 0.146446 0.146446 1
0 -0.267480 0.065000 -0.224284 0.308658 0.038060 1
0 -0.256000 0.065000 -0.222000 0.500000 -0.000000 1
0 -0.244520 0.065000 -0.224284 0.691341 0.038060 1
0 -0.234787 0.065000 -0.230787 0.853553 0.146446 1
0 -0.244520 0.065000 -0.279716 0.691341 0.961939 1
0 -0.234787 0.065000 -0.273213 0.853553 0.853553 1
0 -0.228284 0.065000 -0.240519 0.961940 0.308657 1
0 -0.283716 0.065000 -0.240519 0.038060 0.308657 1
0 -0.228284 0.065000 -0.263481 0.961939 0.691341 1
1
0.000000 1.000000 0.000000
14
0 0 1 2 0 0 0 0
0 0 3 1 0 0 0 0
0 0 4 5 0 0 0 0
0 0 5 3 0 0 0 0
0 0 6 7 0 0 0 0
0 0 7 8 0 0 0 0
0 0 8 9 0 0 0 0
0 0 9 10 0 0 0 0
0 0 11 4 0 0 0 0
0 0 12 11 0 0 0 0
0 0 10 13 0 0 0 0
0 0 14 6 0 0 0 0
0 0 2 14 0 0 0 0
0 0 15 12 0 0 0 0
"Mesh_music_filed_Material38" 0 38
16
0 0.226000 0.065000 -0.252000 0.000000 0.500000 1
0 0.256000 0.065000 -0.282000 0.500000 1.000000 1
0 0.244520 0.065000 -0.279716 0.308659 0.961939 1
0 0.267480 0.065000 -0.279716 0.691342 0.961939 1
0 0.234787 0.065000 -0.273213 0.146447 0.853553 1
0 0.228284 0.065000 -0.263481 0.038061 0.691341 1
0 0.283716 0.065000 -0.263481 0.961940 0.691341 1
0 0.277213 0.065000 -0.273213 0.853554 0.853553 1
0 0.286000 0.065000 -0.252000 1.000000 0.500000 1
0 0.283716 0.065000 -0.240519 0.961940 0.308657 1
0 0.277213 0.065000 -0.230787 0.853554 0.146446 1
0 0.267480 0.065000 -0.224284 0.691342 0.038060 1
0 0.256000 0.065000 -0.222000 0.500000 -0.000000 1
0 0.244520 0.065000 -0.224284 0.308659 0.038060 1
0 0.234787 0.065000 -0.230787 0.146447 0.146446 1
0 0.228284 0.065000 -0.240519 0.038060 0.308657 1
1
0.000000 1.000000 0.000000
14
0 0 1 2 0 0 0 0
0 0 3 1 0 0 0 0
0 0 4 5 0 0 0 0
0 0 6 7 0 0 0 0
0 0 8 6 0 0 0 0
0 0 7 3 0 0 0 0
0 0 2 4 0 0 0 0
0 0 9 8 0 0 0 0
0 0 10 9 0 0 0 0
0 0 11 10 0 0 0 0
0 0 12 11 0 0 0 0
0 0 13 12 0 0 0 0
0 0 14 13 0 0 0 0
0 0 15 14 0 0 0 0
"Mesh_music_filed_Material39" 0 39
16
0 0.407805 0.164466 -0.407805 0.834708 0.834708 1
0 0.430766 0.184466 -0.430766 0.853553 0.853553 1
0 0.609195 0.184466 0.000000 1.000000 0.500000 1
0 -0.407805 0.164466 -0.407805 0.165292 0.834708 1
0 -0.609195 0.184466 0.000000 0.000000 0.500000 1
0 -0.430766 0.184466 -0.430766 0.146447 0.853553 1
0 0.576723 0.164466 0.000000 0.973349 0.500000 1
0 0.430766 0.184466 0.430766 0.853553 0.146447 1
0 -0.576723 0.164466 0.000000 0.026651 0.500000 1
0 0.000000 0.164466 -0.576723 0.500000 0.973349 1
0 -0.407805 0.164466 0.407805 0.165292 0.165292 1
0 -0.430766 0.184466 0.430766 0.146447 0.146447 1
0 0.000000 0.164466 0.576723 0.500000 0.026651 1
0 0.000000 0.184466 0.609195 0.500000 0.000000 1
0 0.407805 0.164466 0.407805 0.834708 0.165292 1
0 0.000000 0.184466 -0.609195 0.500000 1.000000 1
16
0.323444 -0.913989 -0.244964
0.318791 -0.849232 -0.420924
0.523057 -0.849233 -0.072219
-0.260113 -0.945268 -0.197000
-0.523057 -0.849233 -0.072219
-0.318791 -0.849232 -0.420924
0.178010 -0.983722 0.024578
0.420924 -0.849232 0.318791
-0.323227 -0.945269 0.044628
0.000000 -0.933311 -0.359069
-0.197000 -0.945268 0.260113
-0.420924 -0.849232 0.318791
0.000000 -0.963032 0.269386
0.000000 -0.851456 0.524427
0.244964 -0.913989 0.323444
0.000000 -0.851457 -0.524425
22
0 0 1 2 0 1 2 0
0 3 4 5 3 4 5 0
0 6 2 7 6 2 7 0
0 6 8 3 6 8 3 0
0 6 3 9 6 3 9 0
0 8 10 11 8 10 11 0
0 10 12 13 10 12 13 0
0 14 7 13 14 7 13 0
0 6 10 8 6 10 8 0
0 6 14 12 6 14 12 0
0 6 7 14 6 7 14 0
0 0 2 6 0 2 6 0
0 6 9 0 6 9 0 0
0 9 5 15 9 5 15 0
0 3 8 4 3 8 4 0
0 14 13 12 14 13 12 0
0 8 11 4 8 11 4 0
0 10 13 11 10 13 11 0
0 9 15 1 9 15 1 0
0 9 3 5 9 3 5 0
0 9 1 0 9 1 0 0
0 6 12 10 6 12 10 0
"Mesh_music_filed_Material40" 0 40
16
0 0.576723 -0.164466 0.000000 1.012729 0.500000 1
0 -0.576723 -0.164466 0.000000 -0.012729 0.500000 1
0 -0.407805 -0.164466 0.407805 0.137446 0.137446 1
0 0.000000 -0.184466 -0.609195 0.500000 1.041598 1
0 -0.407805 -0.164466 -0.407805 0.137446 0.862554 1
0 0.000000 -0.164466 -0.576723 0.500000 1.012729 1
0 -0.430766 -0.184466 -0.430766 0.117032 0.882968 1
0 -0.609195 -0.184466 0.000000 -0.041598 0.500000 1
0 -0.430766 -0.184466 0.430766 0.117032 0.117033 1
0 0.000000 -0.164466 0.576723 0.500000 -0.012729 1
0 0.430766 -0.184466 0.430766 0.882967 0.117033 1
0 0.000000 -0.184466 0.609195 0.500000 -0.041598 1
0 0.430766 -0.184466 -0.430766 0.882967 0.882968 1
0 0.609195 -0.184466 0.000000 1.041598 0.500000 1
0 0.407805 -0.164466 -0.407805 0.862554 0.862554 1
0 0.407805 -0.164466 0.407805 0.862554 0.137446 1
16
0.178010 0.983722 -0.024578
-0.323227 0.945269 -0.044628
-0.260113 0.945268 0.197000
0.000000 0.851456 -0.524427
-0.197000 0.945268 -0.260113
0.000000 0.963032 -0.269386
-0.420924 0.849232 -0.318791
-0.523057 0.849233 0.072219
-0.318791 0.849232 0.420924
0.000000 0.933311 0.359069
0.318791 0.849232 0.420924
0.000000 0.851457 0.524425
0.420924 0.849232 -0.318791
0.523057 0.849233 0.072219
0.244964 0.913989 -0.323444
0.323444 0.913989 0.244964
22
0 0 1 2 0 1 2 0
0 3 4 5 3 4 5 0
0 6 1 4 6 1 4 0
0 7 2 1 7 2 1 0
0 8 9 2 8 9 2 0
0 10 9 11 10 9 11 0
0 12 0 13 12 0 13 0
0 0 14 5 0 14 5 0
0 0 5 4 0 5 4 0
0 0 4 1 0 4 1 0
0 3 14 12 3 14 12 0
0 0 2 9 0 2 9 0
0 12 14 0 12 14 0 0
0 13 0 15 13 0 15 0
0 10 15 9 10 15 9 0
0 8 11 9 8 11 9 0
0 7 8 2 7 8 2 0
0 6 7 1 6 7 1 0
0 3 6 4 3 6 4 0
0 3 5 14 3 5 14 0
0 0 9 15 0 9 15 0
0 13 15 10 13 15 10 0
"Mesh_music_filed" 0 41
16
0 0.000000 -0.184466 -0.749906 0.500000 1.000000 1
0 0.430766 -0.184466 -0.430766 0.787213 0.787213 1
0 0.530264 -0.184466 -0.530264 0.853553 0.853553 1
0 0.609195 -0.184466 0.000000 0.906181 0.500000 1
0 0.430766 -0.184466 0.430766 0.787213 0.212787 1
0 0.530264 -0.184466 0.530264 0.853553 0.146447 1
0 0.000000 -0.184466 0.609195 0.500000 0.093819 1
0 0.000000 -0.184466 0.749906 0.500000 0.000000 1
0 -0.430766 -0.184466 0.430766 0.212787 0.212787 1
0 -0.530264 -0.184466 0.530264 0.146447 0.146447 1
0 -0.609195 -0.184466 0.000000 0.093819 0.500000 1
0 -0.749906 -0.184466 0.000000 0.000000 0.500000 1
0 -0.530264 -0.184466 -0.530264 0.146447 0.853553 1
0 -0.430766 -0.184466 -0.430766 0.212787 0.787213 1
0 0.000000 -0.184466 -0.609195 0.500000 0.906181 1
0 0.749906 -0.184466 0.000000 1.000000 0.500000 1
1
0.000000 1.000000 0.000000
16
0 0 1 2 0 0 0 0
0 3 4 5 0 0 0 0
0 4 6 7 0 0 0 0
0 8 9 7 0 0 0 0
0 10 11 9 0 0 0 0
0 12 11 10 0 0 0 0
0 0 12 13 0 0 0 0
0 0 14 1 0 0 0 0
0 2 1 3 0 0 0 0
0 0 13 14 0 0 0 0
0 12 10 13 0 0 0 0
0 10 9 8 0 0 0 0
0 8 7 6 0 0 0 0
0 4 7 5 0 0 0 0
0 3 5 15 0 0 0 0
0 2 3 15 0 0 0 0

Materials: 42
"Material"
1.000000 1.000000 1.000000 1.000000
1.000000 1.000000 1.000000 1.000000
0.000000 0.000000 0.000000 1.000000
0.000000 0.000000 0.000000 1.000000
51.200001
1.000000
"8pipe.png"
""
"Material1"
1.000000 1.000000 1.000000 1.000000
1.000000 1.000000 1.000000 1.000000
0.000000 0.000000 0.000000 1.000000
0.000000 0.000000 0.000000 1.000000
51.200001
1.000000
"ami.png"
""
"Material2"
1.000000 1.000000 1.000000 1.000000
1.000000 1.000000 1.000000 1.000000
0.000000 0.000000 0.000000 1.000000
1.000000 1.000000 1.000000 1.000000
51.200001
1.000000
"dai.png"
""
"Material3"
1.000000 1.000000 1.000000 1.000000
1.000000 1.000000 1.000000 1.000000
0.000000 0.000000 0.000000 1.000000
0.000000 0.000000 0.000000 1.000000
51.200001
1.000000
"out_light.png"
""
"Material4"
1.000000 1.000000 1.000000 1.000000
1.000000 1.000000 1.000000 1.000000
0.000000 0.000000 0.000000 1.000000
1.000000 1.000000 1.000000 1.000000
51.200001
1.000000
"gaisyu.png"
""
"Material5"
1.000000 1.000000 1.000000 1.000000
1.000000 1.000000 1.000000 1.000000
0.000000 0.000000 0.000000 1.000000
0.000000 0.000000 0.000000 1.000000
51.200001
1.000000
"out_light.png"
""
"Material6"
1.000000 1.000000 1.000000 1.000000
1.000000 1.000000 1.000000 1.000000
0.000000 0.000000 0.000000 1.000000
0.400000 0.400000 0.400000 1.000000
51.200001
1.000000
"outer.png"
""
"Material7"
1.000000 1.000000 1.000000 1.000000
1.000000 1.000000 1.000000 1.000000
0.000000 0.000000 0.000000 1.000000
0.000000 0.000000 0.000000 1.000000
51.200001
1.000000
"out_light.png"
""
"Material8"
1.000000 1.000000 1.000000 1.000000
1.000000 1.000000 1.000000 1.000000
0.000000 0.000000 0.000000 1.000000
1.000000 1.000000 1.000000 1.000000
51.200001
1.000000
"up_light.png"
""
"Material9"
1.000000 1.000000 1.000000 1.000000
1.000000 1.000000 1.000000 1.000000
0.000000 0.000000 0.000000 1.000000
0.000000 0.000000 0.000000 1.000000
25.600000
1.000000
"brown.png"
""
"Material10"
1.000000 1.000000 1.000000 1.000000
1.000000 1.000000 1.000000 1.000000
0.000000 0.000000 0.000000 1.000000
0.000000 0.000000 0.000000 1.000000
25.600000
1.000000
"black.png"
""
"Material11"
1.000000 1.000000 1.000000 1.000000
1.000000 1.000000 1.000000 1.000000
0.000000 0.000000 0.000000 1.000000
0.996078 1.000000 1.000000 1.000000
0.000000
1.000000
"stage_box_light.png"
""
"Material12"
1.000000 1.000000 1.000000 1.000000
1.000000 1.000000 1.000000 1.000000
0.000000 0.000000 0.000000 1.000000
0.996078 1.000000 1.000000 1.000000
0.000000
1.000000
"stage_box_light.png"
""
"Material13"
1.000000 1.000000 1.000000 1.000000
1.000000 1.000000 1.000000 1.000000
0.000000 0.000000 0.000000 1.000000
0.996078 1.000000 1.000000 1.000000
0.000000
1.000000
"stage_box_light.png"
""
"Material14"
1.000000 1.000000 1.000000 1.000000
1.000000 1.000000 1.000000 1.000000
0.000000 0.000000 0.000000 1.000000
0.996078 1.000000 1.000000 1.000000
0.000000
1.000000
"stage_box_light.png"
""
"Material15"
1.000000 1.000000 1.000000 1.000000
1.000000 1.000000 1.000000 1.000000
0.000000 0.000000 0.000000 1.000000
0.996078 1.000000 1.000000 1.000000
0.000000
1.000000
"stage_box_light.png"
""
"Material16"
1.000000 1.000000 1.000000 1.000000
1.000000 1.000000 1.000000 1.000000
0.000000 0.000000 0.000000 1.000000
0.996078 1.000000 1.000000 1.000000
0.000000
1.000000
"stage_box_light.png"
""
"Material17"
1.000000 1.000000 1.000000 1.000000
1.000000 1.000000 1.000000 1.000000
0.000000 0.000000 0.000000 1.000000
0.996078 1.000000 1.000000 1.000000
0.000000
1.000000
"stage_box_light.png"
""
"Material18"
1.000000 1.000000 1.000000 1.000000
1.000000 1.000000 1.000000 1.000000
0.000000 0.000000 0.000000 1.000000
0.996078 1.000000 1.000000 1.000000
0.000000
1.000000
"stage_box_light.png"
""
"Material19"
1.000000 1.000000 1.000000 1.000000
1.000000 1.000000 1.000000 1.000000
0.000000 0.000000 0.000000 1.000000
0.996078 1.000000 1.000000 1.000000
0.000000
1.000000
"stage_box_light.png"
""
"Material20"
1.000000 1.000000 1.000000 1.000000
1.000000 1.000000 1.000000 1.000000
0.000000 0.000000 0.000000 1.000000
0.996078 1.000000 1.000000 1.000000
0.000000
1.000000
"stage_box_light.png"
""
"Material21"
1.000000 1.000000 1.000000 1.000000
1.000000 1.000000 1.000000 1.000000
0.000000 0.000000 0.000000 1.000000
0.996078 1.000000 1.000000 1.000000
0.000000
1.000000
"stage_box_light.png"
""
"Material22"
1.000000 1.000000 1.000000 1.000000
1.000000 1.000000 1.000000 1.000000
0.000000 0.000000 0.000000 1.000000
0.996078 1.000000 1.000000 1.000000
0.000000
1.000000
"stage_box_light.png"
""
"Material23"
1.000000 1.000000 1.000000 1.000000
1.000000 1.000000 1.000000 1.000000
0.000000 0.000000 0.000000 1.000000
0.996078 1.000000 1.000000 1.000000
0.000000
1.000000
"stage_box_light.png"
""
"Material24"
1.000000 1.000000 1.000000 1.000000
1.000000 1.000000 1.000000 1.000000
0.000000 0.000000 0.000000 1.000000
0.996078 1.000000 1.000000 1.000000
0.000000
1.000000
"stage_box_light.png"
""
"Material25"
1.000000 1.000000 1.000000 1.000000
1.000000 1.000000 1.000000 1.000000
0.000000 0.000000 0.000000 1.000000
0.996078 1.000000 1.000000 1.000000
0.000000
1.000000
"stage_box_light.png"
""
"Material26"
1.000000 1.000000 1.000000 1.000000
1.000000 1.000000 1.000000 1.000000
0.000000 0.000000 0.000000 1.000000
0.996078 1.000000 1.000000 1.000000
0.000000
1.000000
"stage_box_light.png"
""
"Material27"
1.000000 1.000000 1.000000 1.000000
1.000000 1.000000 1.000000 1.000000
0.000000 0.000000 0.000000 1.000000
1.000000 1.000000 1.000000 1.000000
51.200001
1.000000
"yellow_glow.png"
""
"Material28"
1.000000 1.000000 1.000000 1.000000
1.000000 1.000000 1.000000 1.000000
0.000000 0.000000 0.000000 1.000000
1.000000 1.000000 1.000000 1.000000
51.200001
1.000000
"up_light.png"
""
"Material29"
1.000000 1.000000 1.000000 1.000000
1.000000 1.000000 1.000000 1.000000
0.000000 0.000000 0.000000 1.000000
1.000000 1.000000 1.000000 1.000000
51.200001
1.000000
"gaisyu.png"
""
"Material30"
1.000000 1.000000 1.000000 1.000000
1.000000 1.000000 1.000000 1.000000
0.000000 0.000000 0.000000 1.000000
1.000000 1.000000 1.000000 1.000000
51.200001
1.000000
"tutu_sita.png"
""
"Material31"
1.000000 1.000000 1.000000 1.000000
1.000000 1.000000 1.000000 1.000000
0.000000 0.000000 0.000000 1.000000
1.000000 1.000000 1.000000 1.000000
51.200001
1.000000
"tutu_sita.png"
""
"Material32"
1.000000 1.000000 1.000000 1.000000
1.000000 1.000000 1.000000 1.000000
0.000000 0.000000 0.000000 1.000000
1.000000 1.000000 1.000000 1.000000
51.200001
1.000000
"tutu_sita.png"
""
"Material33"
1.000000 1.000000 1.000000 1.000000
1.000000 1.000000 1.000000 1.000000
0.000000 0.000000 0.000000 1.000000
1.000000 1.000000 1.000000 1.000000
51.200001
1.000000
"tutu_sita.png"
""
"Material34"
1.000000 1.000000 1.000000 1.000000
1.000000 1.000000 1.000000 1.000000
0.000000 0.000000 0.000000 1.000000
1.000000 1.000000 1.000000 1.000000
51.200001
1.000000
"tutu_sita.png"
""
"Material35"
1.000000 1.000000 1.000000 1.000000
1.000000 1.000000 1.000000 1.000000
0.000000 0.000000 0.000000 1.000000
1.000000 1.000000 1.000000 1.000000
51.200001
1.000000
"tutu_ue.png"
""
"Material36"
1.000000 1.000000 1.000000 1.000000
1.000000 1.000000 1.000000 1.000000
0.000000 0.000000 0.000000 1.000000
1.000000 1.000000 1.000000 1.000000
51.200001
1.000000
"tutu_ue.png"
""
"Material37"
1.000000 1.000000 1.000000 1.000000
1.000000 1.000000 1.000000 1.000000
0.000000 0.000000 0.000000 1.000000
1.000000 1.000000 1.000000 1.000000
51.200001
1.000000
"tutu_ue.png"
""
"Material38"
1.000000 1.000000 1.000000 1.000000
1.000000 1.000000 1.000000 1.000000
0.000000 0.000000 0.000000 1.000000
1.000000 1.000000 1.000000 1.000000
51.200001
1.000000
"tutu_ue.png"
""
"Material39"
1.000000 1.000000 1.000000 1.000000
1.000000 1.000000 1.000000 1.000000
0.000000 0.000000 0.000000 1.000000
1.000000 1.000000 1.000000 1.000000
0.000000
1.000000
"up_light.png"
""
"Material40"
1.000000 1.000000 1.000000 1.000000
1.000000 1.000000 1.000000 1.000000
0.000000 0.000000 0.000000 1.000000
1.000000 1.000000 1.000000 1.000000
0.000000
1.000000
"up_light.png"
""
"Material41"
1.000000 1.000000 1.000000 1.000000
1.000000 1.000000 1.000000 1.000000
0.000000 0.000000 0.000000 1.000000
1.000000 1.000000 1.000000 1.000000
51.200001
1.000000
"zimen.png"
""

Bones: 2
"Frame_SCENE_ROOT"
""
8 0.000000 0.000000 0.000000 0.000000 -0.000000 0.000000
0
0
"Frame1_music_filed_Layer1"
"Frame_SCENE_ROOT"
8 0.000000 0.000000 0.000000 0.000000 -0.000000 0.000000
0
0
GroupComments: 0
MaterialComments: 0
BoneComments: 0
ModelComment: 0
