// MilkShape 3D ASCII

Frames: 361
Frame: 1

Meshes: 51
"Mesh_vanessa_Layer2_Material53" 0 53
8
0 12.135000 4.220000 -45.000000 12.635000 -22.000000 2
0 12.135000 4.220000 0.000000 12.635000 23.000000 2
0 -12.135000 4.220000 0.000000 -11.635000 23.000000 2
0 -12.135000 4.220000 -45.000000 -11.635000 -22.000000 2
0 9.160162 0.000000 0.000000 9.660162 23.000000 2
0 9.160162 0.000000 -45.000000 9.660162 -22.000000 2
0 -9.160162 0.000000 0.000000 -8.660162 23.000000 2
0 -9.160162 0.000000 -45.000000 -8.660162 -22.000000 2
2
0.000000 -1.000000 0.000000
0.000000 1.000000 0.000000
4
0 0 1 2 0 0 0 0
0 3 0 2 0 0 0 0
0 4 5 6 1 1 1 0
0 5 7 6 1 1 1 0
"Mesh_vanessa_Layer2_Material54" 0 54
64
0 -2.604700 0.100000 0.395300 1.000000 0.976275 2
0 -3.395300 0.100000 0.395300 0.000000 0.976275 2
0 -2.604700 0.000000 0.395300 1.000000 1.000000 2
0 -3.395300 0.000000 -0.395300 0.000000 0.000000 2
0 -2.604700 0.000000 -0.395300 1.000000 0.000000 2
0 -3.295000 4.215000 -0.295000 0.126865 0.126866 2
0 -3.295000 4.215000 0.295000 0.126865 0.873134 2
0 -2.705000 4.215000 0.295000 0.873134 0.873134 2
0 -3.395300 0.000000 0.395300 0.000000 1.000000 2
0 -3.395300 0.100000 -0.395300 1.000000 0.976275 2
0 -3.395300 0.000000 -0.395300 1.000000 1.000000 2
0 -2.604700 0.100000 -0.395300 1.000000 0.976275 2
0 -2.604700 0.000000 -0.395300 1.000000 1.000000 2
0 -3.395300 0.000000 -0.395300 0.000000 1.000000 2
0 -2.604700 0.100000 0.395300 0.000000 0.976275 2
0 -2.604700 0.000000 0.395300 0.000000 1.000000 2
0 -3.252992 0.200000 0.252992 0.180000 0.820000 2
0 -3.395300 0.100000 0.395300 0.000000 1.000000 2
0 -2.604700 0.100000 0.395300 1.000000 1.000000 2
0 -3.252992 0.200000 -0.252992 0.180000 0.180000 2
0 -3.395300 0.100000 -0.395300 0.000000 0.000000 2
0 -2.747008 0.200000 -0.252992 0.820000 0.180000 2
0 -2.604700 0.100000 -0.395300 1.000000 0.000000 2
0 -2.747008 0.200000 0.252992 0.820000 0.820000 2
0 -2.705000 3.900000 0.295000 0.873134 0.074733 2
0 -2.705000 4.215000 0.295000 0.873134 0.000000 2
0 -3.295000 4.215000 0.295000 0.126865 0.000000 2
0 -3.295000 3.900000 0.295000 0.126866 0.074733 2
0 -3.295000 4.215000 0.295000 0.126866 0.000000 2
0 -3.295000 4.215000 -0.295000 0.873134 0.000000 2
0 -3.295000 3.900000 -0.295000 0.126865 0.074733 2
0 -3.295000 4.215000 -0.295000 0.126865 0.000000 2
0 -2.705000 4.215000 -0.295000 0.873134 0.000000 2
0 -2.705000 3.900000 -0.295000 0.873134 0.074733 2
0 -2.705000 4.215000 0.295000 0.126866 0.000000 2
0 -2.811200 3.750000 0.188800 0.738806 0.110320 2
0 -3.295000 3.900000 0.295000 0.126865 0.074733 2
0 -3.188800 3.750000 0.188800 0.261194 0.110320 2
0 -3.295000 3.900000 -0.295000 0.873134 0.074733 2
0 -3.188800 3.750000 -0.188800 0.261194 0.110320 2
0 -2.811200 3.750000 -0.188800 0.738806 0.110320 2
0 -2.705000 3.900000 0.295000 0.126866 0.074733 2
0 -2.811200 1.500000 0.188800 0.738806 0.644128 2
0 -3.188800 1.500000 0.188800 0.261194 0.644128 2
0 -3.188800 3.750000 -0.188800 0.738806 0.110320 2
0 -3.188800 1.500000 -0.188800 0.261194 0.644128 2
0 -2.811200 1.500000 -0.188800 0.738806 0.644128 2
0 -2.811200 3.750000 0.188800 0.261194 0.110320 2
0 -2.747008 1.400000 0.252992 0.820000 0.667853 2
0 -3.252992 1.400000 0.252992 0.180000 0.667853 2
0 -3.252992 0.200000 0.252992 0.180000 0.952550 2
0 -2.747008 0.200000 0.252992 0.820000 0.952550 2
0 -3.188800 1.500000 -0.188800 0.738806 0.644128 2
0 -3.252992 1.400000 -0.252992 0.820000 0.667853 2
0 -3.252992 0.200000 -0.252992 0.820000 0.952550 2
0 -2.705000 4.215000 -0.295000 0.873134 0.126866 2
0 -2.747008 1.400000 0.252992 0.180000 0.667853 2
0 -2.747008 0.200000 0.252992 0.180000 0.952550 2
0 -2.747008 0.200000 -0.252992 0.820000 0.952550 2
0 -3.395300 0.100000 -0.395300 0.000000 0.976275 2
0 -2.811200 1.500000 0.188800 0.261194 0.644128 2
0 -2.747008 1.400000 -0.252992 0.820000 0.667853 2
0 -3.252992 1.400000 -0.252992 0.180000 0.667853 2
0 -3.252992 0.200000 -0.252992 0.180000 0.952550 2
42
0.000000 0.000000 1.000000
-0.447214 0.000000 0.894427
0.000000 -0.707107 0.707107
0.000000 -1.000000 0.000000
0.000000 1.000000 0.000000
-0.816497 -0.408248 0.408248
-1.000000 0.000000 0.000000
0.447214 0.000000 -0.894427
0.894427 0.000000 -0.447214
0.000000 0.000000 -1.000000
1.000000 0.000000 0.000000
-0.207496 0.885849 0.414991
-0.414991 0.885849 0.207496
0.314649 0.895540 0.314649
-0.314649 0.895540 -0.314649
0.414991 0.885849 -0.207496
0.207496 0.885849 -0.414991
0.314649 0.895540 0.314649
0.000000 -0.200999 0.979591
-0.979591 -0.200999 0.000000
0.000000 -0.200999 -0.979591
0.666281 -0.410135 -0.622784
0.000000 -0.401997 0.915641
-0.622784 -0.410135 0.666281
-0.915641 -0.401997 0.000000
0.000000 -0.401997 -0.915641
0.622784 -0.410135 -0.666281
0.915641 -0.401997 0.000000
0.000000 0.186763 0.982405
-0.671633 0.383049 0.634179
0.000000 0.186763 -0.982405
0.671633 0.383049 -0.634179
0.979591 -0.200999 0.000000
0.000000 0.373526 0.927620
-0.634179 0.383048 0.671633
-0.894427 0.000000 0.447214
-0.927620 0.373526 0.000000
-0.982405 0.186763 0.000000
0.982405 0.186763 0.000000
0.927620 0.373526 0.000000
0.634179 0.383048 -0.671633
0.000000 0.373526 -0.927620
60
0 0 1 2 0 1 2 0
0 3 4 2 3 3 2 0
0 5 6 7 4 4 4 0
0 1 8 2 1 5 2 0
0 9 10 8 6 6 5 0
0 11 12 13 7 8 9 0
0 14 15 12 10 10 8 0
0 16 17 18 11 12 13 0
0 19 20 17 14 14 12 0
0 19 21 22 14 15 16 0
0 21 23 18 15 17 13 0
0 24 25 26 18 0 0 0
0 27 28 29 19 6 6 0
0 30 31 32 20 9 7 0
0 33 32 34 21 7 10 0
0 35 24 36 22 18 22 0
0 37 27 38 23 19 24 0
0 39 30 33 25 20 21 0
0 40 33 41 26 21 27 0
0 42 35 37 28 22 23 0
0 43 37 44 29 23 19 0
0 45 39 40 30 25 26 0
0 46 40 47 31 26 32 0
0 48 42 43 33 28 29 0
0 49 50 51 34 35 0 0
0 49 43 52 34 29 36 0
0 53 54 50 37 6 35 0
0 8 3 2 5 3 2 0
0 55 5 7 4 4 4 0
0 56 57 58 38 10 8 0
0 1 9 8 1 6 5 0
0 59 11 13 9 7 9 0
0 11 14 12 7 10 8 0
0 23 16 18 17 11 13 0
0 16 19 17 11 14 12 0
0 20 19 22 14 14 16 0
0 22 21 18 16 15 13 0
0 36 24 26 22 18 0 0
0 38 27 29 24 19 6 0
0 33 30 32 21 20 7 0
0 41 33 34 27 21 10 0
0 37 35 36 23 22 22 0
0 44 37 38 19 23 24 0
0 40 39 33 26 25 21 0
0 47 40 41 32 26 27 0
0 43 42 37 29 28 23 0
0 52 43 44 36 29 19 0
0 46 45 40 31 30 26 0
0 60 46 47 39 31 32 0
0 49 48 43 34 33 29 0
0 48 49 51 33 34 0 0
0 53 49 52 37 34 36 0
0 49 53 50 34 37 35 0
0 61 62 46 40 41 31 0
0 62 61 63 41 40 9 0
0 56 61 60 38 40 39 0
0 61 56 58 40 38 8 0
0 62 45 46 41 30 31 0
0 61 58 63 40 8 9 0
0 61 46 60 40 31 39 0
"Mesh_vanessa_Layer2_Material55" 0 55
62
0 -2.604700 0.100000 -2.604700 1.000000 0.976275 2
0 -3.395300 0.100000 -2.604700 0.000000 0.976275 2
0 -2.604700 0.000000 -2.604700 1.000000 1.000000 2
0 -3.395300 0.000000 -3.395300 0.000000 0.000000 2
0 -2.604700 0.000000 -3.395300 1.000000 0.000000 2
0 -3.295000 4.215000 -3.295000 0.126865 0.126866 2
0 -3.295000 4.215000 -2.705000 0.126865 0.873135 2
0 -2.705000 4.215000 -2.705000 0.873134 0.873135 2
0 -3.395300 0.000000 -2.604700 0.000000 1.000000 2
0 -3.395300 0.100000 -3.395300 1.000000 0.976275 2
0 -3.395300 0.000000 -3.395300 1.000000 1.000000 2
0 -2.604700 0.100000 -3.395300 1.000000 0.976275 2
0 -2.604700 0.000000 -3.395300 1.000000 1.000000 2
0 -3.395300 0.000000 -3.395300 0.000000 1.000000 2
0 -2.604700 0.100000 -2.604700 0.000000 0.976275 2
0 -2.604700 0.000000 -2.604700 0.000000 1.000000 2
0 -3.252992 0.200000 -2.747008 0.180000 0.820000 2
0 -3.395300 0.100000 -2.604700 0.000000 1.000000 2
0 -2.604700 0.100000 -2.604700 1.000000 1.000000 2
0 -3.252992 0.200000 -3.252992 0.180000 0.180000 2
0 -3.395300 0.100000 -3.395300 0.000000 0.000000 2
0 -2.747008 0.200000 -3.252992 0.820000 0.180000 2
0 -2.604700 0.100000 -3.395300 1.000000 0.000000 2
0 -2.747008 0.200000 -2.747008 0.820000 0.820000 2
0 -2.705000 3.900000 -2.705000 0.873134 0.074733 2
0 -2.705000 4.215000 -2.705000 0.873134 0.000000 2
0 -3.295000 4.215000 -2.705000 0.126865 0.000000 2
0 -3.295000 3.900000 -2.705000 0.126865 0.074733 2
0 -3.295000 4.215000 -3.295000 0.873134 0.000000 2
0 -3.295000 3.900000 -3.295000 0.126865 0.074733 2
0 -3.295000 4.215000 -3.295000 0.126865 0.000000 2
0 -2.705000 4.215000 -3.295000 0.873134 0.000000 2
0 -2.705000 3.900000 -3.295000 0.873134 0.074733 2
0 -2.705000 4.215000 -2.705000 0.126865 0.000000 2
0 -2.811200 3.750000 -2.811200 0.738806 0.110320 2
0 -3.188800 3.750000 -2.811200 0.261194 0.110320 2
0 -3.295000 3.900000 -3.295000 0.873134 0.074733 2
0 -3.188800 3.750000 -3.188800 0.261194 0.110320 2
0 -2.811200 3.750000 -3.188800 0.738806 0.110320 2
0 -2.705000 3.900000 -2.705000 0.126865 0.074733 2
0 -2.811200 1.500000 -2.811200 0.738806 0.644128 2
0 -3.188800 1.500000 -2.811200 0.261194 0.644128 2
0 -3.188800 3.750000 -3.188800 0.738806 0.110320 2
0 -3.188800 1.500000 -3.188800 0.261194 0.644128 2
0 -2.811200 1.500000 -3.188800 0.738806 0.644128 2
0 -2.811200 3.750000 -2.811200 0.261194 0.110320 2
0 -2.747008 1.400000 -2.747008 0.820000 0.667853 2
0 -3.252992 1.400000 -2.747008 0.180000 0.667853 2
0 -3.252992 0.200000 -2.747008 0.180000 0.952550 2
0 -2.747008 0.200000 -2.747008 0.820000 0.952550 2
0 -3.188800 1.500000 -3.188800 0.738806 0.644128 2
0 -3.252992 1.400000 -3.252992 0.820000 0.667853 2
0 -3.252992 0.200000 -3.252992 0.820000 0.952550 2
0 -2.705000 4.215000 -3.295000 0.873134 0.126866 2
0 -3.395300 0.100000 -3.395300 0.000000 0.976275 2
0 -2.747008 1.400000 -2.747008 0.180000 0.667853 2
0 -2.747008 0.200000 -2.747008 0.180000 0.952550 2
0 -2.747008 0.200000 -3.252992 0.820000 0.952550 2
0 -2.811200 1.500000 -2.811200 0.261194 0.644128 2
0 -2.747008 1.400000 -3.252992 0.820000 0.667853 2
0 -3.252992 1.400000 -3.252992 0.180000 0.667853 2
0 -3.252992 0.200000 -3.252992 0.180000 0.952550 2
42
0.000000 0.000000 1.000000
-0.447214 0.000000 0.894427
0.000000 -0.707107 0.707107
0.000000 -1.000000 0.000000
0.000000 1.000000 0.000000
-0.816497 -0.408248 0.408248
-1.000000 0.000000 0.000000
0.447214 0.000000 -0.894427
0.894427 0.000000 -0.447214
0.000000 0.000000 -1.000000
1.000000 0.000000 0.000000
-0.207496 0.885849 0.414991
-0.414991 0.885849 0.207496
0.314649 0.895540 0.314649
-0.314649 0.895540 -0.314649
0.414991 0.885849 -0.207496
0.207496 0.885849 -0.414991
0.000000 -0.200999 0.979591
-0.666281 -0.410135 0.622784
0.000000 -0.200999 -0.979591
0.666281 -0.410135 -0.622784
0.000000 -0.401997 0.915641
-0.622784 -0.410135 0.666281
-0.915641 -0.401997 0.000000
0.000000 -0.401997 -0.915641
0.622784 -0.410135 -0.666281
0.915641 -0.401997 0.000000
0.000000 0.186763 0.982405
-0.671633 0.383048 0.634179
-0.979591 -0.200999 0.000000
0.000000 0.186763 -0.982405
0.671633 0.383048 -0.634179
0.979591 -0.200999 0.000000
0.000000 0.373526 0.927620
-0.634179 0.383048 0.671633
-0.894427 0.000000 0.447214
-0.927620 0.373526 0.000000
-0.982405 0.186763 0.000000
0.982405 0.186763 0.000000
0.927620 0.373526 0.000000
0.634179 0.383048 -0.671633
0.000000 0.373526 -0.927620
60
0 0 1 2 0 1 2 0
0 3 4 2 3 3 2 0
0 5 6 7 4 4 4 0
0 1 8 2 1 5 2 0
0 9 10 8 6 6 5 0
0 11 12 13 7 8 9 0
0 14 15 12 10 10 8 0
0 16 17 18 11 12 13 0
0 19 20 17 14 14 12 0
0 19 21 22 14 15 16 0
0 21 23 18 15 13 13 0
0 24 25 26 17 0 1 0
0 27 26 28 18 1 6 0
0 29 30 31 19 9 7 0
0 32 31 33 20 7 10 0
0 34 24 27 21 17 18 0
0 35 27 36 22 18 23 0
0 37 29 32 24 19 20 0
0 38 32 39 25 20 26 0
0 40 34 35 27 21 22 0
0 41 35 42 28 22 29 0
0 43 37 38 30 24 25 0
0 44 38 45 31 25 32 0
0 46 40 41 33 27 28 0
0 47 48 49 34 35 0 0
0 47 41 50 34 28 36 0
0 51 52 48 37 6 35 0
0 8 3 2 5 3 2 0
0 53 5 7 4 4 4 0
0 45 38 39 32 25 26 0
0 1 9 8 1 6 5 0
0 54 11 13 9 7 9 0
0 11 14 12 7 10 8 0
0 23 16 18 13 11 13 0
0 16 19 17 11 14 12 0
0 20 19 22 14 14 16 0
0 22 21 18 16 15 13 0
0 27 24 26 18 17 1 0
0 36 27 28 23 18 6 0
0 32 29 31 20 19 7 0
0 39 32 33 26 20 10 0
0 35 34 27 22 21 18 0
0 42 35 36 29 22 23 0
0 38 37 32 25 24 20 0
0 55 56 57 38 10 8 0
0 41 40 35 28 27 22 0
0 50 41 42 36 28 29 0
0 44 43 38 31 30 25 0
0 58 44 45 39 31 32 0
0 47 46 41 34 33 28 0
0 46 47 49 33 34 0 0
0 51 47 50 37 34 36 0
0 47 51 48 34 37 35 0
0 59 60 44 40 41 31 0
0 60 59 61 41 40 9 0
0 55 59 58 38 40 39 0
0 59 55 57 40 38 8 0
0 60 43 44 41 30 31 0
0 59 57 61 40 8 9 0
0 59 44 58 40 31 39 0
"Mesh_vanessa_Layer2_Material56" 0 56
62
0 -2.705000 3.900000 -6.295000 0.873134 0.074733 2
0 -2.705000 4.215000 -6.295000 0.873134 0.000000 2
0 -2.705000 4.215000 -5.705000 0.126865 0.000000 2
0 -3.395300 0.000000 -6.395300 0.000000 0.000000 2
0 -2.604700 0.000000 -6.395300 1.000000 0.000000 2
0 -2.604700 0.000000 -5.604700 1.000000 1.000000 2
0 -3.295000 4.215000 -6.295000 0.126865 0.126866 2
0 -3.295000 4.215000 -5.705000 0.126865 0.873135 2
0 -2.705000 4.215000 -5.705000 0.873134 0.873135 2
0 -3.395300 0.100000 -5.604700 0.000000 0.976275 2
0 -3.395300 0.000000 -5.604700 0.000000 1.000000 2
0 -3.395300 0.100000 -6.395300 1.000000 0.976275 2
0 -3.395300 0.000000 -6.395300 1.000000 1.000000 2
0 -2.604700 0.100000 -6.395300 1.000000 0.976275 2
0 -2.604700 0.000000 -6.395300 1.000000 1.000000 2
0 -3.395300 0.000000 -6.395300 0.000000 1.000000 2
0 -2.604700 0.100000 -5.604700 0.000000 0.976275 2
0 -2.604700 0.000000 -5.604700 0.000000 1.000000 2
0 -3.252992 0.200000 -5.747008 0.180000 0.820000 2
0 -3.395300 0.100000 -5.604700 0.000000 1.000000 2
0 -2.604700 0.100000 -5.604700 1.000000 1.000000 2
0 -3.252992 0.200000 -6.252992 0.180000 0.180000 2
0 -3.395300 0.100000 -6.395300 0.000000 0.000000 2
0 -2.747008 0.200000 -6.252992 0.820000 0.180000 2
0 -2.604700 0.100000 -6.395300 1.000000 0.000000 2
0 -2.747008 0.200000 -5.747008 0.820000 0.820000 2
0 -2.705000 3.900000 -5.705000 0.873134 0.074733 2
0 -2.705000 4.215000 -5.705000 0.873134 0.000000 2
0 -3.295000 4.215000 -5.705000 0.126865 0.000000 2
0 -3.295000 3.900000 -5.705000 0.126865 0.074733 2
0 -3.295000 4.215000 -6.295000 0.873134 0.000000 2
0 -3.295000 3.900000 -6.295000 0.126865 0.074733 2
0 -3.295000 4.215000 -6.295000 0.126865 0.000000 2
0 -2.747008 1.400000 -5.747008 0.180000 0.667853 2
0 -2.747008 0.200000 -5.747008 0.180000 0.952550 2
0 -2.747008 0.200000 -6.252992 0.820000 0.952550 2
0 -2.811200 3.750000 -5.811200 0.738806 0.110320 2
0 -3.188800 3.750000 -5.811200 0.261194 0.110320 2
0 -3.295000 3.900000 -6.295000 0.873134 0.074733 2
0 -3.188800 3.750000 -6.188800 0.261194 0.110320 2
0 -2.811200 3.750000 -6.188800 0.738806 0.110320 2
0 -2.705000 3.900000 -5.705000 0.126865 0.074733 2
0 -2.811200 1.500000 -5.811200 0.738806 0.644128 2
0 -3.188800 1.500000 -5.811200 0.261194 0.644128 2
0 -3.188800 3.750000 -6.188800 0.738806 0.110320 2
0 -3.188800 1.500000 -6.188800 0.261194 0.644128 2
0 -2.811200 1.500000 -6.188800 0.738806 0.644128 2
0 -2.811200 3.750000 -5.811200 0.261194 0.110320 2
0 -2.747008 1.400000 -5.747008 0.820000 0.667853 2
0 -3.252992 1.400000 -5.747008 0.180000 0.667853 2
0 -3.252992 0.200000 -5.747008 0.180000 0.952550 2
0 -2.747008 0.200000 -5.747008 0.820000 0.952550 2
0 -3.188800 1.500000 -6.188800 0.738806 0.644128 2
0 -3.252992 1.400000 -6.252992 0.820000 0.667853 2
0 -3.252992 0.200000 -6.252992 0.820000 0.952550 2
0 -2.705000 4.215000 -6.295000 0.873134 0.126866 2
0 -2.604700 0.100000 -5.604700 1.000000 0.976275 2
0 -3.395300 0.100000 -6.395300 0.000000 0.976275 2
0 -2.811200 1.500000 -5.811200 0.261194 0.644128 2
0 -2.747008 1.400000 -6.252992 0.820000 0.667853 2
0 -3.252992 1.400000 -6.252992 0.180000 0.667853 2
0 -3.252992 0.200000 -6.252992 0.180000 0.952550 2
42
0.666281 -0.410135 -0.622783
0.447214 0.000000 -0.894427
1.000000 0.000000 0.000000
0.000000 -1.000000 0.000000
0.000000 -0.707107 0.707107
0.000000 1.000000 0.000000
-0.447214 0.000000 0.894427
-0.816497 -0.408248 0.408248
-1.000000 0.000000 0.000000
0.894427 0.000000 -0.447214
0.000000 0.000000 -1.000000
-0.207496 0.885848 0.414992
-0.414991 0.885849 0.207496
0.314649 0.895540 0.314649
-0.314649 0.895540 -0.314649
0.414991 0.885849 -0.207496
0.207496 0.885848 -0.414992
0.000000 -0.200999 0.979591
0.000000 0.000000 1.000000
-0.666281 -0.410135 0.622783
0.000000 -0.200999 -0.979591
0.982405 0.186763 0.000000
0.000000 -0.401998 0.915641
-0.622784 -0.410135 0.666280
-0.915641 -0.401997 0.000000
0.000000 -0.401998 -0.915641
0.622784 -0.410135 -0.666280
0.915641 -0.401997 0.000000
0.000000 0.186764 0.982405
-0.671633 0.383049 0.634178
-0.979591 -0.200999 0.000000
0.000000 0.186764 -0.982405
0.671633 0.383049 -0.634178
0.979591 -0.200999 0.000000
0.000000 0.373528 0.927619
-0.634179 0.383049 0.671633
-0.894427 0.000000 0.447214
-0.927620 0.373526 0.000000
-0.982405 0.186763 0.000000
0.927620 0.373526 0.000000
0.634179 0.383049 -0.671633
0.000000 0.373528 -0.927619
60
0 0 1 2 0 1 2 0
0 3 4 5 3 3 4 0
0 6 7 8 5 5 5 0
0 9 10 5 6 7 4 0
0 11 12 10 8 8 7 0
0 13 14 15 1 9 10 0
0 16 17 14 2 2 9 0
0 18 19 20 11 12 13 0
0 21 22 19 14 14 12 0
0 21 23 24 14 15 16 0
0 23 25 20 15 13 13 0
0 26 27 28 17 18 6 0
0 29 28 30 19 6 8 0
0 31 32 1 20 10 1 0
0 33 34 35 21 2 9 0
0 36 26 29 22 17 19 0
0 37 29 38 23 19 24 0
0 39 31 0 25 20 0 0
0 40 0 41 26 0 27 0
0 42 36 37 28 22 23 0
0 43 37 44 29 23 30 0
0 45 39 40 31 25 26 0
0 46 40 47 32 26 33 0
0 48 42 43 34 28 29 0
0 49 50 51 35 36 18 0
0 49 43 52 35 29 37 0
0 53 54 50 38 8 36 0
0 10 3 5 7 3 4 0
0 55 6 8 5 5 5 0
0 56 9 5 18 6 4 0
0 9 11 10 6 8 7 0
0 57 13 15 10 1 10 0
0 13 16 14 1 2 9 0
0 25 18 20 13 11 13 0
0 18 21 19 11 14 12 0
0 22 21 24 14 14 16 0
0 24 23 20 16 15 13 0
0 29 26 28 19 17 6 0
0 38 29 30 24 19 8 0
0 0 31 1 0 20 1 0
0 41 0 2 27 0 2 0
0 37 36 29 23 22 19 0
0 44 37 38 30 23 24 0
0 40 39 0 26 25 0 0
0 47 40 41 33 26 27 0
0 43 42 37 29 28 23 0
0 52 43 44 37 29 30 0
0 46 45 40 32 31 26 0
0 58 46 47 39 32 33 0
0 49 48 43 35 34 29 0
0 48 49 51 34 35 18 0
0 53 49 52 38 35 37 0
0 49 53 50 35 38 36 0
0 59 60 46 40 41 32 0
0 60 59 61 41 40 10 0
0 33 59 58 21 40 39 0
0 59 33 35 40 21 9 0
0 60 45 46 41 31 32 0
0 59 35 61 40 9 10 0
0 59 46 58 40 32 39 0
"Mesh_vanessa_Layer2_Material57" 0 57
62
0 -2.747008 1.400000 -9.252992 0.820000 0.667853 2
0 -2.747008 0.200000 -9.252992 0.820000 0.952550 2
0 -3.252992 0.200000 -9.252992 0.180000 0.952550 2
0 -3.395300 0.000000 -9.395300 0.000000 0.000000 2
0 -2.604700 0.000000 -9.395300 1.000000 0.000000 2
0 -2.604700 0.000000 -8.604700 1.000000 1.000000 2
0 -3.295000 4.215000 -9.295000 0.126865 0.126866 2
0 -3.295000 4.215000 -8.705000 0.126865 0.873135 2
0 -2.705000 4.215000 -8.705000 0.873134 0.873135 2
0 -3.395300 0.100000 -8.604700 0.000000 0.976275 2
0 -3.395300 0.000000 -8.604700 0.000000 1.000000 2
0 -3.395300 0.100000 -9.395300 1.000000 0.976275 2
0 -3.395300 0.000000 -9.395300 1.000000 1.000000 2
0 -2.604700 0.100000 -9.395300 1.000000 0.976275 2
0 -2.604700 0.000000 -9.395300 1.000000 1.000000 2
0 -3.395300 0.000000 -9.395300 0.000000 1.000000 2
0 -2.604700 0.100000 -8.604700 0.000000 0.976275 2
0 -2.604700 0.000000 -8.604700 0.000000 1.000000 2
0 -3.252992 0.200000 -8.747008 0.180000 0.820000 2
0 -3.395300 0.100000 -8.604700 0.000000 1.000000 2
0 -2.604700 0.100000 -8.604700 1.000000 1.000000 2
0 -3.252992 0.200000 -9.252992 0.180000 0.180000 2
0 -3.395300 0.100000 -9.395300 0.000000 0.000000 2
0 -2.747008 0.200000 -9.252992 0.820000 0.180000 2
0 -2.604700 0.100000 -9.395300 1.000000 0.000000 2
0 -2.747008 0.200000 -8.747008 0.820000 0.820000 2
0 -2.705000 3.900000 -8.705000 0.873134 0.074733 2
0 -2.705000 4.215000 -8.705000 0.873134 0.000000 2
0 -3.295000 4.215000 -8.705000 0.126865 0.000000 2
0 -3.295000 3.900000 -8.705000 0.126865 0.074733 2
0 -3.295000 4.215000 -9.295000 0.873134 0.000000 2
0 -3.295000 3.900000 -9.295000 0.126865 0.074733 2
0 -3.295000 4.215000 -9.295000 0.126865 0.000000 2
0 -2.705000 4.215000 -9.295000 0.873134 0.000000 2
0 -2.705000 3.900000 -9.295000 0.873134 0.074733 2
0 -2.705000 4.215000 -8.705000 0.126865 0.000000 2
0 -2.811200 3.750000 -8.811200 0.738806 0.110320 2
0 -3.188800 3.750000 -8.811200 0.261194 0.110320 2
0 -3.295000 3.900000 -9.295000 0.873134 0.074733 2
0 -3.188800 3.750000 -9.188800 0.261194 0.110320 2
0 -2.811200 3.750000 -9.188800 0.738806 0.110320 2
0 -2.705000 3.900000 -8.705000 0.126865 0.074733 2
0 -2.811200 1.500000 -8.811200 0.738806 0.644128 2
0 -3.188800 1.500000 -8.811200 0.261194 0.644128 2
0 -3.188800 3.750000 -9.188800 0.738806 0.110320 2
0 -3.188800 1.500000 -9.188800 0.261194 0.644128 2
0 -2.811200 1.500000 -9.188800 0.738806 0.644128 2
0 -2.811200 3.750000 -8.811200 0.261194 0.110320 2
0 -2.747008 1.400000 -8.747008 0.820000 0.667853 2
0 -3.252992 1.400000 -8.747008 0.180000 0.667853 2
0 -3.252992 0.200000 -8.747008 0.180000 0.952550 2
0 -2.747008 0.200000 -8.747008 0.820000 0.952550 2
0 -3.188800 1.500000 -9.188800 0.738806 0.644128 2
0 -3.252992 1.400000 -9.252992 0.820000 0.667853 2
0 -3.252992 0.200000 -9.252992 0.820000 0.952550 2
0 -2.705000 4.215000 -9.295000 0.873134 0.126866 2
0 -2.604700 0.100000 -8.604700 1.000000 0.976275 2
0 -3.395300 0.100000 -9.395300 0.000000 0.976275 2
0 -2.811200 1.500000 -8.811200 0.261194 0.644128 2
0 -3.252992 1.400000 -9.252992 0.180000 0.667853 2
0 -2.747008 1.400000 -8.747008 0.180000 0.667853 2
0 -2.747008 0.200000 -8.747008 0.180000 0.952550 2
43
0.634179 0.383048 -0.671633
0.894427 0.000000 -0.447214
0.000000 0.000000 -1.000000
0.000000 -1.000000 0.000000
0.000000 -0.707107 0.707107
0.000000 1.000000 0.000000
-0.447214 0.000000 0.894427
-0.816497 -0.408248 0.408248
-1.000000 0.000000 0.000000
0.447214 0.000000 -0.894427
1.000000 0.000000 0.000000
-0.207496 0.885849 0.414991
-0.414991 0.885849 0.207495
0.314649 0.895540 0.314648
-0.314649 0.895540 -0.314648
-0.314649 0.895540 -0.314648
0.414991 0.885849 -0.207495
0.207496 0.885849 -0.414991
0.000000 -0.200999 0.979591
0.000000 0.000000 1.000000
-0.666281 -0.410135 0.622783
0.000000 -0.200999 -0.979591
0.666281 -0.410135 -0.622783
0.000000 -0.401998 0.915641
-0.622784 -0.410135 0.666280
-0.915641 -0.401997 0.000000
0.000000 -0.401998 -0.915641
0.622784 -0.410135 -0.666280
0.915641 -0.401997 0.000000
0.000000 0.186763 0.982405
-0.671633 0.383048 0.634179
-0.979591 -0.200999 0.000000
0.000000 0.186763 -0.982405
0.671633 0.383048 -0.634179
0.979591 -0.200999 0.000000
0.000000 0.373526 0.927620
-0.634179 0.383048 0.671633
-0.894427 0.000000 0.447214
-0.927620 0.373526 0.000000
-0.982405 0.186763 0.000000
0.927620 0.373526 0.000000
0.000000 0.373526 -0.927620
0.982405 0.186763 0.000000
60
0 0 1 2 0 1 2 0
0 3 4 5 3 3 4 0
0 6 7 8 5 5 5 0
0 9 10 5 6 7 4 0
0 11 12 10 8 8 7 0
0 13 14 15 9 1 2 0
0 16 17 14 10 10 1 0
0 18 19 20 11 12 13 0
0 21 22 19 14 15 12 0
0 21 23 24 14 16 17 0
0 23 25 20 16 13 13 0
0 26 27 28 18 19 6 0
0 29 28 30 20 6 8 0
0 31 32 33 21 2 9 0
0 34 33 35 22 9 10 0
0 36 26 29 23 18 20 0
0 37 29 38 24 20 25 0
0 39 31 34 26 21 22 0
0 40 34 41 27 22 28 0
0 42 36 37 29 23 24 0
0 43 37 44 30 24 31 0
0 45 39 40 32 26 27 0
0 46 40 47 33 27 34 0
0 48 42 43 35 29 30 0
0 49 50 51 36 37 19 0
0 49 43 52 36 30 38 0
0 53 54 50 39 8 37 0
0 10 3 5 7 3 4 0
0 55 6 8 5 5 5 0
0 56 9 5 19 6 4 0
0 9 11 10 6 8 7 0
0 57 13 15 2 9 2 0
0 13 16 14 9 10 1 0
0 25 18 20 13 11 13 0
0 18 21 19 11 14 12 0
0 22 21 24 15 14 17 0
0 24 23 20 17 16 13 0
0 29 26 28 20 18 6 0
0 38 29 30 25 20 8 0
0 34 31 33 22 21 9 0
0 41 34 35 28 22 10 0
0 37 36 29 24 23 20 0
0 44 37 38 31 24 25 0
0 40 39 34 27 26 22 0
0 47 40 41 34 27 28 0
0 43 42 37 30 29 24 0
0 52 43 44 38 30 31 0
0 46 45 40 33 32 27 0
0 58 46 47 40 33 34 0
0 49 48 43 36 35 30 0
0 48 49 51 35 36 19 0
0 53 49 52 39 36 38 0
0 49 53 50 36 39 37 0
0 0 59 46 0 41 33 0
0 59 0 2 41 0 2 0
0 60 0 58 42 0 40 0
0 0 60 1 0 42 1 0
0 59 45 46 41 32 33 0
0 0 46 58 0 33 40 0
0 60 61 1 42 10 1 0
"Mesh_vanessa_Layer2_Material58" 0 58
62
0 -2.604700 0.100000 -11.604700 1.000000 0.976275 2
0 -3.395300 0.100000 -11.604700 0.000000 0.976275 2
0 -2.604700 0.000000 -11.604700 1.000000 1.000000 2
0 -3.395300 0.000000 -12.395300 0.000000 0.000000 2
0 -2.604700 0.000000 -12.395300 1.000000 0.000000 2
0 -3.295000 4.215000 -12.295000 0.126865 0.126866 2
0 -3.295000 4.215000 -11.705000 0.126865 0.873135 2
0 -2.705000 4.215000 -11.705000 0.873134 0.873135 2
0 -3.395300 0.000000 -11.604700 0.000000 1.000000 2
0 -3.395300 0.100000 -12.395300 1.000000 0.976275 2
0 -3.395300 0.000000 -12.395300 1.000000 1.000000 2
0 -2.604700 0.100000 -12.395300 1.000000 0.976275 2
0 -2.604700 0.000000 -12.395300 1.000000 1.000000 2
0 -3.395300 0.000000 -12.395300 0.000000 1.000000 2
0 -2.604700 0.100000 -11.604700 0.000000 0.976275 2
0 -2.604700 0.000000 -11.604700 0.000000 1.000000 2
0 -3.252992 0.200000 -11.747008 0.180000 0.820000 2
0 -3.395300 0.100000 -11.604700 0.000000 1.000000 2
0 -2.604700 0.100000 -11.604700 1.000000 1.000000 2
0 -3.252992 0.200000 -12.252992 0.180000 0.180000 2
0 -3.395300 0.100000 -12.395300 0.000000 0.000000 2
0 -2.747008 0.200000 -12.252992 0.820000 0.180000 2
0 -2.604700 0.100000 -12.395300 1.000000 0.000000 2
0 -2.747008 0.200000 -11.747008 0.820000 0.820000 2
0 -2.705000 3.900000 -11.705000 0.873134 0.074733 2
0 -2.705000 4.215000 -11.705000 0.873134 0.000000 2
0 -3.295000 4.215000 -11.705000 0.126865 0.000000 2
0 -3.295000 3.900000 -11.705000 0.126865 0.074733 2
0 -3.295000 4.215000 -12.295000 0.873134 0.000000 2
0 -3.295000 3.900000 -12.295000 0.126865 0.074733 2
0 -3.295000 4.215000 -12.295000 0.126865 0.000000 2
0 -2.705000 4.215000 -12.295000 0.873134 0.000000 2
0 -2.705000 3.900000 -12.295000 0.873134 0.074733 2
0 -2.705000 4.215000 -11.705000 0.126865 0.000000 2
0 -2.811200 3.750000 -11.811200 0.738806 0.110320 2
0 -3.188800 3.750000 -11.811200 0.261194 0.110320 2
0 -3.295000 3.900000 -12.295000 0.873134 0.074733 2
0 -3.188800 3.750000 -12.188800 0.261194 0.110320 2
0 -2.811200 3.750000 -12.188800 0.738806 0.110320 2
0 -2.705000 3.900000 -11.705000 0.126865 0.074733 2
0 -2.811200 1.500000 -11.811200 0.738806 0.644128 2
0 -3.188800 1.500000 -11.811200 0.261194 0.644128 2
0 -3.188800 3.750000 -12.188800 0.738806 0.110320 2
0 -3.188800 1.500000 -12.188800 0.261194 0.644128 2
0 -2.811200 1.500000 -12.188800 0.738806 0.644128 2
0 -2.811200 3.750000 -11.811200 0.261194 0.110320 2
0 -2.747008 1.400000 -11.747008 0.820000 0.667853 2
0 -3.252992 1.400000 -11.747008 0.180000 0.667853 2
0 -3.252992 0.200000 -11.747008 0.180000 0.952550 2
0 -2.747008 0.200000 -11.747008 0.820000 0.952550 2
0 -3.188800 1.500000 -12.188800 0.738806 0.644128 2
0 -3.252992 1.400000 -12.252992 0.820000 0.667853 2
0 -3.252992 0.200000 -12.252992 0.820000 0.952550 2
0 -2.705000 4.215000 -12.295000 0.873134 0.126866 2
0 -2.747008 1.400000 -11.747008 0.180000 0.667853 2
0 -2.747008 0.200000 -11.747008 0.180000 0.952550 2
0 -2.747008 0.200000 -12.252992 0.820000 0.952550 2
0 -3.395300 0.100000 -12.395300 0.000000 0.976275 2
0 -2.811200 1.500000 -11.811200 0.261194 0.644128 2
0 -2.747008 1.400000 -12.252992 0.820000 0.667853 2
0 -3.252992 1.400000 -12.252992 0.180000 0.667853 2
0 -3.252992 0.200000 -12.252992 0.180000 0.952550 2
43
0.000000 0.000000 1.000000
-0.447214 0.000000 0.894427
0.000000 -0.707107 0.707107
0.000000 -1.000000 0.000000
0.000000 1.000000 0.000000
-0.816497 -0.408248 0.408248
-1.000000 0.000000 0.000000
0.447214 0.000000 -0.894427
0.894427 0.000000 -0.447214
0.000000 0.000000 -1.000000
1.000000 0.000000 0.000000
-0.207496 0.885849 0.414991
-0.414991 0.885849 0.207495
0.314649 0.895540 0.314648
-0.314649 0.895540 -0.314648
-0.314649 0.895540 -0.314648
0.414991 0.885849 -0.207495
0.207496 0.885849 -0.414991
0.000000 -0.200999 0.979591
-0.666281 -0.410135 0.622783
0.000000 -0.200999 -0.979591
0.666281 -0.410135 -0.622783
0.000000 -0.401998 0.915641
-0.622784 -0.410135 0.666280
-0.915641 -0.401997 0.000000
0.000000 -0.401998 -0.915641
0.622784 -0.410135 -0.666280
0.915641 -0.401997 0.000000
0.000000 0.186763 0.982405
-0.671633 0.383048 0.634179
-0.979591 -0.200999 0.000000
0.000000 0.186763 -0.982405
0.671633 0.383048 -0.634179
0.979591 -0.200999 0.000000
0.000000 0.373526 0.927620
-0.634179 0.383048 0.671633
-0.894427 0.000000 0.447214
-0.927620 0.373526 0.000000
-0.982405 0.186763 0.000000
0.982405 0.186763 0.000000
0.927620 0.373526 0.000000
0.634179 0.383048 -0.671633
0.000000 0.373526 -0.927620
60
0 0 1 2 0 1 2 0
0 3 4 2 3 3 2 0
0 5 6 7 4 4 4 0
0 1 8 2 1 5 2 0
0 9 10 8 6 6 5 0
0 11 12 13 7 8 9 0
0 14 15 12 10 10 8 0
0 16 17 18 11 12 13 0
0 19 20 17 14 15 12 0
0 19 21 22 14 16 17 0
0 21 23 18 16 13 13 0
0 24 25 26 18 0 1 0
0 27 26 28 19 1 6 0
0 29 30 31 20 9 7 0
0 32 31 33 21 7 10 0
0 34 24 27 22 18 19 0
0 35 27 36 23 19 24 0
0 37 29 32 25 20 21 0
0 38 32 39 26 21 27 0
0 40 34 35 28 22 23 0
0 41 35 42 29 23 30 0
0 43 37 38 31 25 26 0
0 44 38 45 32 26 33 0
0 46 40 41 34 28 29 0
0 47 48 49 35 36 0 0
0 47 41 50 35 29 37 0
0 51 52 48 38 6 36 0
0 8 3 2 5 3 2 0
0 53 5 7 4 4 4 0
0 54 55 56 39 10 8 0
0 1 9 8 1 6 5 0
0 57 11 13 9 7 9 0
0 11 14 12 7 10 8 0
0 23 16 18 13 11 13 0
0 16 19 17 11 14 12 0
0 20 19 22 15 14 17 0
0 22 21 18 17 16 13 0
0 27 24 26 19 18 1 0
0 36 27 28 24 19 6 0
0 32 29 31 21 20 7 0
0 39 32 33 27 21 10 0
0 35 34 27 23 22 19 0
0 42 35 36 30 23 24 0
0 38 37 32 26 25 21 0
0 45 38 39 33 26 27 0
0 41 40 35 29 28 23 0
0 50 41 42 37 29 30 0
0 44 43 38 32 31 26 0
0 58 44 45 40 32 33 0
0 47 46 41 35 34 29 0
0 46 47 49 34 35 0 0
0 51 47 50 38 35 37 0
0 47 51 48 35 38 36 0
0 59 60 44 41 42 32 0
0 60 59 61 42 41 9 0
0 54 59 58 39 41 40 0
0 59 54 56 41 39 8 0
0 60 43 44 42 31 32 0
0 59 56 61 41 8 9 0
0 59 44 58 41 32 40 0
"Mesh_vanessa_Layer2_Material59" 0 59
62
0 -2.747008 1.400000 -15.252992 0.820000 0.667853 2
0 -2.811200 1.500000 -15.188800 0.738806 0.644128 2
0 -2.811200 1.500000 -14.811200 0.261194 0.644128 2
0 -3.395300 0.000000 -15.395300 0.000000 0.000000 2
0 -2.604700 0.000000 -15.395300 1.000000 0.000000 2
0 -2.604700 0.000000 -14.604700 1.000000 1.000000 2
0 -3.295000 4.215000 -15.295000 0.126865 0.126866 2
0 -3.295000 4.215000 -14.705000 0.126865 0.873135 2
0 -2.705000 4.215000 -14.705000 0.873134 0.873135 2
0 -3.395300 0.100000 -14.604700 0.000000 0.976275 2
0 -3.395300 0.000000 -14.604700 0.000000 1.000000 2
0 -3.395300 0.100000 -15.395300 1.000000 0.976275 2
0 -3.395300 0.000000 -15.395300 1.000000 1.000000 2
0 -2.604700 0.100000 -15.395300 1.000000 0.976275 2
0 -2.604700 0.000000 -15.395300 1.000000 1.000000 2
0 -3.395300 0.000000 -15.395300 0.000000 1.000000 2
0 -2.604700 0.100000 -14.604700 0.000000 0.976275 2
0 -2.604700 0.000000 -14.604700 0.000000 1.000000 2
0 -3.252992 0.200000 -14.747008 0.180000 0.820000 2
0 -3.395300 0.100000 -14.604700 0.000000 1.000000 2
0 -2.604700 0.100000 -14.604700 1.000000 1.000000 2
0 -3.252992 0.200000 -15.252992 0.180000 0.180000 2
0 -3.395300 0.100000 -15.395300 0.000000 0.000000 2
0 -2.747008 0.200000 -15.252992 0.820000 0.180000 2
0 -2.604700 0.100000 -15.395300 1.000000 0.000000 2
0 -2.747008 0.200000 -14.747008 0.820000 0.820000 2
0 -2.705000 3.900000 -14.705000 0.873134 0.074733 2
0 -2.705000 4.215000 -14.705000 0.873134 0.000000 2
0 -3.295000 4.215000 -14.705000 0.126865 0.000000 2
0 -3.295000 3.900000 -14.705000 0.126865 0.074733 2
0 -3.295000 4.215000 -15.295000 0.873134 0.000000 2
0 -3.295000 3.900000 -15.295000 0.126865 0.074733 2
0 -3.295000 4.215000 -15.295000 0.126865 0.000000 2
0 -2.705000 4.215000 -15.295000 0.873134 0.000000 2
0 -2.705000 3.900000 -15.295000 0.873134 0.074733 2
0 -2.705000 4.215000 -14.705000 0.126865 0.000000 2
0 -2.811200 3.750000 -14.811200 0.738806 0.110320 2
0 -3.188800 3.750000 -14.811200 0.261194 0.110320 2
0 -3.295000 3.900000 -15.295000 0.873134 0.074733 2
0 -3.188800 3.750000 -15.188800 0.261194 0.110320 2
0 -2.811200 3.750000 -15.188800 0.738806 0.110320 2
0 -2.705000 3.900000 -14.705000 0.126865 0.074733 2
0 -2.811200 1.500000 -14.811200 0.738806 0.644128 2
0 -3.188800 1.500000 -14.811200 0.261194 0.644128 2
0 -3.188800 3.750000 -15.188800 0.738806 0.110320 2
0 -3.188800 1.500000 -15.188800 0.261194 0.644128 2
0 -2.811200 3.750000 -14.811200 0.261194 0.110320 2
0 -2.747008 1.400000 -14.747008 0.820000 0.667853 2
0 -3.252992 1.400000 -14.747008 0.180000 0.667853 2
0 -3.252992 0.200000 -14.747008 0.180000 0.952550 2
0 -2.747008 0.200000 -14.747008 0.820000 0.952550 2
0 -3.188800 1.500000 -15.188800 0.738806 0.644128 2
0 -3.252992 1.400000 -15.252992 0.820000 0.667853 2
0 -3.252992 0.200000 -15.252992 0.820000 0.952550 2
0 -2.705000 4.215000 -15.295000 0.873134 0.126866 2
0 -2.604700 0.100000 -14.604700 1.000000 0.976275 2
0 -3.395300 0.100000 -15.395300 0.000000 0.976275 2
0 -3.252992 1.400000 -15.252992 0.180000 0.667853 2
0 -3.252992 0.200000 -15.252992 0.180000 0.952550 2
0 -2.747008 1.400000 -14.747008 0.180000 0.667853 2
0 -2.747008 0.200000 -15.252992 0.820000 0.952550 2
0 -2.747008 0.200000 -14.747008 0.180000 0.952550 2
43
0.634179 0.383048 -0.671633
0.671633 0.383048 -0.634179
0.927620 0.373526 0.000000
0.000000 -1.000000 0.000000
0.000000 -0.707107 0.707107
0.000000 1.000000 0.000000
-0.447214 0.000000 0.894427
-0.816497 -0.408248 0.408248
-1.000000 0.000000 0.000000
0.447214 0.000000 -0.894427
0.894427 0.000000 -0.447214
0.000000 0.000000 -1.000000
1.000000 0.000000 0.000000
-0.207496 0.885849 0.414991
-0.414991 0.885849 0.207495
0.314649 0.895540 0.314648
-0.314649 0.895540 -0.314648
-0.314649 0.895540 -0.314648
0.414991 0.885849 -0.207495
0.207496 0.885849 -0.414991
0.000000 -0.200999 0.979591
0.000000 0.000000 1.000000
-0.666281 -0.410135 0.622783
0.000000 -0.200999 -0.979591
0.666281 -0.410135 -0.622783
0.000000 -0.401998 0.915641
-0.622784 -0.410135 0.666280
-0.915641 -0.401997 0.000000
0.000000 -0.401998 -0.915641
0.622784 -0.410135 -0.666280
0.915641 -0.401997 0.000000
0.000000 0.186763 0.982405
-0.671633 0.383048 0.634179
-0.979591 -0.200999 0.000000
0.000000 0.186763 -0.982405
0.979591 -0.200999 0.000000
0.000000 0.373526 0.927620
-0.634179 0.383048 0.671633
-0.894427 0.000000 0.447214
-0.927620 0.373526 0.000000
-0.982405 0.186763 0.000000
0.000000 0.373526 -0.927620
0.982405 0.186763 0.000000
60
0 0 1 2 0 1 2 0
0 3 4 5 3 3 4 0
0 6 7 8 5 5 5 0
0 9 10 5 6 7 4 0
0 11 12 10 8 8 7 0
0 13 14 15 9 10 11 0
0 16 17 14 12 12 10 0
0 18 19 20 13 14 15 0
0 21 22 19 16 17 14 0
0 21 23 24 16 18 19 0
0 23 25 20 18 15 15 0
0 26 27 28 20 21 6 0
0 29 28 30 22 6 8 0
0 31 32 33 23 11 9 0
0 34 33 35 24 9 12 0
0 36 26 29 25 20 22 0
0 37 29 38 26 22 27 0
0 39 31 34 28 23 24 0
0 40 34 41 29 24 30 0
0 42 36 37 31 25 26 0
0 43 37 44 32 26 33 0
0 45 39 40 34 28 29 0
0 1 40 46 1 29 35 0
0 47 42 43 36 31 32 0
0 48 49 50 37 38 21 0
0 48 43 51 37 32 39 0
0 52 53 49 40 8 38 0
0 10 3 5 7 3 4 0
0 54 6 8 5 5 5 0
0 55 9 5 21 6 4 0
0 9 11 10 6 8 7 0
0 56 13 15 11 9 11 0
0 13 16 14 9 12 10 0
0 25 18 20 15 13 15 0
0 18 21 19 13 16 14 0
0 22 21 24 17 16 19 0
0 24 23 20 19 18 15 0
0 29 26 28 22 20 6 0
0 38 29 30 27 22 8 0
0 34 31 33 24 23 9 0
0 41 34 35 30 24 12 0
0 37 36 29 26 25 22 0
0 44 37 38 33 26 27 0
0 40 39 34 29 28 24 0
0 46 40 41 35 29 30 0
0 43 42 37 32 31 26 0
0 51 43 44 39 32 33 0
0 1 45 40 1 34 29 0
0 2 1 46 2 1 35 0
0 48 47 43 37 36 32 0
0 47 48 50 36 37 21 0
0 52 48 51 40 37 39 0
0 48 52 49 37 40 38 0
0 0 57 1 0 41 1 0
0 57 0 58 41 0 11 0
0 59 0 2 42 0 2 0
0 0 59 60 0 42 10 0
0 57 45 1 41 34 1 0
0 59 61 60 42 12 10 0
0 0 60 58 0 10 11 0
"Mesh_vanessa_Layer2_Material60" 0 60
70
0 -2.747008 1.400000 -17.747007 0.179999 0.667853 2
0 -2.747008 0.200000 -17.747007 0.179999 0.952550 2
0 -2.747008 0.200000 -18.252993 0.820001 0.952550 2
0 -2.747008 1.400000 -18.252993 0.820001 0.667853 2
0 -2.811200 1.500000 -18.188801 0.738807 0.644128 2
0 -2.811200 1.500000 -17.811199 0.261193 0.644128 2
0 -2.747008 1.400000 -18.252993 0.820000 0.667853 2
0 -2.747008 0.200000 -18.252993 0.820000 0.952550 2
0 -3.252992 0.200000 -18.252993 0.180000 0.952550 2
0 -2.811200 3.750000 -17.811199 0.261193 0.110320 2
0 -2.811200 3.750000 -18.188801 0.738807 0.110320 2
0 -2.705000 3.900000 -17.705000 0.126865 0.074733 2
0 -3.188800 1.500000 -17.811199 0.261194 0.644128 2
0 -2.811200 1.500000 -17.811199 0.738806 0.644128 2
0 -3.188800 3.750000 -17.811199 0.261194 0.110320 2
0 -3.295000 4.215000 -18.295000 0.126865 0.126866 2
0 -3.295000 4.215000 -17.705000 0.126865 0.873135 2
0 -2.705000 4.215000 -17.705000 0.873134 0.873135 2
0 -3.395300 0.100000 -17.604700 0.000000 0.976275 2
0 -3.395300 0.000000 -17.604700 0.000000 1.000000 2
0 -2.604700 0.000000 -17.604700 1.000000 1.000000 2
0 -3.395300 0.100000 -18.395300 1.000000 0.976275 2
0 -3.395300 0.000000 -18.395300 1.000000 1.000000 2
0 -2.604700 0.100000 -18.395300 1.000000 0.976275 2
0 -2.604700 0.000000 -18.395300 1.000000 1.000000 2
0 -3.395300 0.000000 -18.395300 0.000000 1.000000 2
0 -2.604700 0.100000 -17.604700 0.000000 0.976275 2
0 -2.604700 0.000000 -17.604700 0.000000 1.000000 2
0 -3.252992 0.200000 -17.747007 0.180000 0.820001 2
0 -3.395300 0.100000 -17.604700 0.000000 1.000000 2
0 -2.604700 0.100000 -17.604700 1.000000 1.000000 2
0 -3.252992 0.200000 -18.252993 0.180000 0.179999 2
0 -3.395300 0.100000 -18.395300 0.000000 0.000000 2
0 -2.747008 0.200000 -18.252993 0.820000 0.179999 2
0 -2.604700 0.100000 -18.395300 1.000000 0.000000 2
0 -2.747008 0.200000 -17.747007 0.820000 0.820001 2
0 -2.705000 3.900000 -17.705000 0.873134 0.074733 2
0 -2.705000 4.215000 -17.705000 0.873134 0.000000 2
0 -3.295000 4.215000 -17.705000 0.126865 0.000000 2
0 -3.295000 3.900000 -17.705000 0.126865 0.074733 2
0 -3.295000 4.215000 -18.295000 0.873134 0.000000 2
0 -3.295000 3.900000 -18.295000 0.126865 0.074733 2
0 -3.295000 4.215000 -18.295000 0.126865 0.000000 2
0 -2.705000 4.215000 -18.295000 0.873134 0.000000 2
0 -2.705000 3.900000 -18.295000 0.873134 0.074733 2
0 -2.705000 4.215000 -17.705000 0.126865 0.000000 2
0 -2.811200 3.750000 -17.811199 0.738806 0.110320 2
0 -3.188800 3.750000 -17.811199 0.261193 0.110320 2
0 -3.295000 3.900000 -18.295000 0.873134 0.074733 2
0 -3.188800 3.750000 -18.188801 0.261194 0.110320 2
0 -3.188800 1.500000 -17.811199 0.261193 0.644128 2
0 -3.188800 3.750000 -18.188801 0.738807 0.110320 2
0 -3.188800 1.500000 -18.188801 0.261194 0.644128 2
0 -2.811200 3.750000 -18.188801 0.738806 0.110320 2
0 -2.747008 1.400000 -17.747007 0.820000 0.667853 2
0 -3.395300 0.000000 -18.395300 0.000000 0.000000 2
0 -2.705000 4.215000 -18.295000 0.873134 0.126866 2
0 -2.604700 0.100000 -17.604700 1.000000 0.976275 2
0 -3.395300 0.100000 -18.395300 0.000000 0.976275 2
0 -3.252992 1.400000 -17.747007 0.180000 0.667853 2
0 -3.252992 0.200000 -17.747007 0.180000 0.952550 2
0 -2.747008 0.200000 -17.747007 0.820000 0.952550 2
0 -3.252992 1.400000 -18.252993 0.180000 0.667853 2
0 -3.188800 1.500000 -18.188801 0.738807 0.644128 2
0 -2.811200 1.500000 -18.188801 0.738806 0.644128 2
0 -3.252992 1.400000 -18.252993 0.820001 0.667853 2
0 -3.252992 1.400000 -17.747007 0.179999 0.667853 2
0 -3.252992 0.200000 -17.747007 0.179999 0.952550 2
0 -2.604700 0.000000 -18.395300 1.000000 0.000000 2
0 -3.252992 0.200000 -18.252993 0.820001 0.952550 2
38
0.982405 0.186763 0.000000
1.000000 0.000000 0.000000
0.927620 0.373526 0.000000
0.000000 0.186763 -0.982405
0.000000 0.000000 -1.000000
0.979591 -0.200999 0.000000
0.915641 -0.401997 0.000000
0.000000 0.373526 0.927620
0.000000 0.186763 0.982405
0.000000 -0.200998 0.979592
0.000000 1.000000 0.000000
-0.447214 0.000000 0.894427
-0.816497 -0.408248 0.408248
0.000000 -0.707107 0.707107
-1.000000 0.000000 0.000000
0.447214 0.000000 -0.894427
0.894427 0.000000 -0.447214
-0.207496 0.885848 0.414993
-0.414991 0.885848 0.207496
0.314649 0.895540 0.314650
-0.314649 0.895540 -0.314650
-0.314649 0.895540 -0.314650
0.414991 0.885848 -0.207496
0.207496 0.885848 -0.414993
0.000000 0.000000 1.000000
-0.666281 -0.410134 0.622785
0.000000 -0.200998 -0.979592
0.666281 -0.410134 -0.622785
0.000000 -0.401995 0.915642
-0.915641 -0.401997 0.000000
0.000000 -0.401995 -0.915642
-0.982405 0.186763 0.000000
-0.979591 -0.200999 0.000000
0.000000 0.186763 -0.982405
0.000000 -1.000000 0.000000
0.000000 0.186763 0.982405
0.000000 0.373526 -0.927620
-0.927620 0.373526 0.000000
60
0 0 1 2 0 1 1 0
0 3 4 5 2 0 2 0
0 6 7 8 3 4 4 0
0 9 10 11 5 6 6 0
0 12 13 14 7 8 9 0
0 15 16 17 10 10 10 0
0 18 19 20 11 12 13 0
0 21 22 19 14 14 12 0
0 23 24 25 15 16 4 0
0 26 27 24 1 1 16 0
0 28 29 30 17 18 19 0
0 31 32 29 20 21 18 0
0 31 33 34 20 22 23 0
0 33 35 30 22 19 19 0
0 36 37 38 9 24 11 0
0 39 38 40 25 11 14 0
0 41 42 43 26 4 15 0
0 44 43 45 27 15 1 0
0 46 36 39 28 9 25 0
0 47 39 48 29 25 29 0
0 49 41 44 30 26 27 0
0 10 44 11 6 27 6 0
0 13 46 14 8 28 9 0
0 50 47 51 31 29 32 0
0 52 49 53 33 30 26 0
0 4 10 9 0 6 5 0
0 54 13 12 7 8 7 0
0 19 55 20 12 34 13 0
0 56 15 17 10 10 10 0
0 57 18 20 24 11 13 0
0 18 21 19 11 14 12 0
0 58 23 25 4 15 4 0
0 23 26 24 15 1 16 0
0 35 28 30 19 17 19 0
0 28 31 29 17 20 18 0
0 32 31 34 21 20 23 0
0 34 33 30 23 22 19 0
0 39 36 38 25 9 11 0
0 48 39 40 29 25 14 0
0 44 41 43 27 26 15 0
0 11 44 45 6 27 1 0
0 14 46 39 9 28 25 0
0 51 47 48 32 29 29 0
0 53 49 44 26 30 27 0
0 59 60 61 35 24 24 0
0 62 6 8 36 3 4 0
0 63 50 51 37 31 32 0
0 64 52 53 36 33 26 0
0 5 4 9 2 0 5 0
0 59 54 12 35 7 7 0
0 54 59 61 7 35 24 0
0 65 66 63 31 37 37 0
0 66 65 67 37 31 14 0
0 6 62 64 3 36 36 0
0 0 3 5 0 2 2 0
0 3 0 2 2 0 1 0
0 62 52 64 36 33 36 0
0 66 50 63 37 31 37 0
0 55 68 20 34 34 13 0
0 65 69 67 31 14 14 0
"Mesh_vanessa_Layer2_Material61" 0 61
70
0 -3.295000 4.215000 -21.295000 0.126865 0.126866 2
0 -3.295000 4.215000 -20.705000 0.126865 0.873135 2
0 -2.705000 4.215000 -20.705000 0.873134 0.873135 2
0 -3.395300 0.000000 -21.395300 0.000000 0.000000 2
0 -2.604700 0.000000 -21.395300 1.000000 0.000000 2
0 -2.604700 0.000000 -20.604700 1.000000 1.000000 2
0 -2.747008 1.400000 -21.252993 0.820001 0.667853 2
0 -2.811200 1.500000 -21.188801 0.738807 0.644128 2
0 -2.811200 1.500000 -20.811199 0.261193 0.644128 2
0 -3.252992 1.400000 -21.252993 0.180000 0.667853 2
0 -3.188800 1.500000 -21.188801 0.261194 0.644128 2
0 -2.811200 1.500000 -21.188801 0.738806 0.644128 2
0 -3.395300 0.100000 -20.604700 0.000000 0.976275 2
0 -3.395300 0.000000 -20.604700 0.000000 1.000000 2
0 -3.395300 0.100000 -21.395300 1.000000 0.976275 2
0 -3.395300 0.000000 -21.395300 1.000000 1.000000 2
0 -2.604700 0.100000 -21.395300 1.000000 0.976275 2
0 -2.604700 0.000000 -21.395300 1.000000 1.000000 2
0 -3.395300 0.000000 -21.395300 0.000000 1.000000 2
0 -2.604700 0.100000 -20.604700 0.000000 0.976275 2
0 -2.604700 0.000000 -20.604700 0.000000 1.000000 2
0 -3.252992 0.200000 -20.747007 0.180000 0.820001 2
0 -3.395300 0.100000 -20.604700 0.000000 1.000000 2
0 -2.604700 0.100000 -20.604700 1.000000 1.000000 2
0 -3.252992 0.200000 -21.252993 0.180000 0.179999 2
0 -3.395300 0.100000 -21.395300 0.000000 0.000000 2
0 -2.747008 0.200000 -21.252993 0.820000 0.179999 2
0 -2.604700 0.100000 -21.395300 1.000000 0.000000 2
0 -2.747008 0.200000 -20.747007 0.820000 0.820001 2
0 -2.705000 3.900000 -20.705000 0.873134 0.074733 2
0 -2.705000 4.215000 -20.705000 0.873134 0.000000 2
0 -3.295000 4.215000 -20.705000 0.126865 0.000000 2
0 -3.295000 3.900000 -20.705000 0.126865 0.074733 2
0 -3.295000 4.215000 -21.295000 0.873134 0.000000 2
0 -3.295000 3.900000 -21.295000 0.126865 0.074733 2
0 -3.295000 4.215000 -21.295000 0.126865 0.000000 2
0 -2.705000 4.215000 -21.295000 0.873134 0.000000 2
0 -2.705000 3.900000 -21.295000 0.873134 0.074733 2
0 -2.705000 4.215000 -20.705000 0.126865 0.000000 2
0 -2.811200 3.750000 -20.811199 0.738806 0.110320 2
0 -3.188800 3.750000 -20.811199 0.261193 0.110320 2
0 -3.295000 3.900000 -21.295000 0.873134 0.074733 2
0 -3.188800 3.750000 -21.188801 0.261194 0.110320 2
0 -2.811200 3.750000 -21.188801 0.738807 0.110320 2
0 -2.705000 3.900000 -20.705000 0.126865 0.074733 2
0 -2.811200 1.500000 -20.811199 0.738806 0.644128 2
0 -3.188800 3.750000 -20.811199 0.261194 0.110320 2
0 -3.188800 1.500000 -20.811199 0.261193 0.644128 2
0 -3.188800 3.750000 -21.188801 0.738807 0.110320 2
0 -2.811200 3.750000 -21.188801 0.738806 0.110320 2
0 -2.811200 3.750000 -20.811199 0.261193 0.110320 2
0 -2.747008 1.400000 -20.747007 0.820000 0.667853 2
0 -3.188800 1.500000 -20.811199 0.261194 0.644128 2
0 -3.252992 1.400000 -20.747007 0.180000 0.667853 2
0 -3.252992 0.200000 -20.747007 0.180000 0.952550 2
0 -2.747008 0.200000 -20.747007 0.820000 0.952550 2
0 -3.252992 1.400000 -20.747007 0.179999 0.667853 2
0 -3.188800 1.500000 -21.188801 0.738807 0.644128 2
0 -2.705000 4.215000 -21.295000 0.873134 0.126866 2
0 -2.604700 0.100000 -20.604700 1.000000 0.976275 2
0 -3.395300 0.100000 -21.395300 0.000000 0.976275 2
0 -2.747008 1.400000 -21.252993 0.820000 0.667853 2
0 -2.747008 0.200000 -21.252993 0.820000 0.952550 2
0 -3.252992 0.200000 -21.252993 0.180000 0.952550 2
0 -3.252992 1.400000 -21.252993 0.820001 0.667853 2
0 -3.252992 0.200000 -20.747007 0.179999 0.952550 2
0 -2.747008 1.400000 -20.747007 0.179999 0.667853 2
0 -2.747008 0.200000 -21.252993 0.820001 0.952550 2
0 -3.252992 0.200000 -21.252993 0.820001 0.952550 2
0 -2.747008 0.200000 -20.747007 0.179999 0.952550 2
38
0.000000 1.000000 0.000000
0.000000 -1.000000 0.000000
0.000000 -0.707107 0.707107
0.927620 0.373526 0.000000
0.982405 0.186763 0.000000
0.000000 0.373526 -0.927620
0.000000 0.186763 -0.982405
-0.447214 0.000000 0.894427
-0.816497 -0.408248 0.408248
-1.000000 0.000000 0.000000
0.447214 0.000000 -0.894427
0.894427 0.000000 -0.447214
0.000000 0.000000 -1.000000
1.000000 0.000000 0.000000
-0.207496 0.885848 0.414993
-0.414991 0.885848 0.207496
0.314649 0.895540 0.314650
-0.314649 0.895540 -0.314650
-0.314649 0.895540 -0.314650
0.414991 0.885848 -0.207496
0.207496 0.885848 -0.414993
0.000000 -0.200998 0.979592
0.000000 0.000000 1.000000
-0.666281 -0.410134 0.622785
0.000000 -0.200998 -0.979592
0.666281 -0.410134 -0.622785
0.000000 -0.401995 0.915642
-0.915641 -0.401997 0.000000
0.000000 -0.401995 -0.915642
0.915641 -0.401997 0.000000
0.000000 0.186763 0.982405
-0.982405 0.186763 0.000000
-0.979591 -0.200999 0.000000
0.979591 -0.200999 0.000000
0.000000 0.373526 0.927620
0.000000 0.186763 0.982405
-0.927620 0.373526 0.000000
0.000000 0.186763 -0.982405
60
0 0 1 2 0 0 0 0
0 3 4 5 1 1 2 0
0 6 7 8 3 4 3 0
0 9 10 11 5 6 5 0
0 12 13 5 7 8 2 0
0 14 15 13 9 9 8 0
0 16 17 18 10 11 12 0
0 19 20 17 13 13 11 0
0 21 22 23 14 15 16 0
0 24 25 22 17 18 15 0
0 24 26 27 17 19 20 0
0 26 28 23 19 16 16 0
0 29 30 31 21 22 7 0
0 32 31 33 23 7 9 0
0 34 35 36 24 12 10 0
0 37 36 38 25 10 13 0
0 39 29 32 26 21 23 0
0 40 32 41 27 23 27 0
0 42 34 37 28 24 25 0
0 43 37 44 29 25 29 0
0 45 39 46 30 26 21 0
0 47 40 48 31 27 32 0
0 10 42 49 6 28 24 0
0 7 43 50 4 29 33 0
0 51 45 52 34 30 34 0
0 53 54 55 35 22 22 0
0 56 47 57 36 31 36 0
0 13 3 5 8 1 2 0
0 58 0 2 0 0 0 0
0 59 12 5 22 7 2 0
0 12 14 13 7 9 8 0
0 60 16 18 12 10 12 0
0 16 19 17 10 13 11 0
0 28 21 23 16 14 16 0
0 21 24 22 14 17 15 0
0 25 24 27 18 17 20 0
0 27 26 23 20 19 16 0
0 32 29 31 23 21 7 0
0 41 32 33 27 23 9 0
0 37 34 36 25 24 10 0
0 44 37 38 29 25 13 0
0 46 39 32 21 26 23 0
0 48 40 41 32 27 27 0
0 61 62 63 37 12 12 0
0 50 43 44 33 29 29 0
0 52 45 46 34 30 21 0
0 57 47 48 36 31 32 0
0 11 10 49 5 6 24 0
0 8 7 50 3 4 33 0
0 53 51 52 35 34 34 0
0 51 53 55 34 35 22 0
0 64 56 57 31 36 36 0
0 56 64 65 36 31 9 0
0 61 9 11 37 5 5 0
0 9 61 63 5 37 12 0
0 66 6 8 4 3 3 0
0 6 66 67 3 4 13 0
0 64 68 65 31 9 9 0
0 66 69 67 4 13 13 0
0 49 42 37 24 28 25 0
"Mesh_vanessa_Layer2_Material62" 0 62
70
0 -3.395300 0.100000 -23.604700 0.000000 0.976275 2
0 -3.395300 0.100000 -24.395300 1.000000 0.976275 2
0 -3.395300 0.000000 -23.604700 0.000000 1.000000 2
0 -3.395300 0.000000 -24.395300 0.000000 0.000000 2
0 -2.604700 0.000000 -24.395300 1.000000 0.000000 2
0 -2.604700 0.000000 -23.604700 1.000000 1.000000 2
0 -3.295000 4.215000 -24.295000 0.126865 0.126866 2
0 -3.295000 4.215000 -23.705000 0.126865 0.873135 2
0 -2.705000 4.215000 -23.705000 0.873134 0.873135 2
0 -3.395300 0.000000 -24.395300 1.000000 1.000000 2
0 -2.604700 0.100000 -24.395300 1.000000 0.976275 2
0 -2.604700 0.000000 -24.395300 1.000000 1.000000 2
0 -3.395300 0.000000 -24.395300 0.000000 1.000000 2
0 -2.604700 0.100000 -23.604700 0.000000 0.976275 2
0 -2.604700 0.000000 -23.604700 0.000000 1.000000 2
0 -3.252992 0.200000 -23.747007 0.180000 0.820001 2
0 -3.395300 0.100000 -23.604700 0.000000 1.000000 2
0 -2.604700 0.100000 -23.604700 1.000000 1.000000 2
0 -3.252992 0.200000 -24.252993 0.180000 0.179999 2
0 -3.395300 0.100000 -24.395300 0.000000 0.000000 2
0 -2.747008 0.200000 -24.252993 0.820000 0.179999 2
0 -2.604700 0.100000 -24.395300 1.000000 0.000000 2
0 -2.747008 0.200000 -23.747007 0.820000 0.820001 2
0 -2.705000 3.900000 -23.705000 0.873134 0.074733 2
0 -2.705000 4.215000 -23.705000 0.873134 0.000000 2
0 -3.295000 4.215000 -23.705000 0.126865 0.000000 2
0 -3.295000 3.900000 -23.705000 0.126865 0.074733 2
0 -3.295000 4.215000 -24.295000 0.873134 0.000000 2
0 -3.295000 3.900000 -24.295000 0.126865 0.074733 2
0 -3.295000 4.215000 -24.295000 0.126865 0.000000 2
0 -2.705000 4.215000 -24.295000 0.873134 0.000000 2
0 -2.705000 3.900000 -24.295000 0.873134 0.074733 2
0 -2.705000 4.215000 -23.705000 0.126865 0.000000 2
0 -2.811200 3.750000 -23.811199 0.738806 0.110320 2
0 -3.188800 3.750000 -23.811199 0.261193 0.110320 2
0 -3.295000 3.900000 -24.295000 0.873134 0.074733 2
0 -3.188800 3.750000 -24.188801 0.261194 0.110320 2
0 -2.811200 3.750000 -24.188801 0.738807 0.110320 2
0 -2.705000 3.900000 -23.705000 0.126865 0.074733 2
0 -2.811200 1.500000 -23.811199 0.738806 0.644128 2
0 -3.188800 3.750000 -23.811199 0.261194 0.110320 2
0 -3.188800 1.500000 -23.811199 0.261193 0.644128 2
0 -3.188800 3.750000 -24.188801 0.738807 0.110320 2
0 -3.188800 1.500000 -24.188801 0.261194 0.644128 2
0 -2.811200 3.750000 -24.188801 0.738806 0.110320 2
0 -2.811200 1.500000 -24.188801 0.738807 0.644128 2
0 -2.811200 3.750000 -23.811199 0.261193 0.110320 2
0 -2.747008 1.400000 -23.747007 0.820000 0.667853 2
0 -3.188800 1.500000 -23.811199 0.261194 0.644128 2
0 -3.252992 1.400000 -23.747007 0.180000 0.667853 2
0 -3.252992 0.200000 -23.747007 0.180000 0.952550 2
0 -2.747008 0.200000 -23.747007 0.820000 0.952550 2
0 -3.252992 1.400000 -23.747007 0.179999 0.667853 2
0 -3.188800 1.500000 -24.188801 0.738807 0.644128 2
0 -3.252992 1.400000 -24.252993 0.820001 0.667853 2
0 -3.252992 0.200000 -24.252993 0.820001 0.952550 2
0 -3.252992 0.200000 -23.747007 0.179999 0.952550 2
0 -2.705000 4.215000 -24.295000 0.873134 0.126866 2
0 -2.604700 0.100000 -23.604700 1.000000 0.976275 2
0 -2.747008 1.400000 -23.747007 0.179999 0.667853 2
0 -2.747008 0.200000 -23.747007 0.179999 0.952550 2
0 -2.747008 0.200000 -24.252993 0.820001 0.952550 2
0 -3.395300 0.100000 -24.395300 0.000000 0.976275 2
0 -2.811200 1.500000 -24.188801 0.738806 0.644128 2
0 -2.811200 1.500000 -23.811199 0.261193 0.644128 2
0 -2.747008 1.400000 -24.252993 0.820000 0.667853 2
0 -3.252992 1.400000 -24.252993 0.180000 0.667853 2
0 -3.252992 0.200000 -24.252993 0.180000 0.952550 2
0 -2.747008 1.400000 -24.252993 0.820001 0.667853 2
0 -2.747008 0.200000 -24.252993 0.820000 0.952550 2
38
-0.447214 0.000000 0.894427
-1.000000 0.000000 0.000000
-0.816497 -0.408248 0.408248
0.000000 -1.000000 0.000000
0.000000 -0.707107 0.707107
0.000000 1.000000 0.000000
0.447214 0.000000 -0.894427
0.894427 0.000000 -0.447214
0.000000 0.000000 -1.000000
1.000000 0.000000 0.000000
-0.207496 0.885848 0.414993
-0.414991 0.885848 0.207496
0.314649 0.895540 0.314650
-0.314649 0.895540 -0.314650
-0.314649 0.895540 -0.314650
0.414991 0.885848 -0.207496
0.207496 0.885848 -0.414993
0.000000 -0.200998 0.979592
0.000000 0.000000 1.000000
-0.666281 -0.410134 0.622785
0.000000 -0.200998 -0.979592
0.666281 -0.410134 -0.622785
0.000000 -0.401995 0.915642
-0.915641 -0.401997 0.000000
0.000000 -0.401995 -0.915642
0.915641 -0.401997 0.000000
0.000000 0.186763 0.982405
-0.982405 0.186763 0.000000
-0.979591 -0.200999 0.000000
0.000000 0.186763 -0.982405
0.982405 0.186763 0.000000
0.979591 -0.200999 0.000000
0.000000 0.373526 0.927620
0.000000 0.186763 0.982405
-0.927620 0.373526 0.000000
0.000000 0.373526 -0.927620
0.927620 0.373526 0.000000
0.000000 0.186763 -0.982405
60
0 0 1 2 0 1 2 0
0 3 4 5 3 3 4 0
0 6 7 8 5 5 5 0
0 0 2 5 0 2 4 0
0 1 9 2 1 1 2 0
0 10 11 12 6 7 8 0
0 13 14 11 9 9 7 0
0 15 16 17 10 11 12 0
0 18 19 16 13 14 11 0
0 18 20 21 13 15 16 0
0 20 22 17 15 12 12 0
0 23 24 25 17 18 0 0
0 26 25 27 19 0 1 0
0 28 29 30 20 8 6 0
0 31 30 32 21 6 9 0
0 33 23 26 22 17 19 0
0 34 26 35 23 19 23 0
0 36 28 31 24 20 21 0
0 37 31 38 25 21 25 0
0 39 33 40 26 22 17 0
0 41 34 42 27 23 28 0
0 43 36 44 29 24 20 0
0 45 37 46 30 25 31 0
0 47 39 48 32 26 32 0
0 49 50 51 33 18 18 0
0 52 41 53 34 27 34 0
0 54 55 56 27 1 1 0
0 2 3 5 2 3 4 0
0 57 6 8 5 5 5 0
0 58 0 5 18 0 4 0
0 59 60 61 30 9 9 0
0 62 10 12 8 6 8 0
0 10 13 11 6 9 7 0
0 22 15 17 12 10 12 0
0 15 18 16 10 13 11 0
0 19 18 21 14 13 16 0
0 21 20 17 16 15 12 0
0 26 23 25 19 17 0 0
0 35 26 27 23 19 1 0
0 31 28 30 21 20 6 0
0 38 31 32 25 21 9 0
0 40 33 26 17 22 19 0
0 42 34 35 28 23 23 0
0 44 36 31 20 24 21 0
0 46 37 38 31 25 25 0
0 48 39 40 32 26 17 0
0 53 41 42 34 27 28 0
0 63 43 44 35 29 20 0
0 64 45 46 36 30 31 0
0 49 47 48 33 32 32 0
0 47 49 51 32 33 18 0
0 54 52 53 27 34 34 0
0 52 54 56 34 27 1 0
0 65 66 63 37 35 35 0
0 66 65 67 35 37 8 0
0 59 68 64 30 36 36 0
0 68 59 61 36 30 9 0
0 66 43 63 35 29 35 0
0 65 69 67 37 8 8 0
0 68 45 64 36 30 36 0
"Mesh_vanessa_Layer2_Material63" 0 63
70
0 -3.395300 0.100000 -26.604700 0.000000 0.976275 2
0 -3.395300 0.100000 -27.395300 1.000000 0.976275 2
0 -3.395300 0.000000 -26.604700 0.000000 1.000000 2
0 -3.395300 0.000000 -27.395300 0.000000 0.000000 2
0 -2.604700 0.000000 -27.395300 1.000000 0.000000 2
0 -2.604700 0.000000 -26.604700 1.000000 1.000000 2
0 -3.295000 4.215000 -27.295000 0.126865 0.126866 2
0 -3.295000 4.215000 -26.705000 0.126865 0.873135 2
0 -2.705000 4.215000 -26.705000 0.873134 0.873135 2
0 -3.395300 0.000000 -27.395300 1.000000 1.000000 2
0 -2.604700 0.100000 -27.395300 1.000000 0.976275 2
0 -2.604700 0.000000 -27.395300 1.000000 1.000000 2
0 -3.395300 0.000000 -27.395300 0.000000 1.000000 2
0 -2.604700 0.100000 -26.604700 0.000000 0.976275 2
0 -2.604700 0.000000 -26.604700 0.000000 1.000000 2
0 -3.252992 0.200000 -26.747007 0.180000 0.820001 2
0 -3.395300 0.100000 -26.604700 0.000000 1.000000 2
0 -2.604700 0.100000 -26.604700 1.000000 1.000000 2
0 -3.252992 0.200000 -27.252993 0.180000 0.179999 2
0 -3.395300 0.100000 -27.395300 0.000000 0.000000 2
0 -2.747008 0.200000 -27.252993 0.820000 0.179999 2
0 -2.604700 0.100000 -27.395300 1.000000 0.000000 2
0 -2.747008 0.200000 -26.747007 0.820000 0.820001 2
0 -2.705000 3.900000 -26.705000 0.873134 0.074733 2
0 -2.705000 4.215000 -26.705000 0.873134 0.000000 2
0 -3.295000 4.215000 -26.705000 0.126865 0.000000 2
0 -3.295000 3.900000 -26.705000 0.126865 0.074733 2
0 -3.295000 4.215000 -27.295000 0.873134 0.000000 2
0 -3.295000 3.900000 -27.295000 0.126865 0.074733 2
0 -3.295000 4.215000 -27.295000 0.126865 0.000000 2
0 -2.705000 4.215000 -27.295000 0.873134 0.000000 2
0 -2.705000 3.900000 -27.295000 0.873134 0.074733 2
0 -2.705000 4.215000 -26.705000 0.126865 0.000000 2
0 -2.811200 3.750000 -26.811199 0.738806 0.110320 2
0 -3.188800 3.750000 -26.811199 0.261193 0.110320 2
0 -3.295000 3.900000 -27.295000 0.873134 0.074733 2
0 -3.188800 3.750000 -27.188801 0.261194 0.110320 2
0 -2.811200 3.750000 -27.188801 0.738807 0.110320 2
0 -2.705000 3.900000 -26.705000 0.126865 0.074733 2
0 -2.811200 1.500000 -26.811199 0.738806 0.644128 2
0 -3.188800 3.750000 -26.811199 0.261194 0.110320 2
0 -3.188800 1.500000 -26.811199 0.261193 0.644128 2
0 -3.188800 3.750000 -27.188801 0.738807 0.110320 2
0 -3.188800 1.500000 -27.188801 0.261194 0.644128 2
0 -2.811200 3.750000 -27.188801 0.738806 0.110320 2
0 -2.811200 1.500000 -27.188801 0.738807 0.644128 2
0 -2.811200 3.750000 -26.811199 0.261193 0.110320 2
0 -2.747008 1.400000 -26.747007 0.820000 0.667853 2
0 -3.188800 1.500000 -26.811199 0.261194 0.644128 2
0 -3.252992 1.400000 -26.747007 0.180000 0.667853 2
0 -3.252992 0.200000 -26.747007 0.180000 0.952550 2
0 -2.747008 0.200000 -26.747007 0.820000 0.952550 2
0 -3.252992 1.400000 -26.747007 0.179999 0.667853 2
0 -3.188800 1.500000 -27.188801 0.738807 0.644128 2
0 -3.252992 1.400000 -27.252993 0.820001 0.667853 2
0 -3.252992 0.200000 -27.252993 0.820001 0.952550 2
0 -3.252992 0.200000 -26.747007 0.179999 0.952550 2
0 -2.705000 4.215000 -27.295000 0.873134 0.126866 2
0 -2.604700 0.100000 -26.604700 1.000000 0.976275 2
0 -3.395300 0.100000 -27.395300 0.000000 0.976275 2
0 -2.747008 1.400000 -26.747007 0.179999 0.667853 2
0 -2.747008 0.200000 -26.747007 0.179999 0.952550 2
0 -2.747008 0.200000 -27.252993 0.820001 0.952550 2
0 -2.811200 1.500000 -27.188801 0.738806 0.644128 2
0 -2.811200 1.500000 -26.811199 0.261193 0.644128 2
0 -2.747008 1.400000 -27.252993 0.820000 0.667853 2
0 -3.252992 1.400000 -27.252993 0.180000 0.667853 2
0 -3.252992 0.200000 -27.252993 0.180000 0.952550 2
0 -2.747008 1.400000 -27.252993 0.820001 0.667853 2
0 -2.747008 0.200000 -27.252993 0.820000 0.952550 2
38
-0.447214 0.000000 0.894427
-1.000000 0.000000 0.000000
-0.816497 -0.408248 0.408248
0.000000 -1.000000 0.000000
0.000000 -0.707107 0.707107
0.000000 1.000000 0.000000
0.447214 0.000000 -0.894427
0.894427 0.000000 -0.447214
0.000000 0.000000 -1.000000
1.000000 0.000000 0.000000
-0.207496 0.885848 0.414993
-0.414991 0.885848 0.207496
0.314649 0.895540 0.314650
-0.314649 0.895540 -0.314650
-0.314649 0.895540 -0.314650
0.414991 0.885848 -0.207496
0.207496 0.885848 -0.414993
0.000000 -0.200998 0.979592
0.000000 0.000000 1.000000
-0.666281 -0.410134 0.622785
0.000000 -0.200998 -0.979592
0.666281 -0.410134 -0.622785
0.000000 -0.401995 0.915642
-0.915641 -0.401997 0.000000
0.000000 -0.401995 -0.915642
0.915641 -0.401997 0.000000
0.000000 0.186763 0.982405
-0.982405 0.186763 0.000000
-0.979591 -0.200999 0.000000
0.000000 0.186763 -0.982405
0.982405 0.186763 0.000000
0.979591 -0.200999 0.000000
0.000000 0.373526 0.927620
0.000000 0.186763 0.982405
-0.927620 0.373526 0.000000
0.000000 0.373526 -0.927620
0.927620 0.373526 0.000000
0.000000 0.186763 -0.982405
60
0 0 1 2 0 1 2 0
0 3 4 5 3 3 4 0
0 6 7 8 5 5 5 0
0 0 2 5 0 2 4 0
0 1 9 2 1 1 2 0
0 10 11 12 6 7 8 0
0 13 14 11 9 9 7 0
0 15 16 17 10 11 12 0
0 18 19 16 13 14 11 0
0 18 20 21 13 15 16 0
0 20 22 17 15 12 12 0
0 23 24 25 17 18 0 0
0 26 25 27 19 0 1 0
0 28 29 30 20 8 6 0
0 31 30 32 21 6 9 0
0 33 23 26 22 17 19 0
0 34 26 35 23 19 23 0
0 36 28 31 24 20 21 0
0 37 31 38 25 21 25 0
0 39 33 40 26 22 17 0
0 41 34 42 27 23 28 0
0 43 36 44 29 24 20 0
0 45 37 46 30 25 31 0
0 47 39 48 32 26 32 0
0 49 50 51 33 18 18 0
0 52 41 53 34 27 34 0
0 54 55 56 27 1 1 0
0 2 3 5 2 3 4 0
0 57 6 8 5 5 5 0
0 58 0 5 18 0 4 0
0 48 39 40 32 26 17 0
0 59 10 12 8 6 8 0
0 10 13 11 6 9 7 0
0 22 15 17 12 10 12 0
0 15 18 16 10 13 11 0
0 19 18 21 14 13 16 0
0 21 20 17 16 15 12 0
0 26 23 25 19 17 0 0
0 35 26 27 23 19 1 0
0 31 28 30 21 20 6 0
0 38 31 32 25 21 9 0
0 40 33 26 17 22 19 0
0 42 34 35 28 23 23 0
0 44 36 31 20 24 21 0
0 46 37 38 31 25 25 0
0 60 61 62 30 9 9 0
0 53 41 42 34 27 28 0
0 63 43 44 35 29 20 0
0 64 45 46 36 30 31 0
0 49 47 48 33 32 32 0
0 47 49 51 32 33 18 0
0 54 52 53 27 34 34 0
0 52 54 56 34 27 1 0
0 65 66 63 37 35 35 0
0 66 65 67 35 37 8 0
0 60 68 64 30 36 36 0
0 68 60 62 36 30 9 0
0 66 43 63 35 29 35 0
0 65 69 67 37 8 8 0
0 68 45 64 36 30 36 0
"Mesh_vanessa_Layer2_Material64" 0 64
70
0 -2.811200 3.750000 -29.811199 0.738806 0.110320 2
0 -2.705000 3.900000 -29.705000 0.873134 0.074733 2
0 -3.295000 3.900000 -29.705000 0.126865 0.074733 2
0 -3.395300 0.000000 -30.395300 0.000000 0.000000 2
0 -2.604700 0.000000 -30.395300 1.000000 0.000000 2
0 -2.604700 0.000000 -29.604700 1.000000 1.000000 2
0 -3.295000 4.215000 -30.295000 0.126865 0.126866 2
0 -3.295000 4.215000 -29.705000 0.126865 0.873135 2
0 -2.705000 4.215000 -29.705000 0.873134 0.873135 2
0 -3.395300 0.100000 -29.604700 0.000000 0.976275 2
0 -3.395300 0.000000 -29.604700 0.000000 1.000000 2
0 -3.395300 0.100000 -30.395300 1.000000 0.976275 2
0 -3.395300 0.000000 -30.395300 1.000000 1.000000 2
0 -2.604700 0.100000 -30.395300 1.000000 0.976275 2
0 -2.604700 0.000000 -30.395300 1.000000 1.000000 2
0 -3.395300 0.000000 -30.395300 0.000000 1.000000 2
0 -2.604700 0.100000 -29.604700 0.000000 0.976275 2
0 -2.604700 0.000000 -29.604700 0.000000 1.000000 2
0 -3.252992 0.200000 -29.747007 0.180000 0.820001 2
0 -3.395300 0.100000 -29.604700 0.000000 1.000000 2
0 -2.604700 0.100000 -29.604700 1.000000 1.000000 2
0 -3.252992 0.200000 -30.252993 0.180000 0.179999 2
0 -3.395300 0.100000 -30.395300 0.000000 0.000000 2
0 -2.747008 0.200000 -30.252993 0.820000 0.179999 2
0 -2.604700 0.100000 -30.395300 1.000000 0.000000 2
0 -2.747008 0.200000 -29.747007 0.820000 0.820001 2
0 -2.705000 4.215000 -29.705000 0.873134 0.000000 2
0 -3.295000 4.215000 -29.705000 0.126865 0.000000 2
0 -3.295000 4.215000 -30.295000 0.873134 0.000000 2
0 -3.295000 3.900000 -30.295000 0.126865 0.074733 2
0 -3.295000 4.215000 -30.295000 0.126865 0.000000 2
0 -2.705000 4.215000 -30.295000 0.873134 0.000000 2
0 -2.705000 3.900000 -30.295000 0.873134 0.074733 2
0 -2.705000 4.215000 -29.705000 0.126865 0.000000 2
0 -2.747008 1.400000 -29.747007 0.179999 0.667853 2
0 -2.747008 0.200000 -29.747007 0.179999 0.952550 2
0 -2.747008 0.200000 -30.252993 0.820001 0.952550 2
0 -3.188800 3.750000 -29.811199 0.261193 0.110320 2
0 -3.295000 3.900000 -30.295000 0.873134 0.074733 2
0 -3.188800 3.750000 -30.188801 0.261194 0.110320 2
0 -2.811200 3.750000 -30.188801 0.738807 0.110320 2
0 -2.705000 3.900000 -29.705000 0.126865 0.074733 2
0 -2.811200 1.500000 -29.811199 0.738806 0.644128 2
0 -3.188800 3.750000 -29.811199 0.261194 0.110320 2
0 -3.188800 1.500000 -29.811199 0.261193 0.644128 2
0 -3.188800 3.750000 -30.188801 0.738807 0.110320 2
0 -3.188800 1.500000 -30.188801 0.261194 0.644128 2
0 -2.811200 3.750000 -30.188801 0.738806 0.110320 2
0 -2.811200 1.500000 -30.188801 0.738807 0.644128 2
0 -2.811200 3.750000 -29.811199 0.261193 0.110320 2
0 -2.747008 1.400000 -29.747007 0.820000 0.667853 2
0 -3.188800 1.500000 -29.811199 0.261194 0.644128 2
0 -3.252992 1.400000 -29.747007 0.180000 0.667853 2
0 -3.252992 0.200000 -29.747007 0.180000 0.952550 2
0 -2.747008 0.200000 -29.747007 0.820000 0.952550 2
0 -3.252992 1.400000 -29.747007 0.179999 0.667853 2
0 -3.188800 1.500000 -30.188801 0.738807 0.644128 2
0 -3.252992 1.400000 -30.252993 0.820001 0.667853 2
0 -3.252992 0.200000 -30.252993 0.820001 0.952550 2
0 -3.252992 0.200000 -29.747007 0.179999 0.952550 2
0 -2.705000 4.215000 -30.295000 0.873134 0.126866 2
0 -2.604700 0.100000 -29.604700 1.000000 0.976275 2
0 -3.395300 0.100000 -30.395300 0.000000 0.976275 2
0 -2.811200 1.500000 -30.188801 0.738806 0.644128 2
0 -2.811200 1.500000 -29.811199 0.261193 0.644128 2
0 -2.747008 1.400000 -30.252993 0.820000 0.667853 2
0 -3.252992 1.400000 -30.252993 0.180000 0.667853 2
0 -3.252992 0.200000 -30.252993 0.180000 0.952550 2
0 -2.747008 1.400000 -30.252993 0.820001 0.667853 2
0 -2.747008 0.200000 -30.252993 0.820000 0.952550 2
38
0.000000 -0.401995 0.915642
0.000000 -0.200998 0.979592
-0.666281 -0.410134 0.622785
0.000000 -1.000000 0.000000
0.000000 -0.707107 0.707107
0.000000 1.000000 0.000000
-0.447214 0.000000 0.894427
-0.816497 -0.408248 0.408248
-1.000000 0.000000 0.000000
0.447214 0.000000 -0.894427
0.894427 0.000000 -0.447214
0.000000 0.000000 -1.000000
1.000000 0.000000 0.000000
-0.207496 0.885848 0.414993
-0.414991 0.885848 0.207496
0.314649 0.895540 0.314650
-0.314649 0.895540 -0.314650
-0.314649 0.895540 -0.314650
0.414991 0.885848 -0.207496
0.207496 0.885848 -0.414993
0.000000 0.000000 1.000000
0.000000 -0.200998 -0.979592
0.666281 -0.410134 -0.622785
0.982405 0.186763 0.000000
-0.915641 -0.401997 0.000000
0.000000 -0.401995 -0.915642
0.915641 -0.401997 0.000000
0.000000 0.186763 0.982405
-0.982405 0.186763 0.000000
-0.979591 -0.200999 0.000000
0.000000 0.186763 -0.982405
0.979591 -0.200999 0.000000
0.000000 0.373526 0.927620
0.000000 0.186763 0.982405
-0.927620 0.373526 0.000000
0.000000 0.373526 -0.927620
0.927620 0.373526 0.000000
0.000000 0.186763 -0.982405
60
0 0 1 2 0 1 2 0
0 3 4 5 3 3 4 0
0 6 7 8 5 5 5 0
0 9 10 5 6 7 4 0
0 11 12 10 8 8 7 0
0 13 14 15 9 10 11 0
0 16 17 14 12 12 10 0
0 18 19 20 13 14 15 0
0 21 22 19 16 17 14 0
0 21 23 24 16 18 19 0
0 23 25 20 18 15 15 0
0 1 26 27 1 20 6 0
0 2 27 28 2 6 8 0
0 29 30 31 21 11 9 0
0 32 31 33 22 9 12 0
0 34 35 36 23 12 12 0
0 37 2 38 24 2 24 0
0 39 29 32 25 21 22 0
0 40 32 41 26 22 26 0
0 42 0 43 27 0 1 0
0 44 37 45 28 24 29 0
0 46 39 47 30 25 21 0
0 48 40 49 23 26 31 0
0 50 42 51 32 27 32 0
0 52 53 54 33 20 20 0
0 55 44 56 34 28 34 0
0 57 58 59 28 8 8 0
0 10 3 5 7 3 4 0
0 60 6 8 5 5 5 0
0 61 9 5 20 6 4 0
0 9 11 10 6 8 7 0
0 62 13 15 11 9 11 0
0 13 16 14 9 12 10 0
0 25 18 20 15 13 15 0
0 18 21 19 13 16 14 0
0 22 21 24 17 16 19 0
0 24 23 20 19 18 15 0
0 2 1 27 2 1 6 0
0 38 2 28 24 2 8 0
0 32 29 31 22 21 9 0
0 41 32 33 26 22 12 0
0 43 0 2 1 0 2 0
0 45 37 38 29 24 24 0
0 47 39 32 21 25 22 0
0 49 40 41 31 26 26 0
0 51 42 43 32 27 1 0
0 56 44 45 34 28 29 0
0 63 46 47 35 30 21 0
0 64 48 49 36 23 31 0
0 52 50 51 33 32 32 0
0 50 52 54 32 33 20 0
0 57 55 56 28 34 34 0
0 55 57 59 34 28 8 0
0 65 66 63 37 35 35 0
0 66 65 67 35 37 11 0
0 34 68 64 23 36 36 0
0 68 34 36 36 23 12 0
0 66 46 63 35 30 35 0
0 65 69 67 37 11 11 0
0 68 48 64 36 23 36 0
"Mesh_vanessa_Layer2_Material65" 0 65
70
0 -2.811200 3.750000 -32.811199 0.261194 0.110320 2
0 -2.811200 3.750000 -33.188801 0.738806 0.110320 2
0 -2.705000 3.900000 -32.705002 0.126870 0.074733 2
0 -3.395300 0.000000 -33.395302 0.000000 0.000000 2
0 -2.604700 0.000000 -33.395302 1.000000 0.000000 2
0 -2.604700 0.000000 -32.604698 1.000000 1.000000 2
0 -3.295000 4.215000 -33.294998 0.126865 0.126870 2
0 -3.295000 4.215000 -32.705002 0.126865 0.873130 2
0 -2.705000 4.215000 -32.705002 0.873134 0.873130 2
0 -3.395300 0.100000 -32.604698 0.000000 0.976275 2
0 -3.395300 0.000000 -32.604698 0.000000 1.000000 2
0 -3.395300 0.100000 -33.395302 1.000000 0.976275 2
0 -3.395300 0.000000 -33.395302 1.000000 1.000000 2
0 -2.604700 0.100000 -33.395302 1.000000 0.976275 2
0 -2.604700 0.000000 -33.395302 1.000000 1.000000 2
0 -3.395300 0.000000 -33.395302 0.000000 1.000000 2
0 -2.604700 0.100000 -32.604698 0.000000 0.976275 2
0 -2.604700 0.000000 -32.604698 0.000000 1.000000 2
0 -3.252992 0.200000 -32.747009 0.180000 0.819997 2
0 -3.395300 0.100000 -32.604698 0.000000 1.000000 2
0 -2.604700 0.100000 -32.604698 1.000000 1.000000 2
0 -3.252992 0.200000 -33.252991 0.180000 0.180003 2
0 -3.395300 0.100000 -33.395302 0.000000 0.000000 2
0 -2.747008 0.200000 -33.252991 0.820000 0.180003 2
0 -2.604700 0.100000 -33.395302 1.000000 0.000000 2
0 -2.747008 0.200000 -32.747009 0.820000 0.819997 2
0 -2.705000 3.900000 -32.705002 0.873134 0.074733 2
0 -2.705000 4.215000 -32.705002 0.873134 0.000000 2
0 -3.295000 4.215000 -32.705002 0.126865 0.000000 2
0 -3.295000 3.900000 -32.705002 0.126870 0.074733 2
0 -3.295000 4.215000 -32.705002 0.126870 0.000000 2
0 -3.295000 4.215000 -33.294998 0.873130 0.000000 2
0 -3.295000 3.900000 -33.294998 0.126865 0.074733 2
0 -3.295000 4.215000 -33.294998 0.126865 0.000000 2
0 -2.705000 4.215000 -33.294998 0.873134 0.000000 2
0 -2.705000 3.900000 -33.294998 0.873130 0.074733 2
0 -2.705000 4.215000 -33.294998 0.873130 0.000000 2
0 -2.705000 4.215000 -32.705002 0.126870 0.000000 2
0 -2.811200 3.750000 -32.811199 0.738806 0.110320 2
0 -3.295000 3.900000 -32.705002 0.126865 0.074733 2
0 -3.188800 3.750000 -32.811199 0.261194 0.110320 2
0 -3.295000 3.900000 -33.294998 0.873130 0.074733 2
0 -3.188800 3.750000 -33.188801 0.261194 0.110320 2
0 -2.705000 3.900000 -33.294998 0.873134 0.074733 2
0 -2.811200 1.500000 -32.811199 0.738806 0.644128 2
0 -3.188800 1.500000 -32.811199 0.261194 0.644128 2
0 -3.188800 3.750000 -33.188801 0.738806 0.110320 2
0 -3.188800 1.500000 -33.188801 0.261194 0.644128 2
0 -2.811200 1.500000 -33.188801 0.738806 0.644128 2
0 -2.747008 1.400000 -32.747009 0.820000 0.667853 2
0 -3.252992 1.400000 -32.747009 0.180000 0.667853 2
0 -3.252992 0.200000 -32.747009 0.180000 0.952550 2
0 -2.747008 0.200000 -32.747009 0.820000 0.952550 2
0 -3.252992 1.400000 -32.747009 0.180003 0.667853 2
0 -3.188800 1.500000 -33.188801 0.738806 0.644128 2
0 -3.252992 1.400000 -33.252991 0.819997 0.667853 2
0 -3.252992 0.200000 -33.252991 0.819997 0.952550 2
0 -3.252992 0.200000 -32.747009 0.180003 0.952550 2
0 -2.705000 4.215000 -33.294998 0.873134 0.126870 2
0 -2.604700 0.100000 -32.604698 1.000000 0.976275 2
0 -3.395300 0.100000 -33.395302 0.000000 0.976275 2
0 -2.811200 1.500000 -32.811199 0.261194 0.644128 2
0 -2.747008 1.400000 -32.747009 0.180003 0.667853 2
0 -2.747008 0.200000 -32.747009 0.180003 0.952550 2
0 -2.747008 0.200000 -33.252991 0.819997 0.952550 2
0 -2.747008 1.400000 -33.252991 0.820000 0.667853 2
0 -3.252992 1.400000 -33.252991 0.180000 0.667853 2
0 -3.252992 0.200000 -33.252991 0.180000 0.952550 2
0 -2.747008 1.400000 -33.252991 0.819997 0.667853 2
0 -2.747008 0.200000 -33.252991 0.820000 0.952550 2
40
0.979591 -0.200999 0.000000
0.622784 -0.410133 -0.666282
0.915641 -0.401997 0.000000
0.000000 -1.000000 0.000000
0.000000 -0.707107 0.707107
0.000000 1.000000 0.000000
-0.447214 0.000000 0.894427
-0.816497 -0.408248 0.408248
-1.000000 0.000000 0.000000
0.447214 0.000000 -0.894427
0.894427 0.000000 -0.447214
0.000000 0.000000 -1.000000
1.000000 0.000000 0.000000
-0.207495 0.885852 0.414985
-0.414991 0.885850 0.207492
0.314648 0.895542 0.314644
-0.314648 0.895542 -0.314644
0.414991 0.885850 -0.207492
0.207495 0.885852 -0.414985
0.314648 0.895542 0.314644
0.000000 -0.200995 0.979592
0.000000 0.000000 1.000000
-0.979591 -0.200999 0.000000
0.000000 -0.200995 -0.979592
0.000000 -0.401990 0.915644
-0.622784 -0.410133 0.666282
-0.915641 -0.401997 0.000000
0.000000 -0.401990 -0.915644
0.000000 0.186759 0.982406
-0.671633 0.383043 0.634182
0.000000 0.186759 -0.982406
0.671633 0.383043 -0.634182
0.000000 0.373517 0.927623
0.000000 0.186759 0.982406
-0.927620 0.373526 0.000000
-0.982405 0.186763 0.000000
0.927620 0.373526 0.000000
0.982405 0.186763 0.000000
0.000000 0.186759 -0.982406
0.000000 0.373517 -0.927623
60
0 0 1 2 0 1 2 0
0 3 4 5 3 3 4 0
0 6 7 8 5 5 5 0
0 9 10 5 6 7 4 0
0 11 12 10 8 8 7 0
0 13 14 15 9 10 11 0
0 16 17 14 12 12 10 0
0 18 19 20 13 14 15 0
0 21 22 19 16 16 14 0
0 21 23 24 16 17 18 0
0 23 25 20 17 19 15 0
0 26 27 28 20 21 21 0
0 29 30 31 22 8 8 0
0 32 33 34 23 11 11 0
0 35 36 37 0 12 12 0
0 38 26 39 24 20 24 0
0 40 29 41 25 22 26 0
0 42 32 43 27 23 27 0
0 1 35 2 1 0 2 0
0 44 38 40 28 24 25 0
0 45 40 46 29 25 22 0
0 47 42 1 30 27 1 0
0 48 1 0 31 1 0 0
0 49 44 45 32 28 29 0
0 50 51 52 33 21 21 0
0 53 45 54 34 29 34 0
0 55 56 57 35 8 8 0
0 10 3 5 7 3 4 0
0 58 6 8 5 5 5 0
0 59 9 5 21 6 4 0
0 9 11 10 6 8 7 0
0 60 13 15 11 9 11 0
0 13 16 14 9 12 10 0
0 25 18 20 19 13 15 0
0 18 21 19 13 16 14 0
0 22 21 24 16 16 18 0
0 24 23 20 18 17 15 0
0 39 26 28 24 20 21 0
0 41 29 31 26 22 8 0
0 43 32 34 27 23 11 0
0 2 35 37 2 0 12 0
0 40 38 39 25 24 24 0
0 46 40 41 22 25 26 0
0 1 42 43 1 27 27 0
0 53 55 57 34 35 8 0
0 45 44 40 29 28 25 0
0 54 45 46 34 29 22 0
0 48 47 1 31 30 1 0
0 61 48 0 36 31 0 0
0 50 49 45 33 32 29 0
0 49 50 52 32 33 21 0
0 55 53 54 35 34 34 0
0 62 63 64 37 12 12 0
0 65 66 48 38 39 31 0
0 66 65 67 39 38 11 0
0 62 68 61 37 36 36 0
0 68 62 64 36 37 12 0
0 66 47 48 39 30 31 0
0 65 69 67 38 11 11 0
0 68 48 61 36 31 36 0
"Mesh_vanessa_Layer2_Material66" 0 66
70
0 -2.811200 1.500000 -36.188801 0.738806 0.644128 2
0 -2.811200 3.750000 -36.188801 0.738806 0.110320 2
0 -2.811200 3.750000 -35.811199 0.261194 0.110320 2
0 -3.395300 0.000000 -36.395302 0.000000 0.000000 2
0 -2.604700 0.000000 -36.395302 1.000000 0.000000 2
0 -2.604700 0.000000 -35.604698 1.000000 1.000000 2
0 -3.295000 4.215000 -36.294998 0.126865 0.126870 2
0 -3.295000 4.215000 -35.705002 0.126865 0.873130 2
0 -2.705000 4.215000 -35.705002 0.873134 0.873130 2
0 -3.395300 0.100000 -35.604698 0.000000 0.976275 2
0 -3.395300 0.000000 -35.604698 0.000000 1.000000 2
0 -3.395300 0.100000 -36.395302 1.000000 0.976275 2
0 -3.395300 0.000000 -36.395302 1.000000 1.000000 2
0 -2.604700 0.100000 -36.395302 1.000000 0.976275 2
0 -2.604700 0.000000 -36.395302 1.000000 1.000000 2
0 -3.395300 0.000000 -36.395302 0.000000 1.000000 2
0 -2.604700 0.100000 -35.604698 0.000000 0.976275 2
0 -2.604700 0.000000 -35.604698 0.000000 1.000000 2
0 -3.252992 0.200000 -35.747009 0.180000 0.819997 2
0 -3.395300 0.100000 -35.604698 0.000000 1.000000 2
0 -2.604700 0.100000 -35.604698 1.000000 1.000000 2
0 -3.252992 0.200000 -36.252991 0.180000 0.180003 2
0 -3.395300 0.100000 -36.395302 0.000000 0.000000 2
0 -2.747008 0.200000 -36.252991 0.820000 0.180003 2
0 -2.604700 0.100000 -36.395302 1.000000 0.000000 2
0 -2.747008 0.200000 -35.747009 0.820000 0.819997 2
0 -2.705000 3.900000 -35.705002 0.873134 0.074733 2
0 -2.705000 4.215000 -35.705002 0.873134 0.000000 2
0 -3.295000 4.215000 -35.705002 0.126865 0.000000 2
0 -3.295000 3.900000 -35.705002 0.126870 0.074733 2
0 -3.295000 4.215000 -35.705002 0.126870 0.000000 2
0 -3.295000 4.215000 -36.294998 0.873130 0.000000 2
0 -3.295000 3.900000 -36.294998 0.126865 0.074733 2
0 -3.295000 4.215000 -36.294998 0.126865 0.000000 2
0 -2.705000 4.215000 -36.294998 0.873134 0.000000 2
0 -2.705000 3.900000 -36.294998 0.873130 0.074733 2
0 -2.705000 4.215000 -36.294998 0.873130 0.000000 2
0 -2.705000 4.215000 -35.705002 0.126870 0.000000 2
0 -2.811200 3.750000 -35.811199 0.738806 0.110320 2
0 -3.295000 3.900000 -35.705002 0.126865 0.074733 2
0 -3.188800 3.750000 -35.811199 0.261194 0.110320 2
0 -3.295000 3.900000 -36.294998 0.873130 0.074733 2
0 -3.188800 3.750000 -36.188801 0.261194 0.110320 2
0 -2.705000 3.900000 -36.294998 0.873134 0.074733 2
0 -2.705000 3.900000 -35.705002 0.126870 0.074733 2
0 -2.811200 1.500000 -35.811199 0.738806 0.644128 2
0 -3.188800 1.500000 -35.811199 0.261194 0.644128 2
0 -3.188800 3.750000 -36.188801 0.738806 0.110320 2
0 -3.188800 1.500000 -36.188801 0.261194 0.644128 2
0 -2.747008 1.400000 -35.747009 0.180003 0.667853 2
0 -2.747008 0.200000 -35.747009 0.180003 0.952550 2
0 -2.747008 0.200000 -36.252991 0.819997 0.952550 2
0 -2.747008 1.400000 -35.747009 0.820000 0.667853 2
0 -3.252992 1.400000 -35.747009 0.180000 0.667853 2
0 -3.252992 0.200000 -35.747009 0.180000 0.952550 2
0 -2.747008 0.200000 -35.747009 0.820000 0.952550 2
0 -3.252992 1.400000 -35.747009 0.180003 0.667853 2
0 -3.188800 1.500000 -36.188801 0.738806 0.644128 2
0 -3.252992 1.400000 -36.252991 0.819997 0.667853 2
0 -3.252992 0.200000 -36.252991 0.819997 0.952550 2
0 -3.252992 0.200000 -35.747009 0.180003 0.952550 2
0 -2.705000 4.215000 -36.294998 0.873134 0.126870 2
0 -2.604700 0.100000 -35.604698 1.000000 0.976275 2
0 -3.395300 0.100000 -36.395302 0.000000 0.976275 2
0 -2.811200 1.500000 -35.811199 0.261194 0.644128 2
0 -2.747008 1.400000 -36.252991 0.820000 0.667853 2
0 -3.252992 1.400000 -36.252991 0.180000 0.667853 2
0 -3.252992 0.200000 -36.252991 0.180000 0.952550 2
0 -2.747008 1.400000 -36.252991 0.819997 0.667853 2
0 -2.747008 0.200000 -36.252991 0.820000 0.952550 2
40
0.671633 0.383043 -0.634182
0.622784 -0.410133 -0.666282
0.979591 -0.200999 0.000000
0.000000 -1.000000 0.000000
0.000000 -0.707107 0.707107
0.000000 1.000000 0.000000
-0.447214 0.000000 0.894427
-0.816497 -0.408248 0.408248
-1.000000 0.000000 0.000000
0.447214 0.000000 -0.894427
0.894427 0.000000 -0.447214
0.000000 0.000000 -1.000000
1.000000 0.000000 0.000000
-0.207495 0.885852 0.414985
-0.414991 0.885850 0.207492
0.314648 0.895542 0.314644
-0.314648 0.895542 -0.314644
0.414991 0.885850 -0.207492
0.207495 0.885852 -0.414985
0.314648 0.895542 0.314644
0.000000 -0.200995 0.979592
0.000000 0.000000 1.000000
-0.979591 -0.200999 0.000000
0.000000 -0.200995 -0.979592
0.000000 -0.401990 0.915644
-0.622784 -0.410133 0.666282
-0.915641 -0.401997 0.000000
0.000000 -0.401990 -0.915644
0.915641 -0.401997 0.000000
0.000000 0.186759 0.982406
-0.671633 0.383043 0.634182
0.000000 0.186759 -0.982406
0.982405 0.186763 0.000000
0.000000 0.373517 0.927623
0.000000 0.186759 0.982406
-0.927620 0.373526 0.000000
-0.982405 0.186763 0.000000
0.927620 0.373526 0.000000
0.000000 0.186759 -0.982406
0.000000 0.373517 -0.927623
60
0 0 1 2 0 1 2 0
0 3 4 5 3 3 4 0
0 6 7 8 5 5 5 0
0 9 10 5 6 7 4 0
0 11 12 10 8 8 7 0
0 13 14 15 9 10 11 0
0 16 17 14 12 12 10 0
0 18 19 20 13 14 15 0
0 21 22 19 16 16 14 0
0 21 23 24 16 17 18 0
0 23 25 20 17 19 15 0
0 26 27 28 20 21 21 0
0 29 30 31 22 8 8 0
0 32 33 34 23 11 11 0
0 35 36 37 2 12 12 0
0 38 26 39 24 20 24 0
0 40 29 41 25 22 26 0
0 42 32 43 27 23 27 0
0 1 35 44 1 2 28 0
0 45 38 40 29 24 25 0
0 46 40 47 30 25 22 0
0 48 42 1 31 27 1 0
0 49 50 51 32 12 12 0
0 52 45 46 33 29 30 0
0 53 54 55 34 21 21 0
0 56 46 57 35 30 35 0
0 58 59 60 36 8 8 0
0 10 3 5 7 3 4 0
0 61 6 8 5 5 5 0
0 62 9 5 21 6 4 0
0 9 11 10 6 8 7 0
0 63 13 15 11 9 11 0
0 13 16 14 9 12 10 0
0 25 18 20 19 13 15 0
0 18 21 19 13 16 14 0
0 22 21 24 16 16 18 0
0 24 23 20 18 17 15 0
0 39 26 28 24 20 21 0
0 41 29 31 26 22 8 0
0 43 32 34 27 23 11 0
0 44 35 37 28 2 12 0
0 40 38 39 25 24 24 0
0 47 40 41 22 25 26 0
0 1 42 43 1 27 27 0
0 2 1 44 2 1 28 0
0 46 45 40 30 29 25 0
0 57 46 47 35 30 22 0
0 0 48 1 0 31 1 0
0 64 0 2 37 0 2 0
0 53 52 46 34 33 30 0
0 52 53 55 33 34 21 0
0 58 56 57 36 35 35 0
0 56 58 60 35 36 8 0
0 65 66 0 38 39 0 0
0 66 65 67 39 38 11 0
0 49 68 64 32 37 37 0
0 68 49 51 37 32 12 0
0 66 48 0 39 31 0 0
0 65 69 67 38 11 11 0
0 68 0 64 37 0 37 0
"Mesh_vanessa_Layer2_Material67" 0 67
70
0 -2.604700 0.100000 -39.395302 1.000000 0.000000 2
0 -2.747008 0.200000 -39.252991 0.820000 0.180003 2
0 -2.604700 0.100000 -38.604698 1.000000 1.000000 2
0 -3.395300 0.000000 -39.395302 0.000000 0.000000 2
0 -2.604700 0.000000 -39.395302 1.000000 0.000000 2
0 -2.604700 0.000000 -38.604698 1.000000 1.000000 2
0 -3.188800 1.500000 -38.811199 0.261194 0.644128 2
0 -3.188800 3.750000 -38.811199 0.261194 0.110320 2
0 -3.188800 3.750000 -39.188801 0.738806 0.110320 2
0 -3.188800 1.500000 -39.188801 0.261194 0.644128 2
0 -3.188800 3.750000 -39.188801 0.261194 0.110320 2
0 -2.811200 3.750000 -39.188801 0.738806 0.110320 2
0 -2.604700 0.100000 -39.395302 1.000000 0.976275 2
0 -2.604700 0.100000 -38.604698 0.000000 0.976275 2
0 -2.604700 0.000000 -39.395302 1.000000 1.000000 2
0 -3.295000 4.215000 -39.294998 0.126865 0.126870 2
0 -3.295000 4.215000 -38.705002 0.126865 0.873130 2
0 -2.705000 4.215000 -38.705002 0.873134 0.873130 2
0 -2.747008 1.400000 -38.747009 0.180003 0.667853 2
0 -2.747008 0.200000 -38.747009 0.180003 0.952550 2
0 -2.747008 0.200000 -39.252991 0.819997 0.952550 2
0 -2.747008 1.400000 -39.252991 0.819997 0.667853 2
0 -2.811200 1.500000 -39.188801 0.738806 0.644128 2
0 -2.811200 1.500000 -38.811199 0.261194 0.644128 2
0 -2.747008 1.400000 -39.252991 0.820000 0.667853 2
0 -2.747008 0.200000 -39.252991 0.820000 0.952550 2
0 -3.252992 0.200000 -39.252991 0.180000 0.952550 2
0 -3.252992 1.400000 -39.252991 0.180000 0.667853 2
0 -3.252992 1.400000 -39.252991 0.819997 0.667853 2
0 -3.252992 0.200000 -39.252991 0.819997 0.952550 2
0 -3.252992 0.200000 -38.747009 0.180003 0.952550 2
0 -3.252992 1.400000 -38.747009 0.180003 0.667853 2
0 -3.188800 1.500000 -39.188801 0.738806 0.644128 2
0 -3.252992 1.400000 -38.747009 0.180000 0.667853 2
0 -3.252992 0.200000 -38.747009 0.180000 0.952550 2
0 -2.747008 0.200000 -38.747009 0.820000 0.952550 2
0 -2.747008 1.400000 -38.747009 0.820000 0.667853 2
0 -2.811200 1.500000 -38.811199 0.738806 0.644128 2
0 -2.811200 3.750000 -38.811199 0.261194 0.110320 2
0 -2.811200 3.750000 -38.811199 0.738806 0.110320 2
0 -2.705000 3.900000 -39.294998 0.873130 0.074733 2
0 -2.705000 3.900000 -38.705002 0.126870 0.074733 2
0 -3.295000 3.900000 -39.294998 0.126865 0.074733 2
0 -2.705000 3.900000 -39.294998 0.873134 0.074733 2
0 -3.295000 3.900000 -38.705002 0.126870 0.074733 2
0 -3.295000 3.900000 -39.294998 0.873130 0.074733 2
0 -2.705000 3.900000 -38.705002 0.873134 0.074733 2
0 -3.295000 3.900000 -38.705002 0.126865 0.074733 2
0 -2.705000 4.215000 -39.294998 0.873130 0.000000 2
0 -2.705000 4.215000 -38.705002 0.126870 0.000000 2
0 -3.295000 4.215000 -39.294998 0.126865 0.000000 2
0 -2.705000 4.215000 -39.294998 0.873134 0.000000 2
0 -3.295000 4.215000 -38.705002 0.126870 0.000000 2
0 -3.295000 4.215000 -39.294998 0.873130 0.000000 2
0 -2.705000 4.215000 -38.705002 0.873134 0.000000 2
0 -3.295000 4.215000 -38.705002 0.126865 0.000000 2
0 -2.747008 0.200000 -38.747009 0.820000 0.819997 2
0 -3.252992 0.200000 -39.252991 0.180000 0.180003 2
0 -3.395300 0.100000 -39.395302 0.000000 0.000000 2
0 -3.395300 0.100000 -38.604698 0.000000 1.000000 2
0 -3.395300 0.000000 -38.604698 0.000000 1.000000 2
0 -2.705000 4.215000 -39.294998 0.873134 0.126870 2
0 -2.604700 0.100000 -38.604698 1.000000 0.976275 2
0 -3.395300 0.100000 -38.604698 0.000000 0.976275 2
0 -3.395300 0.100000 -39.395302 1.000000 0.976275 2
0 -3.395300 0.100000 -39.395302 0.000000 0.976275 2
0 -3.395300 0.000000 -39.395302 0.000000 1.000000 2
0 -2.604700 0.000000 -38.604698 0.000000 1.000000 2
0 -3.252992 0.200000 -38.747009 0.180000 0.819997 2
0 -3.395300 0.000000 -39.395302 1.000000 1.000000 2
40
0.207495 0.885852 -0.414985
0.414991 0.885850 -0.207492
0.314648 0.895542 0.314644
0.000000 -1.000000 0.000000
0.000000 -0.707107 0.707107
-0.671633 0.383043 0.634182
-0.622784 -0.410133 0.666282
-0.979591 -0.200999 0.000000
0.000000 0.186759 -0.982406
0.000000 -0.401990 -0.915644
0.622784 -0.410133 -0.666282
0.447214 0.000000 -0.894427
1.000000 0.000000 0.000000
0.894427 0.000000 -0.447214
0.000000 1.000000 0.000000
0.982405 0.186763 0.000000
0.927620 0.373526 0.000000
0.671633 0.383043 -0.634182
0.000000 0.186759 -0.982406
0.000000 0.000000 -1.000000
0.000000 0.373517 -0.927623
-0.982405 0.186763 0.000000
-1.000000 0.000000 0.000000
-0.927620 0.373526 0.000000
0.000000 0.186759 0.982406
0.000000 0.000000 1.000000
0.000000 0.373517 0.927623
0.000000 0.186759 0.982406
0.979591 -0.200999 0.000000
0.000000 -0.401990 0.915644
0.915641 -0.401997 0.000000
0.000000 -0.200995 -0.979592
-0.915641 -0.401997 0.000000
0.000000 -0.200995 0.979592
0.314648 0.895542 0.314644
-0.314648 0.895542 -0.314644
-0.414991 0.885850 0.207492
-0.816497 -0.408248 0.408248
-0.447214 0.000000 0.894427
-0.207495 0.885852 0.414985
60
0 0 1 2 0 1 2 0
0 3 4 5 3 3 4 0
0 6 7 8 5 6 7 0
0 9 10 11 8 9 10 0
0 12 13 14 11 12 13 0
0 15 16 17 14 14 14 0
0 18 19 20 15 12 12 0
0 21 22 23 16 17 16 0
0 24 25 26 18 19 19 0
0 27 9 22 20 8 17 0
0 28 29 30 21 22 22 0
0 31 6 32 23 5 23 0
0 33 34 35 24 25 25 0
0 36 37 6 26 27 5 0
0 22 11 38 17 10 28 0
0 37 39 7 27 29 6 0
0 11 40 41 10 28 30 0
0 10 42 43 9 31 9 0
0 7 44 45 6 7 32 0
0 39 46 47 29 33 29 0
0 40 48 49 28 12 12 0
0 42 50 51 31 19 19 0
0 44 52 53 7 22 22 0
0 46 54 55 33 25 25 0
0 1 56 2 1 34 2 0
0 57 1 0 35 1 0 0
0 57 58 59 35 35 36 0
0 60 3 5 37 3 4 0
0 61 15 17 14 14 14 0
0 62 63 5 25 38 4 0
0 63 64 60 38 22 37 0
0 65 12 66 19 11 19 0
0 13 67 14 12 12 13 0
0 56 68 2 34 39 2 0
0 68 57 59 39 35 36 0
0 58 57 0 35 35 0 0
0 23 22 38 16 17 28 0
0 47 46 55 29 33 25 0
0 45 44 53 32 7 22 0
0 43 42 51 9 31 19 0
0 41 40 49 30 28 12 0
0 7 39 47 6 29 29 0
0 8 7 45 7 6 32 0
0 11 10 43 10 9 9 0
0 38 11 41 28 10 30 0
0 6 37 7 5 27 6 0
0 32 6 8 23 5 7 0
0 22 9 11 17 8 10 0
0 27 24 26 20 18 19 0
0 33 36 6 24 26 5 0
0 36 33 35 26 24 25 0
0 28 31 32 21 23 23 0
0 31 28 30 23 21 22 0
0 24 27 22 18 20 17 0
0 18 21 23 15 16 16 0
0 21 18 20 16 15 12 0
0 68 59 2 39 36 2 0
0 63 60 5 38 37 4 0
0 64 69 60 22 22 37 0
0 12 14 66 11 13 19 0
"Mesh_vanessa_Layer2_Material68" 0 68
70
0 -3.295000 4.215000 -42.294998 0.126865 0.126870 2
0 -3.295000 4.215000 -41.705002 0.126865 0.873130 2
0 -2.705000 4.215000 -41.705002 0.873134 0.873130 2
0 -3.395300 0.100000 -42.395302 1.000000 0.976275 2
0 -3.395300 0.000000 -42.395302 1.000000 1.000000 2
0 -3.395300 0.000000 -41.604698 0.000000 1.000000 2
0 -2.811200 3.750000 -41.811199 0.261194 0.110320 2
0 -2.811200 3.750000 -42.188801 0.738806 0.110320 2
0 -2.705000 3.900000 -41.705002 0.126870 0.074733 2
0 -3.188800 3.750000 -42.188801 0.261194 0.110320 2
0 -2.705000 3.900000 -42.294998 0.873134 0.074733 2
0 -2.604700 0.100000 -41.604698 0.000000 0.976275 2
0 -2.604700 0.000000 -41.604698 0.000000 1.000000 2
0 -2.604700 0.000000 -42.395302 1.000000 1.000000 2
0 -3.252992 0.200000 -41.747009 0.180000 0.819997 2
0 -3.395300 0.100000 -41.604698 0.000000 1.000000 2
0 -2.604700 0.100000 -41.604698 1.000000 1.000000 2
0 -3.252992 0.200000 -42.252991 0.180000 0.180003 2
0 -3.395300 0.100000 -42.395302 0.000000 0.000000 2
0 -2.747008 0.200000 -42.252991 0.820000 0.180003 2
0 -2.604700 0.100000 -42.395302 1.000000 0.000000 2
0 -2.747008 0.200000 -41.747009 0.820000 0.819997 2
0 -2.705000 3.900000 -41.705002 0.873134 0.074733 2
0 -2.705000 4.215000 -41.705002 0.873134 0.000000 2
0 -3.295000 4.215000 -41.705002 0.126865 0.000000 2
0 -3.295000 3.900000 -41.705002 0.126870 0.074733 2
0 -3.295000 4.215000 -41.705002 0.126870 0.000000 2
0 -3.295000 4.215000 -42.294998 0.873130 0.000000 2
0 -3.295000 3.900000 -42.294998 0.126865 0.074733 2
0 -3.295000 4.215000 -42.294998 0.126865 0.000000 2
0 -2.705000 4.215000 -42.294998 0.873134 0.000000 2
0 -2.705000 3.900000 -42.294998 0.873130 0.074733 2
0 -2.705000 4.215000 -42.294998 0.873130 0.000000 2
0 -2.705000 4.215000 -41.705002 0.126870 0.000000 2
0 -2.811200 3.750000 -41.811199 0.738806 0.110320 2
0 -3.295000 3.900000 -41.705002 0.126865 0.074733 2
0 -3.188800 3.750000 -41.811199 0.261194 0.110320 2
0 -3.295000 3.900000 -42.294998 0.873130 0.074733 2
0 -2.604700 0.100000 -42.395302 1.000000 0.976275 2
0 -3.395300 0.000000 -42.395302 0.000000 1.000000 2
0 -3.395300 0.100000 -41.604698 0.000000 0.976275 2
0 -2.604700 0.000000 -41.604698 1.000000 1.000000 2
0 -3.188800 1.500000 -41.811199 0.261194 0.644128 2
0 -2.811200 1.500000 -41.811199 0.738806 0.644128 2
0 -3.188800 1.500000 -42.188801 0.738806 0.644128 2
0 -3.188800 3.750000 -42.188801 0.738806 0.110320 2
0 -2.811200 1.500000 -42.188801 0.738806 0.644128 2
0 -2.747008 1.400000 -41.747009 0.820000 0.667853 2
0 -3.188800 1.500000 -42.188801 0.261194 0.644128 2
0 -3.252992 1.400000 -41.747009 0.180003 0.667853 2
0 -3.395300 0.000000 -42.395302 0.000000 0.000000 2
0 -2.604700 0.000000 -42.395302 1.000000 0.000000 2
0 -2.705000 4.215000 -42.294998 0.873134 0.126870 2
0 -2.604700 0.100000 -41.604698 1.000000 0.976275 2
0 -3.395300 0.100000 -42.395302 0.000000 0.976275 2
0 -3.252992 1.400000 -42.252991 0.180000 0.667853 2
0 -2.747008 1.400000 -42.252991 0.820000 0.667853 2
0 -3.252992 0.200000 -42.252991 0.180000 0.952550 2
0 -3.252992 1.400000 -42.252991 0.819997 0.667853 2
0 -3.252992 0.200000 -42.252991 0.819997 0.952550 2
0 -3.252992 0.200000 -41.747009 0.180003 0.952550 2
0 -3.252992 1.400000 -41.747009 0.180000 0.667853 2
0 -3.252992 0.200000 -41.747009 0.180000 0.952550 2
0 -2.747008 0.200000 -41.747009 0.820000 0.952550 2
0 -2.811200 1.500000 -41.811199 0.261194 0.644128 2
0 -2.747008 1.400000 -41.747009 0.180003 0.667853 2
0 -2.747008 1.400000 -42.252991 0.819997 0.667853 2
0 -2.747008 0.200000 -42.252991 0.819997 0.952550 2
0 -2.747008 0.200000 -41.747009 0.180003 0.952550 2
0 -2.747008 0.200000 -42.252991 0.820000 0.952550 2
40
0.000000 1.000000 0.000000
-1.000000 0.000000 0.000000
-0.816497 -0.408248 0.408248
0.979591 -0.200999 0.000000
0.622784 -0.410133 -0.666282
0.915641 -0.401997 0.000000
0.000000 -0.401990 -0.915644
1.000000 0.000000 0.000000
0.894427 0.000000 -0.447214
-0.207495 0.885852 0.414985
-0.414991 0.885850 0.207492
0.314648 0.895542 0.314644
-0.314648 0.895542 -0.314644
0.414991 0.885850 -0.207492
0.207495 0.885852 -0.414985
0.314648 0.895542 0.314644
0.000000 -0.200995 0.979592
0.000000 0.000000 1.000000
-0.979591 -0.200999 0.000000
0.000000 -0.200995 -0.979592
0.000000 0.000000 -1.000000
0.000000 -0.401990 0.915644
-0.622784 -0.410133 0.666282
-0.915641 -0.401997 0.000000
0.447214 0.000000 -0.894427
-0.447214 0.000000 0.894427
0.000000 -0.707107 0.707107
-0.671633 0.383043 0.634182
0.000000 0.186759 0.982406
-0.927620 0.373526 0.000000
0.671633 0.383043 -0.634182
0.000000 0.373517 0.927623
0.000000 0.186759 -0.982406
0.000000 -1.000000 0.000000
0.000000 0.373517 -0.927623
0.000000 0.186759 -0.982406
-0.982405 0.186763 0.000000
0.000000 0.186759 0.982406
0.927620 0.373526 0.000000
0.982405 0.186763 0.000000
60
0 0 1 2 0 0 0 0
0 3 4 5 1 1 2 0
0 6 7 8 3 4 5 0
0 7 9 10 4 6 6 0
0 11 12 13 7 7 8 0
0 14 15 16 9 10 11 0
0 17 18 15 12 12 10 0
0 17 19 20 12 13 14 0
0 19 21 16 13 15 11 0
0 22 23 24 16 17 17 0
0 25 26 27 18 1 1 0
0 28 29 30 19 20 20 0
0 31 32 33 3 7 7 0
0 34 22 35 21 16 21 0
0 36 25 37 22 18 23 0
0 38 13 39 24 8 20 0
0 40 5 41 25 2 26 0
0 42 43 36 27 28 22 0
0 44 42 45 29 27 18 0
0 43 34 36 28 21 22 0
0 42 36 45 27 22 18 0
0 7 31 8 4 3 5 0
0 46 7 6 30 4 3 0
0 47 43 42 31 28 27 0
0 48 9 7 32 6 4 0
0 49 42 44 29 27 29 0
0 50 51 41 33 33 26 0
0 5 50 41 2 33 26 0
0 52 0 2 0 0 0 0
0 53 40 41 17 25 26 0
0 40 3 5 25 1 2 0
0 54 38 39 20 24 20 0
0 38 11 13 24 7 8 0
0 21 14 16 15 9 11 0
0 14 17 15 9 12 10 0
0 18 17 20 12 12 14 0
0 20 19 16 14 13 11 0
0 35 22 24 21 16 17 0
0 37 25 27 23 18 1 0
0 10 28 30 6 19 20 0
0 8 31 33 5 3 7 0
0 36 34 35 22 21 21 0
0 45 36 37 18 22 23 0
0 9 28 10 6 19 6 0
0 55 56 57 34 35 20 0
0 58 59 60 36 1 1 0
0 61 62 63 37 17 17 0
0 46 48 7 30 32 4 0
0 64 46 6 38 30 3 0
0 61 47 42 37 31 27 0
0 47 61 63 31 37 17 0
0 58 49 44 36 29 29 0
0 49 58 60 29 36 1 0
0 56 55 46 35 34 30 0
0 65 66 64 39 38 38 0
0 66 65 67 38 39 7 0
0 65 68 67 39 7 7 0
0 56 69 57 35 20 20 0
0 55 48 46 34 32 30 0
0 66 46 64 38 30 38 0
"Mesh_vanessa_Layer2_Material69" 0 69
64
0 3.395300 0.000000 0.395300 1.000000 1.000000 2
0 3.395300 0.100000 0.395300 1.000000 0.976275 2
0 2.604700 0.000000 0.395300 0.000000 1.000000 2
0 3.395300 0.000000 -0.395300 1.000000 1.000000 2
0 3.395300 0.100000 -0.395300 1.000000 0.976275 2
0 3.395300 0.000000 0.395300 0.000000 1.000000 2
0 3.188800 1.500000 -0.188800 0.738806 0.644128 2
0 3.252992 1.400000 -0.252992 0.820000 0.667853 2
0 2.811200 1.500000 -0.188800 0.261194 0.644128 2
0 3.295000 3.900000 -0.295000 0.873134 0.074733 2
0 3.188800 3.750000 -0.188800 0.738806 0.110320 2
0 2.705000 3.900000 -0.295000 0.126865 0.074733 2
0 3.295000 4.215000 0.295000 0.873134 0.873134 2
0 3.295000 4.215000 -0.295000 0.873134 0.126866 2
0 2.705000 4.215000 0.295000 0.126865 0.873134 2
0 3.252992 0.200000 0.252992 0.820000 0.952550 2
0 3.252992 1.400000 0.252992 0.820000 0.667853 2
0 2.747008 0.200000 0.252992 0.180000 0.952550 2
0 3.252992 0.200000 -0.252992 0.820000 0.952550 2
0 3.252992 0.200000 0.252992 0.180000 0.952550 2
0 3.188800 1.500000 0.188800 0.261194 0.644128 2
0 3.252992 1.400000 0.252992 0.180000 0.667853 2
0 2.811200 3.750000 -0.188800 0.261194 0.110320 2
0 2.811200 1.500000 0.188800 0.261194 0.644128 2
0 2.747008 1.400000 0.252992 0.180000 0.667853 2
0 3.188800 1.500000 0.188800 0.738806 0.644128 2
0 2.811200 3.750000 -0.188800 0.738806 0.110320 2
0 2.811200 1.500000 -0.188800 0.738806 0.644128 2
0 2.811200 3.750000 0.188800 0.261194 0.110320 2
0 2.705000 3.900000 -0.295000 0.873134 0.074733 2
0 2.705000 3.900000 0.295000 0.126866 0.074733 2
0 3.188800 3.750000 0.188800 0.261194 0.110320 2
0 3.188800 3.750000 0.188800 0.738806 0.110320 2
0 3.295000 3.900000 0.295000 0.126866 0.074733 2
0 2.705000 3.900000 0.295000 0.126865 0.074733 2
0 3.295000 3.900000 0.295000 0.873134 0.074733 2
0 2.705000 4.215000 -0.295000 0.873134 0.000000 2
0 2.705000 4.215000 0.295000 0.126866 0.000000 2
0 3.295000 4.215000 -0.295000 0.873134 0.000000 2
0 2.705000 4.215000 -0.295000 0.126865 0.000000 2
0 3.295000 4.215000 0.295000 0.126866 0.000000 2
0 2.705000 4.215000 0.295000 0.126865 0.000000 2
0 3.295000 4.215000 0.295000 0.873134 0.000000 2
0 2.747008 0.200000 0.252992 0.180000 0.820000 2
0 2.747008 0.200000 -0.252992 0.180000 0.180000 2
0 2.604700 0.100000 0.395300 0.000000 1.000000 2
0 3.252992 0.200000 -0.252992 0.820000 0.180000 2
0 2.604700 0.100000 -0.395300 0.000000 0.000000 2
0 3.395300 0.100000 -0.395300 1.000000 0.000000 2
0 3.395300 0.100000 0.395300 1.000000 1.000000 2
0 3.252992 0.200000 0.252992 0.820000 0.820000 2
0 2.604700 0.100000 0.395300 0.000000 0.976275 2
0 2.604700 0.000000 -0.395300 1.000000 1.000000 2
0 2.604700 0.000000 -0.395300 0.000000 1.000000 2
0 2.604700 0.100000 -0.395300 0.000000 0.976275 2
0 2.747008 0.200000 -0.252992 0.820000 0.952550 2
0 2.747008 0.200000 -0.252992 0.180000 0.952550 2
0 2.747008 1.400000 -0.252992 0.180000 0.667853 2
0 2.747008 1.400000 -0.252992 0.820000 0.667853 2
0 2.604700 0.000000 -0.395300 0.000000 0.000000 2
0 3.395300 0.000000 -0.395300 1.000000 0.000000 2
0 3.395300 0.100000 0.395300 0.000000 0.976275 2
0 2.705000 4.215000 -0.295000 0.126865 0.126866 2
0 2.604700 0.100000 -0.395300 1.000000 0.976275 2
42
0.000000 -0.707107 0.707107
0.000000 0.000000 1.000000
-0.333333 -0.666667 0.666667
0.447214 0.000000 -0.894427
0.894427 0.000000 -0.447214
1.000000 0.000000 0.000000
0.634179 0.383048 -0.671633
0.671633 0.383049 -0.634179
0.000000 0.373526 -0.927620
0.622784 -0.410135 -0.666281
0.666281 -0.410135 -0.622784
0.000000 -0.401997 -0.915641
0.000000 1.000000 0.000000
0.000000 0.186763 0.982405
-0.447214 0.000000 0.894427
0.982405 0.186763 0.000000
0.927620 0.373526 0.000000
0.000000 -0.200999 -0.979591
-0.634179 0.383048 0.671633
-0.671633 0.383049 0.634179
0.000000 0.373526 0.927620
-0.915641 -0.401997 0.000000
-0.982405 0.186763 0.000000
-0.666281 -0.410135 0.622784
-0.979591 -0.200999 0.000000
0.915641 -0.401997 0.000000
0.000000 -0.200999 0.979591
0.979591 -0.200999 0.000000
0.000000 -0.401997 0.915641
-1.000000 0.000000 0.000000
0.000000 0.000000 -1.000000
-0.314649 0.895540 0.314649
-0.414991 0.885849 -0.207496
-0.314649 0.895540 0.314649
0.314649 0.895540 -0.314649
-0.207496 0.885849 -0.414991
0.414991 0.885849 0.207496
0.207496 0.885849 0.414991
-0.894427 0.000000 0.447214
0.000000 0.186763 -0.982405
-0.927620 0.373526 0.000000
0.000000 -1.000000 0.000000
60
0 0 1 2 0 1 2 0
0 3 4 5 3 4 5 0
0 6 7 8 6 7 8 0
0 9 10 11 9 10 11 0
0 12 13 14 12 12 12 0
0 15 16 17 1 13 14 0
0 18 7 19 3 7 5 0
0 20 21 6 15 16 6 0
0 10 6 22 10 6 17 0
0 23 24 25 18 19 20 0
0 26 27 28 21 22 23 0
0 29 26 30 24 21 21 0
0 31 20 10 25 15 10 0
0 28 23 32 23 18 26 0
0 33 31 9 27 25 9 0
0 34 28 35 26 23 28 0
0 36 29 37 29 24 29 0
0 38 9 39 4 9 30 0
0 40 33 38 5 27 4 0
0 41 34 42 1 26 1 0
0 43 44 45 31 32 33 0
0 44 46 47 32 34 35 0
0 48 46 49 34 34 36 0
0 49 50 45 36 37 33 0
0 2 51 52 2 38 29 0
0 53 54 3 30 30 3 0
0 17 24 55 14 19 29 0
0 56 57 18 30 39 3 0
0 27 58 23 22 40 18 0
0 59 60 2 41 41 2 0
0 60 0 2 41 0 2 0
0 1 51 2 1 38 2 0
0 4 61 5 4 5 5 0
0 13 62 14 12 12 12 0
0 51 63 52 38 29 29 0
0 50 43 45 37 31 33 0
0 54 4 3 30 4 3 0
0 46 48 47 34 34 35 0
0 44 47 45 32 35 33 0
0 46 50 49 34 37 36 0
0 33 9 38 27 9 4 0
0 9 11 39 9 11 30 0
0 34 35 42 26 28 1 0
0 28 32 35 23 26 28 0
0 31 10 9 25 10 9 0
0 29 30 37 24 21 29 0
0 26 28 30 21 23 21 0
0 23 25 32 18 20 26 0
0 10 22 11 10 17 11 0
0 6 8 22 6 8 17 0
0 27 23 28 22 18 23 0
0 20 6 10 15 6 10 0
0 16 24 17 13 19 14 0
0 21 7 6 16 7 6 0
0 24 16 25 19 13 20 0
0 58 24 23 40 19 18 0
0 24 58 55 19 40 29 0
0 7 21 19 7 16 5 0
0 7 57 8 7 39 8 0
0 57 7 18 39 7 3 0
"Mesh_vanessa_Layer2_Material70" 0 70
62
0 2.747008 0.200000 -3.252992 0.180000 0.952550 2
0 2.747008 1.400000 -3.252992 0.180000 0.667853 2
0 3.252992 0.200000 -3.252992 0.820000 0.952550 2
0 3.188800 1.500000 -3.188800 0.738806 0.644128 2
0 3.252992 1.400000 -3.252992 0.820000 0.667853 2
0 2.811200 1.500000 -3.188800 0.261194 0.644128 2
0 3.252992 0.200000 -2.747008 0.180000 0.952550 2
0 2.811200 1.500000 -2.811200 0.261194 0.644128 2
0 2.747008 1.400000 -2.747008 0.180000 0.667853 2
0 3.188800 1.500000 -2.811200 0.738806 0.644128 2
0 3.188800 1.500000 -2.811200 0.261194 0.644128 2
0 3.252992 1.400000 -2.747008 0.180000 0.667853 2
0 3.252992 0.200000 -2.747008 0.820000 0.952550 2
0 3.252992 1.400000 -2.747008 0.820000 0.667853 2
0 2.747008 0.200000 -2.747008 0.180000 0.952550 2
0 3.188800 3.750000 -2.811200 0.261194 0.110320 2
0 3.188800 3.750000 -3.188800 0.738806 0.110320 2
0 2.811200 3.750000 -3.188800 0.738806 0.110320 2
0 2.811200 1.500000 -3.188800 0.738806 0.644128 2
0 2.811200 3.750000 -2.811200 0.261194 0.110320 2
0 2.811200 3.750000 -3.188800 0.261194 0.110320 2
0 3.295000 3.900000 -3.295000 0.873134 0.074733 2
0 2.705000 3.900000 -3.295000 0.126865 0.074733 2
0 3.188800 3.750000 -2.811200 0.738806 0.110320 2
0 2.705000 3.900000 -3.295000 0.873134 0.074733 2
0 2.705000 3.900000 -2.705000 0.126865 0.074733 2
0 2.705000 4.215000 -3.295000 0.873134 0.000000 2
0 2.705000 4.215000 -2.705000 0.126865 0.000000 2
0 3.295000 3.900000 -2.705000 0.126865 0.074733 2
0 3.295000 3.900000 -2.705000 0.873134 0.074733 2
0 3.295000 4.215000 -2.705000 0.873134 0.000000 2
0 3.295000 4.215000 -3.295000 0.873134 0.000000 2
0 2.705000 4.215000 -3.295000 0.126865 0.000000 2
0 3.295000 4.215000 -2.705000 0.126865 0.000000 2
0 3.395300 0.100000 -3.395300 1.000000 0.000000 2
0 3.252992 0.200000 -3.252992 0.820000 0.180000 2
0 3.395300 0.100000 -2.604700 1.000000 1.000000 2
0 2.747008 0.200000 -2.747008 0.180000 0.820000 2
0 2.747008 0.200000 -3.252992 0.180000 0.180000 2
0 2.604700 0.100000 -2.604700 0.000000 1.000000 2
0 2.604700 0.100000 -3.395300 0.000000 0.000000 2
0 2.604700 0.000000 -3.395300 0.000000 1.000000 2
0 2.604700 0.100000 -3.395300 0.000000 0.976275 2
0 3.395300 0.000000 -3.395300 1.000000 1.000000 2
0 3.252992 0.200000 -2.747008 0.820000 0.820000 2
0 2.604700 0.000000 -2.604700 0.000000 1.000000 2
0 2.604700 0.100000 -2.604700 0.000000 0.976275 2
0 2.604700 0.000000 -3.395300 1.000000 1.000000 2
0 3.295000 4.215000 -2.705000 0.873134 0.873135 2
0 3.295000 4.215000 -3.295000 0.873134 0.126866 2
0 2.705000 4.215000 -2.705000 0.126865 0.873135 2
0 3.395300 0.100000 -3.395300 1.000000 0.976275 2
0 3.395300 0.000000 -2.604700 0.000000 1.000000 2
0 3.395300 0.000000 -2.604700 1.000000 1.000000 2
0 3.395300 0.100000 -2.604700 1.000000 0.976275 2
0 2.747008 1.400000 -3.252992 0.820000 0.667853 2
0 2.747008 0.200000 -3.252992 0.820000 0.952550 2
0 3.395300 0.000000 -3.395300 1.000000 0.000000 2
0 2.604700 0.000000 -3.395300 0.000000 0.000000 2
0 3.395300 0.100000 -2.604700 0.000000 0.976275 2
0 2.705000 4.215000 -3.295000 0.126865 0.126866 2
0 2.604700 0.100000 -3.395300 1.000000 0.976275 2
42
0.000000 0.000000 -1.000000
0.000000 0.186763 -0.982405
0.447214 0.000000 -0.894427
0.634179 0.383048 -0.671633
0.671633 0.383048 -0.634179
0.000000 0.373526 -0.927620
1.000000 0.000000 0.000000
-0.634179 0.383048 0.671633
-0.671633 0.383048 0.634179
0.000000 0.373526 0.927620
0.982405 0.186763 0.000000
0.927620 0.373526 0.000000
0.000000 0.000000 1.000000
0.000000 0.186763 0.982405
-0.447214 0.000000 0.894427
0.915641 -0.401997 0.000000
0.666281 -0.410135 -0.622784
-0.915641 -0.401997 0.000000
-0.982405 0.186763 0.000000
-0.666281 -0.410135 0.622784
0.000000 -0.200999 -0.979591
0.622784 -0.410135 -0.666281
0.000000 -0.401997 -0.915641
0.000000 -0.200999 0.979591
-0.979591 -0.200999 0.000000
-0.622784 -0.410135 0.666281
-1.000000 0.000000 0.000000
-0.894427 0.000000 0.447214
0.979591 -0.200999 0.000000
0.000000 -0.401997 0.915641
0.894427 0.000000 -0.447214
0.314649 0.895540 -0.314649
0.414991 0.885849 0.207496
-0.314649 0.895540 0.314649
-0.414991 0.885849 -0.207496
-0.207496 0.885849 -0.414991
0.207496 0.885849 0.414991
-0.333333 -0.666667 0.666667
0.000000 1.000000 0.000000
0.000000 -0.707107 0.707107
-0.927620 0.373526 0.000000
0.000000 -1.000000 0.000000
60
0 0 1 2 0 1 2 0
0 3 4 5 3 4 5 0
0 2 4 6 2 4 6 0
0 7 8 9 7 8 9 0
0 10 11 3 10 11 3 0
0 12 13 14 12 13 14 0
0 15 10 16 15 10 16 0
0 17 18 19 17 18 19 0
0 16 3 20 16 3 20 0
0 21 16 22 21 16 22 0
0 19 7 23 19 7 23 0
0 24 17 25 24 17 25 0
0 26 24 27 26 24 27 0
0 28 15 21 28 15 21 0
0 25 19 29 25 19 29 0
0 27 25 30 27 25 12 0
0 31 21 32 30 21 0 0
0 33 28 31 6 28 30 0
0 34 35 36 31 31 32 0
0 37 38 39 33 34 33 0
0 38 35 40 34 31 35 0
0 41 42 43 0 0 2 0
0 36 44 39 32 36 33 0
0 45 46 47 37 27 26 0
0 48 49 50 38 38 38 0
0 43 51 52 2 30 6 0
0 53 54 45 39 12 37 0
0 18 55 7 18 40 7 0
0 14 8 56 14 8 26 0
0 57 53 45 41 39 37 0
0 58 57 45 41 41 37 0
0 54 46 45 12 27 37 0
0 51 59 52 30 6 6 0
0 49 60 50 38 38 38 0
0 46 61 47 27 26 26 0
0 44 37 39 36 33 33 0
0 42 51 43 0 30 2 0
0 35 34 40 31 31 35 0
0 38 40 39 34 35 33 0
0 35 44 36 31 36 32 0
0 28 21 31 28 21 30 0
0 21 22 32 21 22 0 0
0 25 29 30 25 29 12 0
0 19 23 29 19 23 29 0
0 15 16 21 15 16 21 0
0 24 25 27 24 25 27 0
0 17 19 25 17 19 25 0
0 7 9 23 7 9 23 0
0 16 20 22 16 20 22 0
0 3 5 20 3 5 20 0
0 18 7 19 18 7 19 0
0 10 3 16 10 3 16 0
0 13 8 14 13 8 14 0
0 11 4 3 11 4 3 0
0 8 13 9 8 13 9 0
0 55 8 7 40 8 7 0
0 8 55 56 8 40 26 0
0 4 11 6 4 11 6 0
0 4 1 5 4 1 5 0
0 1 4 2 1 4 2 0
"Mesh_vanessa_Layer2_Material71" 0 71
62
0 3.295000 4.215000 -5.705000 0.873134 0.873135 2
0 3.295000 4.215000 -6.295000 0.873134 0.126866 2
0 2.705000 4.215000 -5.705000 0.126865 0.873135 2
0 3.395300 0.000000 -5.604700 1.000000 1.000000 2
0 3.395300 0.100000 -5.604700 1.000000 0.976275 2
0 2.604700 0.000000 -5.604700 0.000000 1.000000 2
0 3.395300 0.000000 -6.395300 1.000000 1.000000 2
0 3.395300 0.100000 -6.395300 1.000000 0.976275 2
0 3.395300 0.000000 -5.604700 0.000000 1.000000 2
0 3.395300 0.100000 -5.604700 1.000000 1.000000 2
0 3.252992 0.200000 -5.747008 0.820000 0.820000 2
0 2.604700 0.100000 -5.604700 0.000000 1.000000 2
0 2.604700 0.000000 -6.395300 0.000000 1.000000 2
0 2.604700 0.100000 -6.395300 0.000000 0.976275 2
0 2.604700 0.100000 -5.604700 0.000000 0.976275 2
0 2.604700 0.000000 -6.395300 1.000000 1.000000 2
0 2.747008 0.200000 -5.747008 0.180000 0.820000 2
0 2.747008 0.200000 -6.252992 0.180000 0.180000 2
0 3.395300 0.100000 -6.395300 1.000000 0.000000 2
0 3.252992 0.200000 -6.252992 0.820000 0.180000 2
0 2.604700 0.100000 -6.395300 0.000000 0.000000 2
0 3.295000 4.215000 -6.295000 0.873134 0.000000 2
0 3.295000 3.900000 -6.295000 0.873134 0.074733 2
0 2.705000 4.215000 -6.295000 0.126865 0.000000 2
0 2.705000 4.215000 -5.705000 0.126865 0.000000 2
0 2.705000 3.900000 -5.705000 0.126865 0.074733 2
0 3.295000 4.215000 -5.705000 0.873134 0.000000 2
0 3.295000 4.215000 -5.705000 0.126865 0.000000 2
0 3.295000 3.900000 -5.705000 0.126865 0.074733 2
0 3.188800 3.750000 -5.811200 0.261194 0.110320 2
0 2.705000 4.215000 -6.295000 0.873134 0.000000 2
0 2.705000 3.900000 -6.295000 0.873134 0.074733 2
0 2.811200 3.750000 -5.811200 0.261194 0.110320 2
0 3.295000 3.900000 -5.705000 0.873134 0.074733 2
0 2.811200 1.500000 -5.811200 0.261194 0.644128 2
0 3.188800 3.750000 -5.811200 0.738806 0.110320 2
0 3.188800 3.750000 -6.188800 0.738806 0.110320 2
0 2.705000 3.900000 -6.295000 0.126865 0.074733 2
0 2.811200 3.750000 -6.188800 0.738806 0.110320 2
0 2.811200 1.500000 -6.188800 0.738806 0.644128 2
0 3.188800 1.500000 -5.811200 0.261194 0.644128 2
0 3.188800 1.500000 -6.188800 0.738806 0.644128 2
0 2.811200 3.750000 -6.188800 0.261194 0.110320 2
0 3.252992 1.400000 -5.747008 0.180000 0.667853 2
0 2.747008 1.400000 -5.747008 0.180000 0.667853 2
0 3.188800 1.500000 -5.811200 0.738806 0.644128 2
0 3.252992 0.200000 -5.747008 0.820000 0.952550 2
0 3.252992 1.400000 -5.747008 0.820000 0.667853 2
0 2.747008 0.200000 -5.747008 0.180000 0.952550 2
0 2.747008 0.200000 -6.252992 0.180000 0.952550 2
0 2.747008 1.400000 -6.252992 0.180000 0.667853 2
0 3.252992 0.200000 -6.252992 0.820000 0.952550 2
0 3.252992 1.400000 -6.252992 0.820000 0.667853 2
0 3.252992 0.200000 -5.747008 0.180000 0.952550 2
0 2.811200 1.500000 -6.188800 0.261194 0.644128 2
0 2.604700 0.000000 -6.395300 0.000000 0.000000 2
0 3.395300 0.000000 -6.395300 1.000000 0.000000 2
0 2.747008 1.400000 -6.252992 0.820000 0.667853 2
0 2.705000 4.215000 -6.295000 0.126865 0.126866 2
0 2.747008 0.200000 -6.252992 0.820000 0.952550 2
0 3.395300 0.100000 -5.604700 0.000000 0.976275 2
0 2.604700 0.100000 -6.395300 1.000000 0.976275 2
42
0.000000 1.000000 0.000000
0.000000 -0.707107 0.707107
0.000000 0.000000 1.000000
-0.333333 -0.666667 0.666667
0.447214 0.000000 -0.894427
0.894427 0.000000 -0.447214
1.000000 0.000000 0.000000
0.414991 0.885849 0.207496
0.207496 0.885848 0.414992
-0.314649 0.895540 0.314649
0.000000 0.000000 -1.000000
-0.894427 0.000000 0.447214
-1.000000 0.000000 0.000000
-0.414991 0.885849 -0.207496
0.314649 0.895540 -0.314649
-0.207496 0.885848 -0.414992
0.622784 -0.410135 -0.666280
-0.622784 -0.410135 0.666280
0.979591 -0.200999 0.000000
0.915641 -0.401997 0.000000
-0.979591 -0.200999 0.000000
-0.666281 -0.410135 0.622783
0.000000 -0.401998 0.915641
-0.634179 0.383049 0.671633
0.000000 -0.200999 0.979591
0.666281 -0.410135 -0.622783
0.000000 -0.401998 -0.915641
-0.915641 -0.401997 0.000000
-0.982405 0.186763 0.000000
0.982405 0.186763 0.000000
0.634179 0.383049 -0.671633
0.000000 -0.200999 -0.979591
0.927620 0.373526 0.000000
-0.671633 0.383049 0.634178
0.000000 0.373528 0.927619
0.000000 0.186764 0.982405
-0.447214 0.000000 0.894427
0.000000 0.186764 -0.982405
0.671633 0.383049 -0.634178
0.000000 0.373528 -0.927619
0.000000 -1.000000 0.000000
-0.927620 0.373526 0.000000
60
0 0 1 2 0 0 0 0
0 3 4 5 1 2 3 0
0 6 7 8 4 5 6 0
0 9 10 11 7 8 9 0
0 12 13 6 10 10 4 0
0 5 14 15 3 11 12 0
0 16 17 11 9 13 9 0
0 18 19 9 14 14 7 0
0 17 19 20 13 14 15 0
0 21 22 23 5 16 10 0
0 24 25 26 11 17 2 0
0 27 28 21 6 18 5 0
0 28 29 22 18 19 16 0
0 30 31 24 12 20 11 0
0 25 32 33 17 21 22 0
0 32 34 35 21 23 24 0
0 22 36 37 16 25 26 0
0 31 38 25 20 27 17 0
0 38 39 32 27 28 21 0
0 29 40 36 19 29 25 0
0 36 41 42 25 30 31 0
0 40 43 41 29 32 30 0
0 34 44 45 23 33 34 0
0 46 47 48 2 35 36 0
0 49 50 51 10 37 4 0
0 51 52 53 4 38 6 0
0 41 52 54 30 38 39 0
0 55 56 5 40 40 3 0
0 39 57 34 28 41 23 0
0 1 58 2 0 0 0 0
0 48 44 59 36 33 12 0
0 44 57 59 33 41 12 0
0 4 14 5 2 11 3 0
0 7 60 8 5 6 6 0
0 56 3 5 40 1 3 0
0 14 61 15 11 12 12 0
0 10 16 11 8 9 9 0
0 13 7 6 10 5 4 0
0 19 18 20 14 14 15 0
0 17 20 11 13 15 9 0
0 19 10 9 14 8 7 0
0 28 22 21 18 16 5 0
0 22 37 23 16 26 10 0
0 25 33 26 17 22 2 0
0 32 35 33 21 24 22 0
0 29 36 22 19 25 16 0
0 31 25 24 20 17 11 0
0 36 42 37 25 31 26 0
0 38 32 25 27 21 17 0
0 34 45 35 23 34 24 0
0 40 41 36 29 30 25 0
0 41 54 42 30 39 31 0
0 39 34 32 28 23 21 0
0 44 47 45 33 35 34 0
0 47 44 48 35 33 36 0
0 43 52 41 32 38 30 0
0 52 43 53 38 32 6 0
0 50 52 51 37 38 4 0
0 57 44 34 41 33 23 0
0 52 50 54 38 37 39 0
"Mesh_vanessa_Layer2_Material72" 0 72
62
0 2.604700 0.000000 -9.395300 0.000000 1.000000 2
0 2.604700 0.100000 -9.395300 0.000000 0.976275 2
0 3.395300 0.000000 -9.395300 1.000000 1.000000 2
0 3.395300 0.100000 -9.395300 1.000000 0.976275 2
0 3.395300 0.000000 -8.604700 0.000000 1.000000 2
0 2.604700 0.000000 -9.395300 0.000000 0.000000 2
0 3.395300 0.000000 -9.395300 1.000000 0.000000 2
0 2.604700 0.000000 -8.604700 0.000000 1.000000 2
0 3.295000 4.215000 -8.705000 0.873134 0.873135 2
0 3.295000 4.215000 -9.295000 0.873134 0.126866 2
0 2.705000 4.215000 -8.705000 0.126865 0.873135 2
0 3.395300 0.000000 -8.604700 1.000000 1.000000 2
0 3.395300 0.100000 -8.604700 1.000000 0.976275 2
0 2.604700 0.100000 -8.604700 0.000000 0.976275 2
0 2.604700 0.000000 -9.395300 1.000000 1.000000 2
0 3.395300 0.100000 -8.604700 1.000000 1.000000 2
0 3.252992 0.200000 -8.747008 0.820000 0.820000 2
0 2.604700 0.100000 -8.604700 0.000000 1.000000 2
0 3.395300 0.100000 -9.395300 1.000000 0.000000 2
0 3.252992 0.200000 -9.252992 0.820000 0.180000 2
0 2.747008 0.200000 -9.252992 0.180000 0.180000 2
0 2.604700 0.100000 -9.395300 0.000000 0.000000 2
0 2.747008 0.200000 -8.747008 0.180000 0.820000 2
0 2.705000 4.215000 -8.705000 0.126865 0.000000 2
0 2.705000 3.900000 -8.705000 0.126865 0.074733 2
0 3.295000 4.215000 -8.705000 0.873134 0.000000 2
0 3.295000 4.215000 -8.705000 0.126865 0.000000 2
0 3.295000 3.900000 -8.705000 0.126865 0.074733 2
0 3.295000 4.215000 -9.295000 0.873134 0.000000 2
0 3.295000 3.900000 -9.295000 0.873134 0.074733 2
0 2.705000 4.215000 -9.295000 0.126865 0.000000 2
0 2.811200 3.750000 -8.811200 0.261194 0.110320 2
0 3.295000 3.900000 -8.705000 0.873134 0.074733 2
0 2.705000 4.215000 -9.295000 0.873134 0.000000 2
0 2.705000 3.900000 -9.295000 0.873134 0.074733 2
0 2.747008 1.400000 -8.747008 0.180000 0.667853 2
0 2.747008 1.400000 -9.252992 0.820000 0.667853 2
0 2.747008 0.200000 -9.252992 0.820000 0.952550 2
0 2.811200 3.750000 -9.188800 0.738806 0.110320 2
0 3.188800 3.750000 -8.811200 0.261194 0.110320 2
0 3.188800 3.750000 -9.188800 0.738806 0.110320 2
0 2.705000 3.900000 -9.295000 0.126865 0.074733 2
0 3.188800 1.500000 -9.188800 0.738806 0.644128 2
0 2.811200 3.750000 -9.188800 0.261194 0.110320 2
0 2.811200 1.500000 -8.811200 0.261194 0.644128 2
0 3.188800 3.750000 -8.811200 0.738806 0.110320 2
0 3.188800 1.500000 -8.811200 0.261194 0.644128 2
0 3.252992 0.200000 -8.747008 0.820000 0.952550 2
0 3.252992 1.400000 -8.747008 0.820000 0.667853 2
0 2.747008 0.200000 -8.747008 0.180000 0.952550 2
0 2.811200 1.500000 -9.188800 0.738806 0.644128 2
0 3.188800 1.500000 -8.811200 0.738806 0.644128 2
0 3.252992 1.400000 -9.252992 0.820000 0.667853 2
0 2.811200 1.500000 -9.188800 0.261194 0.644128 2
0 3.252992 1.400000 -8.747008 0.180000 0.667853 2
0 3.252992 0.200000 -9.252992 0.820000 0.952550 2
0 3.252992 0.200000 -8.747008 0.180000 0.952550 2
0 2.747008 0.200000 -9.252992 0.180000 0.952550 2
0 2.747008 1.400000 -9.252992 0.180000 0.667853 2
0 3.395300 0.100000 -8.604700 0.000000 0.976275 2
0 2.705000 4.215000 -9.295000 0.126865 0.126866 2
0 2.604700 0.100000 -9.395300 1.000000 0.976275 2
43
0.000000 0.000000 -1.000000
0.447214 0.000000 -0.894427
0.894427 0.000000 -0.447214
1.000000 0.000000 0.000000
0.000000 -1.000000 0.000000
-0.333333 -0.666667 0.666667
0.000000 1.000000 0.000000
0.000000 -0.707107 0.707107
0.000000 0.000000 1.000000
-0.894427 0.000000 0.447214
-1.000000 0.000000 0.000000
0.414991 0.885849 0.207495
0.207496 0.885849 0.414991
-0.314649 0.895540 0.314648
0.314649 0.895540 -0.314648
0.314649 0.895540 -0.314648
-0.414991 0.885849 -0.207495
-0.207496 0.885849 -0.414991
-0.622784 -0.410135 0.666280
0.979591 -0.200999 0.000000
0.622784 -0.410135 -0.666280
-0.666281 -0.410135 0.622783
0.000000 -0.401998 0.915641
-0.979591 -0.200999 0.000000
-0.671633 0.383048 0.634179
-0.927620 0.373526 0.000000
-0.915641 -0.401997 0.000000
0.915641 -0.401997 0.000000
0.666281 -0.410135 -0.622783
0.000000 -0.401998 -0.915641
0.634179 0.383048 -0.671633
0.000000 -0.200999 -0.979591
-0.634179 0.383048 0.671633
0.000000 -0.200999 0.979591
0.982405 0.186763 0.000000
0.000000 0.186763 0.982405
-0.447214 0.000000 0.894427
-0.982405 0.186763 0.000000
0.000000 0.373526 0.927620
0.671633 0.383048 -0.634179
0.000000 0.373526 -0.927620
0.927620 0.373526 0.000000
0.000000 0.186763 -0.982405
60
0 0 1 2 0 0 1 0
0 2 3 4 1 2 3 0
0 5 6 7 4 4 5 0
0 8 9 10 6 6 6 0
0 11 12 7 7 8 5 0
0 7 13 14 5 9 10 0
0 15 16 17 11 12 13 0
0 18 19 15 14 15 11 0
0 20 19 21 16 15 17 0
0 22 20 17 13 16 13 0
0 23 24 25 9 18 8 0
0 26 27 28 3 19 2 0
0 28 29 30 2 20 0 0
0 24 31 32 18 21 22 0
0 33 34 23 10 23 9 0
0 35 36 37 24 25 10 0
0 34 38 24 23 26 18 0
0 27 39 29 19 27 20 0
0 29 40 41 20 28 29 0
0 40 42 43 28 30 31 0
0 31 44 45 21 32 33 0
0 39 46 40 27 34 28 0
0 47 48 49 8 35 36 0
0 38 50 31 26 37 21 0
0 44 35 51 32 24 38 0
0 42 52 53 30 39 40 0
0 46 54 42 34 41 30 0
0 55 52 56 1 39 3 0
0 49 35 37 36 24 10 0
0 57 58 55 0 42 1 0
0 6 11 7 4 7 5 0
0 50 36 44 37 25 32 0
0 12 13 7 8 9 5 0
0 3 59 4 2 3 3 0
0 9 60 10 6 6 6 0
0 13 61 14 9 10 10 0
0 16 22 17 12 13 13 0
0 1 3 2 0 2 1 0
0 19 18 21 15 14 17 0
0 20 21 17 16 17 13 0
0 19 16 15 15 12 11 0
0 27 29 28 19 20 2 0
0 29 41 30 20 29 0 0
0 24 32 25 18 22 8 0
0 31 45 32 21 33 22 0
0 39 40 29 27 28 20 0
0 34 24 23 23 18 9 0
0 38 31 24 26 21 18 0
0 44 51 45 32 38 33 0
0 40 43 41 28 31 29 0
0 42 53 43 30 40 31 0
0 50 44 31 37 32 21 0
0 46 42 40 34 30 28 0
0 48 35 49 35 24 36 0
0 54 52 42 41 39 30 0
0 35 48 51 24 35 38 0
0 52 58 53 39 42 40 0
0 58 52 55 42 39 1 0
0 36 35 44 25 24 32 0
0 52 54 56 39 41 3 0
"Mesh_vanessa_Layer2_Material73" 0 73
62
0 3.395300 0.000000 -12.395300 1.000000 1.000000 2
0 3.395300 0.100000 -12.395300 1.000000 0.976275 2
0 3.395300 0.000000 -11.604700 0.000000 1.000000 2
0 2.604700 0.000000 -11.604700 0.000000 1.000000 2
0 2.604700 0.100000 -11.604700 0.000000 0.976275 2
0 2.604700 0.000000 -12.395300 1.000000 1.000000 2
0 3.295000 4.215000 -11.705000 0.873134 0.873135 2
0 3.295000 4.215000 -12.295000 0.873134 0.126866 2
0 2.705000 4.215000 -11.705000 0.126865 0.873135 2
0 3.395300 0.000000 -11.604700 1.000000 1.000000 2
0 3.395300 0.100000 -11.604700 1.000000 0.976275 2
0 2.604700 0.000000 -12.395300 0.000000 1.000000 2
0 2.604700 0.100000 -12.395300 0.000000 0.976275 2
0 2.747008 0.200000 -12.252992 0.180000 0.180000 2
0 3.252992 0.200000 -12.252992 0.820000 0.180000 2
0 2.604700 0.100000 -12.395300 0.000000 0.000000 2
0 3.395300 0.100000 -11.604700 1.000000 1.000000 2
0 3.252992 0.200000 -11.747008 0.820000 0.820000 2
0 2.604700 0.100000 -11.604700 0.000000 1.000000 2
0 3.395300 0.100000 -12.395300 1.000000 0.000000 2
0 3.295000 4.215000 -11.705000 0.126865 0.000000 2
0 3.295000 3.900000 -11.705000 0.126865 0.074733 2
0 3.295000 4.215000 -12.295000 0.873134 0.000000 2
0 2.747008 0.200000 -11.747008 0.180000 0.820000 2
0 2.705000 4.215000 -11.705000 0.126865 0.000000 2
0 2.705000 3.900000 -11.705000 0.126865 0.074733 2
0 3.295000 4.215000 -11.705000 0.873134 0.000000 2
0 3.188800 3.750000 -11.811200 0.261194 0.110320 2
0 3.295000 3.900000 -12.295000 0.873134 0.074733 2
0 2.705000 4.215000 -12.295000 0.126865 0.000000 2
0 2.705000 4.215000 -12.295000 0.873134 0.000000 2
0 2.705000 3.900000 -12.295000 0.873134 0.074733 2
0 2.811200 3.750000 -11.811200 0.261194 0.110320 2
0 2.811200 1.500000 -11.811200 0.261194 0.644128 2
0 3.188800 3.750000 -11.811200 0.738806 0.110320 2
0 3.188800 3.750000 -12.188800 0.738806 0.110320 2
0 2.705000 3.900000 -12.295000 0.126865 0.074733 2
0 2.811200 3.750000 -12.188800 0.738806 0.110320 2
0 2.811200 1.500000 -12.188800 0.738806 0.644128 2
0 3.188800 1.500000 -11.811200 0.261194 0.644128 2
0 3.188800 1.500000 -12.188800 0.738806 0.644128 2
0 2.811200 3.750000 -12.188800 0.261194 0.110320 2
0 3.252992 1.400000 -11.747008 0.180000 0.667853 2
0 2.747008 1.400000 -11.747008 0.180000 0.667853 2
0 3.188800 1.500000 -11.811200 0.738806 0.644128 2
0 3.252992 0.200000 -11.747008 0.820000 0.952550 2
0 3.252992 1.400000 -11.747008 0.820000 0.667853 2
0 2.747008 0.200000 -11.747008 0.180000 0.952550 2
0 2.747008 0.200000 -12.252992 0.180000 0.952550 2
0 2.747008 1.400000 -12.252992 0.180000 0.667853 2
0 3.252992 0.200000 -12.252992 0.820000 0.952550 2
0 3.252992 1.400000 -12.252992 0.820000 0.667853 2
0 3.252992 0.200000 -11.747008 0.180000 0.952550 2
0 2.811200 1.500000 -12.188800 0.261194 0.644128 2
0 2.604700 0.000000 -12.395300 0.000000 0.000000 2
0 3.395300 0.000000 -12.395300 1.000000 0.000000 2
0 2.747008 1.400000 -12.252992 0.820000 0.667853 2
0 2.747008 0.200000 -12.252992 0.820000 0.952550 2
0 3.295000 3.900000 -11.705000 0.873134 0.074733 2
0 2.604700 0.100000 -12.395300 1.000000 0.976275 2
0 3.395300 0.100000 -11.604700 0.000000 0.976275 2
0 2.705000 4.215000 -12.295000 0.126865 0.126866 2
43
0.447214 0.000000 -0.894427
0.894427 0.000000 -0.447214
1.000000 0.000000 0.000000
-0.333333 -0.666667 0.666667
-0.894427 0.000000 0.447214
-1.000000 0.000000 0.000000
0.000000 1.000000 0.000000
0.000000 -0.707107 0.707107
0.000000 0.000000 1.000000
0.000000 0.000000 -1.000000
-0.414991 0.885849 -0.207495
0.314649 0.895540 -0.314648
-0.207496 0.885849 -0.414991
0.414991 0.885849 0.207495
0.207496 0.885849 0.414991
-0.314649 0.895540 0.314648
0.314649 0.895540 -0.314648
0.979591 -0.200999 0.000000
-0.622784 -0.410135 0.666280
0.915641 -0.401997 0.000000
0.622784 -0.410135 -0.666280
-0.979591 -0.200999 0.000000
-0.666281 -0.410135 0.622783
-0.634179 0.383048 0.671633
0.000000 -0.200999 0.979591
0.666281 -0.410135 -0.622783
0.000000 -0.401998 -0.915641
-0.915641 -0.401997 0.000000
-0.982405 0.186763 0.000000
0.982405 0.186763 0.000000
0.634179 0.383048 -0.671633
0.000000 -0.200999 -0.979591
0.927620 0.373526 0.000000
-0.671633 0.383048 0.634179
0.000000 0.373526 0.927620
0.000000 0.186763 0.982405
-0.447214 0.000000 0.894427
0.000000 0.186763 -0.982405
0.671633 0.383048 -0.634179
0.000000 0.373526 -0.927620
0.000000 -1.000000 0.000000
-0.927620 0.373526 0.000000
0.000000 -0.401998 0.915641
60
0 0 1 2 0 1 2 0
0 3 4 5 3 4 5 0
0 6 7 8 6 6 6 0
0 9 10 3 7 8 3 0
0 11 12 0 9 9 0 0
0 13 14 15 10 11 12 0
0 16 17 18 13 14 15 0
0 19 14 16 16 11 13 0
0 20 21 22 2 17 1 0
0 23 13 18 15 10 15 0
0 24 25 26 4 18 8 0
0 21 27 28 17 19 20 0
0 22 28 29 1 20 9 0
0 30 31 24 5 21 4 0
0 32 33 34 22 23 24 0
0 28 35 36 20 25 26 0
0 31 37 25 21 27 18 0
0 37 38 32 27 28 22 0
0 27 39 35 19 29 25 0
0 35 40 41 25 30 31 0
0 39 42 40 29 32 30 0
0 33 43 44 23 33 34 0
0 45 46 47 8 35 36 0
0 48 49 50 9 37 0 0
0 50 51 52 0 38 2 0
0 40 51 53 30 38 39 0
0 54 55 3 40 40 3 0
0 38 56 33 28 41 23 0
0 47 43 57 36 33 5 0
0 25 32 58 18 22 42 0
0 43 56 57 33 41 5 0
0 56 43 33 41 33 23 0
0 49 51 50 37 38 0 0
0 51 49 53 38 37 39 0
0 51 42 52 38 32 2 0
0 42 51 40 32 38 30 0
0 46 43 47 35 33 36 0
0 43 46 44 33 35 34 0
0 38 33 32 28 23 22 0
0 40 53 41 30 39 31 0
0 39 40 35 29 30 25 0
0 33 44 34 23 34 24 0
0 37 32 25 27 22 18 0
0 35 41 36 25 31 26 0
0 27 35 28 19 25 20 0
0 32 34 58 22 24 42 0
0 31 25 24 21 18 4 0
0 28 36 29 20 26 9 0
0 21 28 22 17 20 1 0
0 25 58 26 18 42 8 0
0 13 15 18 10 12 15 0
0 14 19 15 11 16 12 0
0 14 17 16 11 14 13 0
0 17 23 18 14 15 15 0
0 4 59 5 4 5 5 0
0 12 1 0 9 1 0 0
0 1 60 2 1 2 2 0
0 10 4 3 8 4 3 0
0 7 61 8 6 6 6 0
0 55 9 3 40 7 3 0
"Mesh_vanessa_Layer2_Material74" 0 74
62
0 2.604700 0.000000 -15.395300 0.000000 0.000000 2
0 3.395300 0.000000 -15.395300 1.000000 0.000000 2
0 2.604700 0.000000 -14.604700 0.000000 1.000000 2
0 2.747008 1.400000 -14.747008 0.180000 0.667853 2
0 2.747008 1.400000 -15.252992 0.820000 0.667853 2
0 2.747008 0.200000 -15.252992 0.820000 0.952550 2
0 2.811200 1.500000 -14.811200 0.261194 0.644128 2
0 2.747008 1.400000 -15.252992 0.180000 0.667853 2
0 3.252992 1.400000 -15.252992 0.820000 0.667853 2
0 3.252992 0.200000 -15.252992 0.820000 0.952550 2
0 2.811200 1.500000 -15.188800 0.261194 0.644128 2
0 3.252992 1.400000 -14.747008 0.180000 0.667853 2
0 3.252992 0.200000 -14.747008 0.180000 0.952550 2
0 3.188800 1.500000 -15.188800 0.738806 0.644128 2
0 3.252992 1.400000 -14.747008 0.820000 0.667853 2
0 2.747008 0.200000 -14.747008 0.180000 0.952550 2
0 3.188800 1.500000 -14.811200 0.738806 0.644128 2
0 2.811200 1.500000 -15.188800 0.738806 0.644128 2
0 2.811200 3.750000 -14.811200 0.261194 0.110320 2
0 2.811200 3.750000 -15.188800 0.261194 0.110320 2
0 3.188800 1.500000 -14.811200 0.261194 0.644128 2
0 3.188800 3.750000 -15.188800 0.738806 0.110320 2
0 3.188800 3.750000 -14.811200 0.738806 0.110320 2
0 2.811200 3.750000 -15.188800 0.738806 0.110320 2
0 2.705000 3.900000 -14.705000 0.126865 0.074733 2
0 3.395300 0.000000 -14.604700 1.000000 1.000000 2
0 3.295000 3.900000 -14.705000 0.873134 0.074733 2
0 2.705000 3.900000 -15.295000 0.873134 0.074733 2
0 2.705000 4.215000 -14.705000 0.126865 0.000000 2
0 3.295000 3.900000 -15.295000 0.873134 0.074733 2
0 2.705000 3.900000 -15.295000 0.126865 0.074733 2
0 2.705000 4.215000 -15.295000 0.126865 0.000000 2
0 3.295000 3.900000 -14.705000 0.126865 0.074733 2
0 3.295000 4.215000 -15.295000 0.873134 0.000000 2
0 3.295000 4.215000 -14.705000 0.873134 0.000000 2
0 2.747008 0.200000 -15.252992 0.180000 0.180000 2
0 2.604700 0.100000 -15.395300 0.000000 0.000000 2
0 2.604700 0.100000 -14.604700 0.000000 1.000000 2
0 3.252992 0.200000 -15.252992 0.820000 0.180000 2
0 3.395300 0.100000 -15.395300 1.000000 0.000000 2
0 3.252992 0.200000 -14.747008 0.820000 0.820000 2
0 3.395300 0.100000 -14.604700 1.000000 1.000000 2
0 2.747008 0.200000 -14.747008 0.180000 0.820000 2
0 2.604700 0.100000 -14.604700 0.000000 0.976275 2
0 2.604700 0.100000 -15.395300 1.000000 0.976275 2
0 2.604700 0.000000 -15.395300 1.000000 1.000000 2
0 2.604700 0.100000 -15.395300 0.000000 0.976275 2
0 3.395300 0.100000 -15.395300 1.000000 0.976275 2
0 3.395300 0.000000 -15.395300 1.000000 1.000000 2
0 3.395300 0.100000 -14.604700 0.000000 0.976275 2
0 3.395300 0.000000 -14.604700 0.000000 1.000000 2
0 3.395300 0.100000 -14.604700 1.000000 0.976275 2
0 3.295000 4.215000 -15.295000 0.873134 0.126866 2
0 2.705000 4.215000 -15.295000 0.126865 0.126866 2
0 2.705000 4.215000 -14.705000 0.126865 0.873135 2
0 3.295000 4.215000 -14.705000 0.873134 0.873135 2
0 2.604700 0.000000 -15.395300 0.000000 1.000000 2
0 3.295000 4.215000 -14.705000 0.126865 0.000000 2
0 2.705000 4.215000 -15.295000 0.873134 0.000000 2
0 3.188800 3.750000 -14.811200 0.261194 0.110320 2
0 3.252992 0.200000 -14.747008 0.820000 0.952550 2
0 2.747008 0.200000 -15.252992 0.180000 0.952550 2
43
0.000000 -1.000000 0.000000
-0.333333 -0.666667 0.666667
-0.671633 0.383048 0.634179
-0.927620 0.373526 0.000000
-1.000000 0.000000 0.000000
-0.634179 0.383048 0.671633
0.000000 0.186763 -0.982405
0.671633 0.383048 -0.634179
0.447214 0.000000 -0.894427
0.000000 0.373526 -0.927620
0.927620 0.373526 0.000000
1.000000 0.000000 0.000000
0.634179 0.383048 -0.671633
0.000000 0.186763 0.982405
-0.447214 0.000000 0.894427
0.000000 0.373526 0.927620
-0.982405 0.186763 0.000000
-0.666281 -0.410135 0.622783
0.000000 -0.200999 -0.979591
0.982405 0.186763 0.000000
0.666281 -0.410135 -0.622783
0.000000 -0.200999 0.979591
-0.915641 -0.401997 0.000000
-0.622784 -0.410135 0.666280
0.000000 -0.707107 0.707107
0.000000 -0.401998 0.915641
-0.979591 -0.200999 0.000000
-0.894427 0.000000 0.447214
0.622784 -0.410135 -0.666280
0.000000 -0.401998 -0.915641
0.000000 0.000000 -1.000000
0.979591 -0.200999 0.000000
0.894427 0.000000 -0.447214
0.000000 0.000000 1.000000
-0.414991 0.885849 -0.207495
-0.207496 0.885849 -0.414991
-0.314649 0.895540 0.314648
0.314649 0.895540 -0.314648
0.314649 0.895540 -0.314648
0.207496 0.885849 0.414991
0.414991 0.885849 0.207495
0.000000 1.000000 0.000000
0.915641 -0.401997 0.000000
60
0 0 1 2 0 0 1 0
0 3 4 5 2 3 4 0
0 4 3 6 3 2 5 0
0 7 8 9 6 7 8 0
0 8 7 10 7 6 9 0
0 8 11 12 7 10 11 0
0 11 8 13 10 7 12 0
0 14 3 15 13 2 14 0
0 3 14 16 2 13 15 0
0 17 6 18 16 5 17 0
0 13 10 19 12 9 18 0
0 20 13 21 19 12 20 0
0 6 16 22 5 15 21 0
0 23 18 24 22 17 23 0
0 1 25 2 0 24 1 0
0 15 3 5 14 2 4 0
0 18 22 26 17 21 25 0
0 27 24 28 26 23 27 0
0 29 30 31 28 29 30 0
0 32 29 33 31 28 32 0
0 24 26 34 23 25 33 0
0 35 36 37 34 35 36 0
0 38 39 36 37 38 35 0
0 38 40 41 37 39 40 0
0 40 42 37 39 36 36 0
0 43 44 45 27 4 4 0
0 46 47 48 30 32 8 0
0 47 49 50 32 11 11 0
0 51 43 2 33 27 1 0
0 52 53 54 41 41 41 0
0 55 52 54 41 41 41 0
0 25 51 2 24 33 1 0
0 48 47 50 8 32 11 0
0 56 46 48 30 30 8 0
0 2 43 45 1 27 4 0
0 41 40 37 40 39 36 0
0 39 38 41 38 37 40 0
0 35 38 36 34 37 35 0
0 42 35 37 36 34 36 0
0 28 24 34 27 23 33 0
0 57 32 33 11 31 32 0
0 33 29 31 32 28 30 0
0 58 27 28 4 26 27 0
0 24 18 26 23 17 25 0
0 32 59 29 31 42 28 0
0 29 21 30 28 20 29 0
0 27 23 24 26 22 23 0
0 18 6 22 17 5 21 0
0 59 20 21 42 19 20 0
0 21 13 19 20 12 18 0
0 23 17 18 22 16 17 0
0 6 3 16 5 2 15 0
0 60 14 15 33 13 14 0
0 20 11 13 19 10 12 0
0 9 8 12 8 7 11 0
0 13 8 10 12 7 9 0
0 61 7 9 30 6 8 0
0 17 4 6 16 3 5 0
0 21 19 30 20 18 29 0
0 59 21 29 42 20 28 0
"Mesh_vanessa_Layer2_Material75" 0 75
70
0 3.188800 3.750000 -17.811199 0.261193 0.110320 2
0 3.188800 3.750000 -18.188801 0.738807 0.110320 2
0 3.295000 3.900000 -18.295000 0.873134 0.074733 2
0 3.395300 0.000000 -18.395300 1.000000 0.000000 2
0 3.395300 0.000000 -17.604700 1.000000 1.000000 2
0 2.604700 0.000000 -17.604700 0.000000 1.000000 2
0 3.395300 0.100000 -17.604700 1.000000 0.976275 2
0 3.395300 0.000000 -18.395300 1.000000 1.000000 2
0 3.395300 0.100000 -18.395300 1.000000 0.976275 2
0 3.395300 0.000000 -17.604700 0.000000 1.000000 2
0 2.604700 0.000000 -18.395300 0.000000 1.000000 2
0 2.604700 0.100000 -18.395300 0.000000 0.976275 2
0 2.604700 0.100000 -17.604700 0.000000 0.976275 2
0 2.604700 0.000000 -18.395300 1.000000 1.000000 2
0 3.395300 0.100000 -17.604700 1.000000 1.000000 2
0 3.252992 0.200000 -17.747007 0.820000 0.820001 2
0 2.604700 0.100000 -17.604700 0.000000 1.000000 2
0 3.395300 0.100000 -18.395300 1.000000 0.000000 2
0 3.252992 0.200000 -18.252993 0.820000 0.179999 2
0 2.747008 0.200000 -18.252993 0.180000 0.179999 2
0 2.604700 0.100000 -18.395300 0.000000 0.000000 2
0 2.747008 0.200000 -17.747007 0.180000 0.820001 2
0 2.705000 4.215000 -17.705000 0.126865 0.000000 2
0 2.705000 3.900000 -17.705000 0.126865 0.074733 2
0 3.295000 4.215000 -17.705000 0.873134 0.000000 2
0 3.295000 4.215000 -17.705000 0.126865 0.000000 2
0 3.295000 3.900000 -17.705000 0.126865 0.074733 2
0 3.295000 4.215000 -18.295000 0.873134 0.000000 2
0 2.705000 4.215000 -18.295000 0.126865 0.000000 2
0 2.705000 4.215000 -18.295000 0.873134 0.000000 2
0 2.705000 3.900000 -18.295000 0.873134 0.074733 2
0 2.811200 3.750000 -17.811199 0.261194 0.110320 2
0 3.295000 3.900000 -17.705000 0.873134 0.074733 2
0 3.188800 3.750000 -18.188801 0.738806 0.110320 2
0 2.705000 3.900000 -18.295000 0.126865 0.074733 2
0 2.811200 3.750000 -18.188801 0.738807 0.110320 2
0 2.811200 1.500000 -17.811199 0.261194 0.644128 2
0 3.188800 3.750000 -17.811199 0.738806 0.110320 2
0 3.188800 1.500000 -17.811199 0.261193 0.644128 2
0 3.188800 1.500000 -18.188801 0.738806 0.644128 2
0 2.811200 3.750000 -18.188801 0.261194 0.110320 2
0 2.811200 1.500000 -18.188801 0.738807 0.644128 2
0 2.811200 3.750000 -17.811199 0.261193 0.110320 2
0 2.747008 1.400000 -17.747007 0.180000 0.667853 2
0 3.188800 1.500000 -17.811199 0.738806 0.644128 2
0 3.252992 0.200000 -17.747007 0.820000 0.952550 2
0 3.252992 1.400000 -17.747007 0.820000 0.667853 2
0 2.747008 0.200000 -17.747007 0.180000 0.952550 2
0 3.252992 1.400000 -17.747007 0.179999 0.667853 2
0 3.188800 1.500000 -18.188801 0.738807 0.644128 2
0 3.252992 0.200000 -18.252993 0.820001 0.952550 2
0 3.252992 1.400000 -18.252993 0.820001 0.667853 2
0 3.252992 0.200000 -17.747007 0.179999 0.952550 2
0 3.252992 1.400000 -18.252993 0.820000 0.667853 2
0 2.811200 1.500000 -18.188801 0.261194 0.644128 2
0 2.747008 0.200000 -18.252993 0.180000 0.952550 2
0 2.747008 1.400000 -18.252993 0.180000 0.667853 2
0 3.252992 0.200000 -18.252993 0.820000 0.952550 2
0 2.747008 1.400000 -18.252993 0.820001 0.667853 2
0 2.811200 1.500000 -17.811199 0.261193 0.644128 2
0 2.747008 0.200000 -17.747007 0.179999 0.952550 2
0 2.747008 1.400000 -17.747007 0.179999 0.667853 2
0 2.747008 0.200000 -18.252993 0.820001 0.952550 2
0 2.604700 0.000000 -18.395300 0.000000 0.000000 2
0 3.295000 4.215000 -17.705000 0.873134 0.873135 2
0 3.295000 4.215000 -18.295000 0.873134 0.126866 2
0 2.705000 4.215000 -17.705000 0.126865 0.873135 2
0 2.705000 4.215000 -18.295000 0.126865 0.126866 2
0 2.604700 0.100000 -18.395300 1.000000 0.976275 2
0 3.395300 0.100000 -17.604700 0.000000 0.976275 2
38
0.915641 -0.401997 0.000000
0.979591 -0.200999 0.000000
0.622784 -0.410134 -0.666281
0.000000 -1.000000 0.000000
0.000000 -0.707107 0.707107
-0.333333 -0.666667 0.666667
0.000000 0.000000 1.000000
0.447214 0.000000 -0.894427
0.894427 0.000000 -0.447214
1.000000 0.000000 0.000000
0.000000 0.000000 -1.000000
-0.894427 0.000000 0.447214
-1.000000 0.000000 0.000000
0.414991 0.885848 0.207496
0.207496 0.885848 0.414993
-0.314649 0.895540 0.314650
0.314649 0.895540 -0.314650
0.314649 0.895540 -0.314650
-0.414991 0.885848 -0.207496
-0.207496 0.885848 -0.414993
-0.622784 -0.410134 0.666281
-0.979591 -0.200999 0.000000
0.000000 -0.401995 0.915642
0.000000 -0.401995 -0.915642
-0.915641 -0.401997 0.000000
0.000000 0.186763 0.982405
0.000000 -0.200998 0.979592
0.982405 0.186763 0.000000
0.000000 0.186763 -0.982405
0.000000 -0.200998 -0.979592
-0.982405 0.186763 0.000000
0.000000 0.373526 0.927620
0.000000 0.186763 0.982405
0.927620 0.373526 0.000000
0.000000 0.373526 -0.927620
0.000000 0.186763 -0.982405
-0.927620 0.373526 0.000000
0.000000 1.000000 0.000000
60
0 0 1 2 0 1 2 0
0 3 4 5 3 4 5 0
0 4 6 5 4 6 5 0
0 7 8 9 7 8 9 0
0 10 11 7 10 10 7 0
0 5 12 13 5 11 12 0
0 14 15 16 13 14 15 0
0 17 18 14 16 17 13 0
0 19 18 20 18 17 19 0
0 21 19 16 15 18 15 0
0 22 23 24 11 20 6 0
0 25 26 27 9 1 8 0
0 27 2 28 8 2 10 0
0 29 30 22 12 21 11 0
0 23 31 32 20 22 22 0
0 26 0 2 1 0 2 0
0 2 33 34 2 23 23 0
0 30 35 23 21 24 20 0
0 31 36 37 22 25 26 0
0 0 38 1 0 27 1 0
0 33 39 40 23 28 29 0
0 35 41 42 24 30 21 0
0 36 43 44 25 31 31 0
0 45 46 47 6 32 6 0
0 38 48 49 27 33 33 0
0 50 51 52 9 27 9 0
0 39 53 54 28 34 34 0
0 55 56 57 10 35 10 0
0 41 58 59 30 36 36 0
0 60 61 62 12 30 12 0
0 63 3 5 3 3 5 0
0 64 65 66 37 37 37 0
0 31 37 32 22 26 22 0
0 33 40 34 23 29 23 0
0 61 58 62 30 36 12 0
0 58 61 59 36 30 36 0
0 56 53 57 35 34 10 0
0 53 56 54 34 35 34 0
0 51 48 52 27 33 9 0
0 48 51 49 33 27 33 0
0 46 43 47 32 31 6 0
0 43 46 44 31 32 31 0
0 41 59 42 30 36 21 0
0 39 54 40 28 34 29 0
0 38 49 1 27 33 1 0
0 36 44 37 25 31 26 0
0 35 42 23 24 21 20 0
0 65 67 66 37 37 37 0
0 30 23 22 21 20 11 0
0 2 34 28 2 23 10 0
0 26 2 27 1 2 8 0
0 23 32 24 20 22 6 0
0 19 20 16 18 19 15 0
0 18 17 20 17 16 19 0
0 18 15 14 17 14 13 0
0 15 21 16 14 15 15 0
0 12 68 13 11 12 12 0
0 11 8 7 10 8 7 0
0 8 69 9 8 9 9 0
0 6 12 5 6 11 5 0
"Mesh_vanessa_Layer2_Material76" 0 76
70
0 2.604700 0.000000 -21.395300 0.000000 0.000000 2
0 3.395300 0.000000 -21.395300 1.000000 0.000000 2
0 2.604700 0.000000 -20.604700 0.000000 1.000000 2
0 2.747008 1.400000 -21.252993 0.820001 0.667853 2
0 2.747008 1.400000 -20.747007 0.179999 0.667853 2
0 2.811200 1.500000 -20.811199 0.261193 0.644128 2
0 3.252992 1.400000 -21.252993 0.820001 0.667853 2
0 3.252992 1.400000 -20.747007 0.179999 0.667853 2
0 3.252992 0.200000 -20.747007 0.179999 0.952550 2
0 3.188800 1.500000 -21.188801 0.738807 0.644128 2
0 3.252992 1.400000 -21.252993 0.820000 0.667853 2
0 2.747008 1.400000 -21.252993 0.180000 0.667853 2
0 2.811200 1.500000 -21.188801 0.261194 0.644128 2
0 2.747008 1.400000 -20.747007 0.180000 0.667853 2
0 3.252992 1.400000 -20.747007 0.820000 0.667853 2
0 3.188800 1.500000 -20.811199 0.738806 0.644128 2
0 2.811200 1.500000 -21.188801 0.738807 0.644128 2
0 2.811200 3.750000 -20.811199 0.261193 0.110320 2
0 2.747008 0.200000 -20.747007 0.180000 0.952550 2
0 3.188800 1.500000 -20.811199 0.261193 0.644128 2
0 3.188800 3.750000 -21.188801 0.738807 0.110320 2
0 2.811200 1.500000 -20.811199 0.261194 0.644128 2
0 3.188800 3.750000 -20.811199 0.738806 0.110320 2
0 3.188800 1.500000 -21.188801 0.738806 0.644128 2
0 2.811200 3.750000 -21.188801 0.261194 0.110320 2
0 3.188800 3.750000 -21.188801 0.738806 0.110320 2
0 2.705000 3.900000 -21.295000 0.126865 0.074733 2
0 3.188800 3.750000 -20.811199 0.261193 0.110320 2
0 3.295000 3.900000 -21.295000 0.873134 0.074733 2
0 2.811200 3.750000 -21.188801 0.738807 0.110320 2
0 2.705000 3.900000 -20.705000 0.126865 0.074733 2
0 2.705000 3.900000 -21.295000 0.873134 0.074733 2
0 2.705000 4.215000 -20.705000 0.126865 0.000000 2
0 2.705000 4.215000 -21.295000 0.126865 0.000000 2
0 2.811200 3.750000 -20.811199 0.261194 0.110320 2
0 3.295000 3.900000 -20.705000 0.873134 0.074733 2
0 3.295000 4.215000 -20.705000 0.873134 0.000000 2
0 2.747008 0.200000 -21.252993 0.180000 0.179999 2
0 2.604700 0.100000 -21.395300 0.000000 0.000000 2
0 2.604700 0.100000 -20.604700 0.000000 1.000000 2
0 3.295000 3.900000 -20.705000 0.126865 0.074733 2
0 3.295000 4.215000 -21.295000 0.873134 0.000000 2
0 3.252992 0.200000 -21.252993 0.820000 0.179999 2
0 3.252992 0.200000 -20.747007 0.820000 0.820001 2
0 3.395300 0.100000 -20.604700 1.000000 1.000000 2
0 2.747008 0.200000 -20.747007 0.180000 0.820001 2
0 3.395300 0.100000 -21.395300 1.000000 0.000000 2
0 2.604700 0.100000 -21.395300 0.000000 0.976275 2
0 3.395300 0.100000 -21.395300 1.000000 0.976275 2
0 3.395300 0.000000 -21.395300 1.000000 1.000000 2
0 3.395300 0.100000 -20.604700 0.000000 0.976275 2
0 3.395300 0.000000 -20.604700 0.000000 1.000000 2
0 2.604700 0.100000 -20.604700 0.000000 0.976275 2
0 2.604700 0.100000 -21.395300 1.000000 0.976275 2
0 2.604700 0.000000 -21.395300 1.000000 1.000000 2
0 3.295000 4.215000 -21.295000 0.873134 0.126866 2
0 2.705000 4.215000 -21.295000 0.126865 0.126866 2
0 2.705000 4.215000 -20.705000 0.126865 0.873135 2
0 3.395300 0.000000 -20.604700 1.000000 1.000000 2
0 3.395300 0.100000 -20.604700 1.000000 0.976275 2
0 2.747008 0.200000 -21.252993 0.820001 0.952550 2
0 3.295000 4.215000 -20.705000 0.873134 0.873135 2
0 2.604700 0.000000 -21.395300 0.000000 1.000000 2
0 3.295000 4.215000 -20.705000 0.126865 0.000000 2
0 2.705000 4.215000 -21.295000 0.873134 0.000000 2
0 3.252992 0.200000 -21.252993 0.820000 0.952550 2
0 3.252992 0.200000 -20.747007 0.820000 0.952550 2
0 3.252992 0.200000 -21.252993 0.820001 0.952550 2
0 2.747008 0.200000 -20.747007 0.179999 0.952550 2
0 2.747008 0.200000 -21.252993 0.180000 0.952550 2
38
0.000000 -1.000000 0.000000
-0.333333 -0.666667 0.666667
-0.927620 0.373526 0.000000
-0.982405 0.186763 0.000000
0.982405 0.186763 0.000000
0.927620 0.373526 0.000000
1.000000 0.000000 0.000000
0.000000 0.373526 -0.927620
0.000000 0.186763 -0.982405
0.000000 0.373526 0.927620
0.000000 0.186763 0.982405
-0.979591 -0.200999 0.000000
0.000000 0.000000 1.000000
0.979591 -0.200999 0.000000
0.000000 0.186763 0.982405
0.000000 -0.200998 0.979592
0.000000 0.186763 -0.982405
0.000000 -0.200998 -0.979592
0.000000 -0.401995 -0.915642
0.915641 -0.401997 0.000000
0.622784 -0.410134 -0.666281
-0.915641 -0.401997 0.000000
-0.622784 -0.410134 0.666281
-0.894427 0.000000 0.447214
0.000000 0.000000 -1.000000
0.000000 -0.401995 0.915642
-0.414991 0.885848 -0.207496
-0.207496 0.885848 -0.414993
-0.314649 0.895540 0.314650
0.894427 0.000000 -0.447214
0.314649 0.895540 -0.314650
0.207496 0.885848 0.414993
0.414991 0.885848 0.207496
0.314649 0.895540 -0.314650
0.447214 0.000000 -0.894427
-1.000000 0.000000 0.000000
0.000000 1.000000 0.000000
0.000000 -0.707107 0.707107
60
0 0 1 2 0 0 1 0
0 3 4 5 2 3 2 0
0 6 7 8 4 5 6 0
0 7 6 9 5 4 5 0
0 10 11 12 7 8 7 0
0 13 14 15 9 10 9 0
0 16 5 17 3 2 11 0
0 14 13 18 10 9 12 0
0 19 9 20 4 5 13 0
0 21 15 22 14 9 15 0
0 23 12 24 16 7 17 0
0 25 24 26 18 17 18 0
0 27 20 28 19 13 20 0
0 29 17 30 21 11 22 0
0 31 30 32 11 22 23 0
0 28 26 33 20 18 24 0
0 34 22 35 25 15 25 0
0 30 35 36 22 25 12 0
0 37 38 39 26 27 28 0
0 40 28 41 13 20 29 0
0 42 43 44 30 31 32 0
0 43 45 39 31 28 28 0
0 42 46 38 30 33 27 0
0 47 48 49 24 29 34 0
0 48 50 51 29 6 6 0
0 52 53 54 23 35 35 0
0 55 56 57 36 36 36 0
0 1 58 2 0 37 1 0
0 59 52 2 12 23 1 0
0 58 59 2 37 12 1 0
0 4 3 60 3 2 35 0
0 61 55 57 36 36 36 0
0 49 48 51 34 29 6 0
0 62 47 49 24 24 34 0
0 2 52 54 1 23 35 0
0 44 43 39 32 31 28 0
0 46 42 44 33 30 32 0
0 37 42 38 26 30 27 0
0 45 37 39 28 26 28 0
0 32 30 36 23 22 12 0
0 63 40 41 6 13 29 0
0 41 28 33 29 20 24 0
0 64 31 32 35 11 23 0
0 30 34 35 22 25 25 0
0 11 10 65 8 7 24 0
0 28 25 26 20 18 18 0
0 31 29 30 11 21 22 0
0 34 21 22 25 14 15 0
0 27 19 20 19 4 13 0
0 25 23 24 18 16 17 0
0 29 16 17 21 3 11 0
0 21 13 15 14 9 9 0
0 66 14 18 12 10 12 0
0 19 7 9 4 5 5 0
0 67 6 8 6 4 6 0
0 16 3 5 3 2 2 0
0 68 4 60 35 3 35 0
0 40 27 28 13 19 20 0
0 23 10 12 16 7 7 0
0 69 11 65 24 8 24 0
"Mesh_vanessa_Layer2_Material77" 0 77
70
0 2.747008 1.400000 -23.747007 0.180000 0.667853 2
0 3.252992 1.400000 -23.747007 0.820000 0.667853 2
0 3.188800 1.500000 -23.811199 0.738806 0.644128 2
0 3.252992 1.400000 -23.747007 0.179999 0.667853 2
0 3.252992 1.400000 -24.252993 0.820001 0.667853 2
0 3.188800 1.500000 -24.188801 0.738807 0.644128 2
0 2.747008 0.200000 -23.747007 0.180000 0.952550 2
0 2.811200 1.500000 -24.188801 0.738807 0.644128 2
0 2.811200 1.500000 -23.811199 0.261193 0.644128 2
0 2.811200 3.750000 -23.811199 0.261193 0.110320 2
0 3.188800 1.500000 -24.188801 0.738806 0.644128 2
0 2.811200 1.500000 -24.188801 0.261194 0.644128 2
0 2.811200 3.750000 -24.188801 0.261194 0.110320 2
0 3.188800 1.500000 -23.811199 0.261193 0.644128 2
0 3.188800 3.750000 -24.188801 0.738807 0.110320 2
0 2.811200 1.500000 -23.811199 0.261194 0.644128 2
0 3.188800 3.750000 -23.811199 0.738806 0.110320 2
0 2.811200 3.750000 -24.188801 0.738807 0.110320 2
0 2.705000 3.900000 -23.705000 0.126865 0.074733 2
0 3.188800 3.750000 -24.188801 0.738806 0.110320 2
0 2.705000 3.900000 -24.295000 0.126865 0.074733 2
0 3.188800 3.750000 -23.811199 0.261193 0.110320 2
0 3.295000 3.900000 -24.295000 0.873134 0.074733 2
0 2.811200 3.750000 -23.811199 0.261194 0.110320 2
0 3.295000 3.900000 -23.705000 0.873134 0.074733 2
0 2.705000 3.900000 -24.295000 0.873134 0.074733 2
0 2.705000 4.215000 -23.705000 0.126865 0.000000 2
0 2.747008 1.400000 -24.252993 0.180000 0.667853 2
0 3.252992 1.400000 -24.252993 0.820000 0.667853 2
0 3.252992 0.200000 -24.252993 0.820000 0.952550 2
0 2.705000 4.215000 -24.295000 0.126865 0.000000 2
0 2.604700 0.000000 -24.395300 0.000000 0.000000 2
0 3.395300 0.000000 -24.395300 1.000000 0.000000 2
0 2.604700 0.000000 -23.604700 0.000000 1.000000 2
0 3.295000 3.900000 -23.705000 0.126865 0.074733 2
0 3.295000 4.215000 -24.295000 0.873134 0.000000 2
0 3.295000 4.215000 -23.705000 0.873134 0.000000 2
0 2.747008 0.200000 -24.252993 0.180000 0.179999 2
0 2.604700 0.100000 -24.395300 0.000000 0.000000 2
0 2.604700 0.100000 -23.604700 0.000000 1.000000 2
0 3.252992 0.200000 -24.252993 0.820000 0.179999 2
0 3.395300 0.100000 -24.395300 1.000000 0.000000 2
0 3.252992 0.200000 -23.747007 0.820000 0.820001 2
0 3.395300 0.100000 -23.604700 1.000000 1.000000 2
0 2.747008 0.200000 -23.747007 0.180000 0.820001 2
0 2.604700 0.100000 -23.604700 0.000000 0.976275 2
0 2.604700 0.100000 -24.395300 1.000000 0.976275 2
0 2.604700 0.000000 -24.395300 1.000000 1.000000 2
0 2.604700 0.100000 -24.395300 0.000000 0.976275 2
0 3.395300 0.100000 -24.395300 1.000000 0.976275 2
0 3.395300 0.000000 -24.395300 1.000000 1.000000 2
0 3.395300 0.100000 -23.604700 0.000000 0.976275 2
0 3.395300 0.000000 -23.604700 0.000000 1.000000 2
0 3.395300 0.100000 -23.604700 1.000000 0.976275 2
0 3.295000 4.215000 -24.295000 0.873134 0.126866 2
0 2.705000 4.215000 -24.295000 0.126865 0.126866 2
0 2.705000 4.215000 -23.705000 0.126865 0.873135 2
0 2.747008 0.200000 -23.747007 0.179999 0.952550 2
0 2.747008 1.400000 -23.747007 0.179999 0.667853 2
0 2.747008 0.200000 -24.252993 0.820001 0.952550 2
0 3.295000 4.215000 -23.705000 0.873134 0.873135 2
0 3.395300 0.000000 -23.604700 1.000000 1.000000 2
0 2.604700 0.000000 -24.395300 0.000000 1.000000 2
0 3.295000 4.215000 -23.705000 0.126865 0.000000 2
0 2.705000 4.215000 -24.295000 0.873134 0.000000 2
0 3.252992 0.200000 -23.747007 0.820000 0.952550 2
0 2.747008 0.200000 -24.252993 0.180000 0.952550 2
0 3.252992 0.200000 -24.252993 0.820001 0.952550 2
0 3.252992 0.200000 -23.747007 0.179999 0.952550 2
0 2.747008 1.400000 -24.252993 0.820001 0.667853 2
38
0.000000 0.373526 0.927620
0.000000 0.186763 0.982405
0.927620 0.373526 0.000000
0.982405 0.186763 0.000000
0.000000 0.000000 1.000000
-0.982405 0.186763 0.000000
-0.927620 0.373526 0.000000
-0.979591 -0.200999 0.000000
0.000000 0.186763 -0.982405
0.000000 0.373526 -0.927620
0.000000 -0.200998 -0.979592
0.979591 -0.200999 0.000000
0.000000 0.186763 0.982405
0.000000 -0.200998 0.979592
-0.915641 -0.401997 0.000000
-0.622784 -0.410134 0.666281
0.000000 -0.401995 -0.915642
0.915641 -0.401997 0.000000
0.622784 -0.410134 -0.666281
0.000000 -0.401995 0.915642
-0.894427 0.000000 0.447214
0.000000 0.186763 -0.982405
0.000000 0.000000 -1.000000
0.000000 -1.000000 0.000000
-0.333333 -0.666667 0.666667
0.894427 0.000000 -0.447214
-0.414991 0.885848 -0.207496
-0.207496 0.885848 -0.414993
-0.314649 0.895540 0.314650
0.314649 0.895540 -0.314650
0.314649 0.895540 -0.314650
0.207496 0.885848 0.414993
0.414991 0.885848 0.207496
-1.000000 0.000000 0.000000
0.447214 0.000000 -0.894427
1.000000 0.000000 0.000000
0.000000 1.000000 0.000000
0.000000 -0.707107 0.707107
60
0 0 1 2 0 1 0 0
0 3 4 5 2 3 2 0
0 1 0 6 1 0 4 0
0 7 8 9 5 6 7 0
0 10 11 12 8 9 10 0
0 13 5 14 3 2 11 0
0 15 2 16 12 0 13 0
0 17 9 18 14 7 15 0
0 19 12 20 16 10 16 0
0 21 14 22 17 11 18 0
0 23 16 24 19 13 19 0
0 25 18 26 7 15 20 0
0 27 28 29 21 9 22 0
0 22 20 30 18 16 22 0
0 31 32 33 23 23 24 0
0 34 22 35 11 18 25 0
0 18 24 36 15 19 4 0
0 37 38 39 26 27 28 0
0 40 41 38 29 30 27 0
0 40 42 43 29 31 32 0
0 42 44 39 31 28 28 0
0 45 46 47 20 33 33 0
0 48 49 50 22 25 34 0
0 49 51 52 25 35 35 0
0 53 45 33 4 20 24 0
0 54 55 56 36 36 36 0
0 57 58 59 33 5 33 0
0 50 49 52 34 25 35 0
0 60 54 56 36 36 36 0
0 61 53 33 37 4 24 0
0 43 42 39 32 31 28 0
0 62 48 50 22 22 34 0
0 33 45 47 24 20 33 0
0 44 37 39 28 26 28 0
0 41 40 43 30 29 32 0
0 37 40 38 26 29 27 0
0 35 22 30 25 18 22 0
0 26 18 36 20 15 4 0
0 63 34 35 35 11 25 0
0 34 21 22 11 17 18 0
0 64 25 26 33 7 20 0
0 18 23 24 15 19 19 0
0 23 15 16 19 12 13 0
0 22 19 20 18 16 16 0
0 25 17 18 7 14 15 0
0 17 7 9 14 5 7 0
0 21 13 14 17 3 11 0
0 19 10 12 16 8 10 0
0 13 3 5 3 2 2 0
0 15 0 2 12 0 0 0
0 65 1 6 4 1 4 0
0 66 27 29 22 21 22 0
0 67 4 68 35 3 35 0
0 10 28 11 8 9 9 0
0 4 3 68 3 2 35 0
0 7 69 8 5 6 6 0
0 28 27 11 9 21 9 0
0 69 58 8 6 5 6 0
0 58 69 59 5 6 33 0
0 32 61 33 23 37 24 0
"Mesh_vanessa_Layer2_Material78" 0 78
70
0 2.705000 3.900000 -26.705000 0.126865 0.074733 2
0 2.811200 3.750000 -26.811199 0.261194 0.110320 2
0 3.295000 3.900000 -26.705000 0.873134 0.074733 2
0 3.295000 4.215000 -26.705000 0.873134 0.873135 2
0 3.295000 4.215000 -27.295000 0.873134 0.126866 2
0 2.705000 4.215000 -26.705000 0.126865 0.873135 2
0 3.395300 0.000000 -26.604700 1.000000 1.000000 2
0 3.395300 0.100000 -26.604700 1.000000 0.976275 2
0 2.604700 0.000000 -26.604700 0.000000 1.000000 2
0 3.395300 0.000000 -27.395300 1.000000 1.000000 2
0 3.395300 0.100000 -27.395300 1.000000 0.976275 2
0 3.395300 0.000000 -26.604700 0.000000 1.000000 2
0 2.604700 0.000000 -27.395300 0.000000 1.000000 2
0 2.604700 0.100000 -27.395300 0.000000 0.976275 2
0 2.604700 0.100000 -26.604700 0.000000 0.976275 2
0 2.604700 0.000000 -27.395300 1.000000 1.000000 2
0 3.395300 0.100000 -26.604700 1.000000 1.000000 2
0 3.252992 0.200000 -26.747007 0.820000 0.820001 2
0 2.604700 0.100000 -26.604700 0.000000 1.000000 2
0 3.395300 0.100000 -27.395300 1.000000 0.000000 2
0 3.252992 0.200000 -27.252993 0.820000 0.179999 2
0 2.747008 0.200000 -27.252993 0.180000 0.179999 2
0 2.604700 0.100000 -27.395300 0.000000 0.000000 2
0 2.747008 0.200000 -26.747007 0.180000 0.820001 2
0 2.705000 4.215000 -26.705000 0.126865 0.000000 2
0 3.295000 4.215000 -26.705000 0.873134 0.000000 2
0 3.295000 4.215000 -26.705000 0.126865 0.000000 2
0 3.295000 3.900000 -26.705000 0.126865 0.074733 2
0 3.295000 4.215000 -27.295000 0.873134 0.000000 2
0 3.295000 3.900000 -27.295000 0.873134 0.074733 2
0 2.705000 4.215000 -27.295000 0.126865 0.000000 2
0 2.705000 4.215000 -27.295000 0.873134 0.000000 2
0 2.705000 3.900000 -27.295000 0.873134 0.074733 2
0 2.604700 0.000000 -27.395300 0.000000 0.000000 2
0 3.395300 0.000000 -27.395300 1.000000 0.000000 2
0 3.188800 3.750000 -26.811199 0.261193 0.110320 2
0 3.188800 3.750000 -27.188801 0.738806 0.110320 2
0 2.705000 3.900000 -27.295000 0.126865 0.074733 2
0 2.811200 3.750000 -27.188801 0.738807 0.110320 2
0 2.811200 1.500000 -26.811199 0.261194 0.644128 2
0 3.188800 3.750000 -26.811199 0.738806 0.110320 2
0 3.188800 1.500000 -26.811199 0.261193 0.644128 2
0 3.188800 3.750000 -27.188801 0.738807 0.110320 2
0 3.188800 1.500000 -27.188801 0.738806 0.644128 2
0 2.811200 3.750000 -27.188801 0.261194 0.110320 2
0 2.811200 1.500000 -27.188801 0.738807 0.644128 2
0 2.811200 3.750000 -26.811199 0.261193 0.110320 2
0 2.747008 1.400000 -26.747007 0.180000 0.667853 2
0 3.188800 1.500000 -26.811199 0.738806 0.644128 2
0 3.252992 0.200000 -26.747007 0.820000 0.952550 2
0 3.252992 1.400000 -26.747007 0.820000 0.667853 2
0 2.747008 0.200000 -26.747007 0.180000 0.952550 2
0 3.252992 1.400000 -26.747007 0.179999 0.667853 2
0 3.188800 1.500000 -27.188801 0.738807 0.644128 2
0 3.252992 0.200000 -27.252993 0.820001 0.952550 2
0 3.252992 1.400000 -27.252993 0.820001 0.667853 2
0 3.252992 0.200000 -26.747007 0.179999 0.952550 2
0 3.252992 1.400000 -27.252993 0.820000 0.667853 2
0 2.811200 1.500000 -27.188801 0.261194 0.644128 2
0 2.747008 0.200000 -27.252993 0.180000 0.952550 2
0 2.747008 1.400000 -27.252993 0.180000 0.667853 2
0 3.252992 0.200000 -27.252993 0.820000 0.952550 2
0 2.747008 1.400000 -27.252993 0.820001 0.667853 2
0 2.811200 1.500000 -26.811199 0.261193 0.644128 2
0 2.705000 4.215000 -27.295000 0.126865 0.126866 2
0 3.395300 0.100000 -26.604700 0.000000 0.976275 2
0 2.747008 0.200000 -26.747007 0.179999 0.952550 2
0 2.747008 1.400000 -26.747007 0.179999 0.667853 2
0 2.747008 0.200000 -27.252993 0.820001 0.952550 2
0 2.604700 0.100000 -27.395300 1.000000 0.976275 2
38
-0.622784 -0.410134 0.666281
0.000000 -0.401995 0.915642
0.000000 1.000000 0.000000
0.000000 -0.707107 0.707107
0.000000 0.000000 1.000000
-0.333333 -0.666667 0.666667
0.447214 0.000000 -0.894427
0.894427 0.000000 -0.447214
1.000000 0.000000 0.000000
0.000000 0.000000 -1.000000
-0.894427 0.000000 0.447214
-1.000000 0.000000 0.000000
0.414991 0.885848 0.207496
0.207496 0.885848 0.414993
-0.314649 0.895540 0.314650
0.314649 0.895540 -0.314650
0.314649 0.895540 -0.314650
-0.414991 0.885848 -0.207496
-0.207496 0.885848 -0.414993
0.979591 -0.200999 0.000000
0.622784 -0.410134 -0.666281
-0.979591 -0.200999 0.000000
0.000000 -1.000000 0.000000
0.915641 -0.401997 0.000000
0.000000 -0.401995 -0.915642
-0.915641 -0.401997 0.000000
0.000000 0.186763 0.982405
0.000000 -0.200998 0.979592
0.982405 0.186763 0.000000
0.000000 0.186763 -0.982405
0.000000 -0.200998 -0.979592
-0.982405 0.186763 0.000000
0.000000 0.373526 0.927620
0.000000 0.186763 0.982405
0.927620 0.373526 0.000000
0.000000 0.373526 -0.927620
0.000000 0.186763 -0.982405
-0.927620 0.373526 0.000000
60
0 0 1 2 0 1 1 0
0 3 4 5 2 2 2 0
0 6 7 8 3 4 5 0
0 9 10 11 6 7 8 0
0 12 13 9 9 9 6 0
0 8 14 15 5 10 11 0
0 16 17 18 12 13 14 0
0 19 20 16 15 16 12 0
0 21 20 22 17 16 18 0
0 23 21 18 14 17 14 0
0 24 0 25 10 0 4 0
0 26 27 28 8 19 7 0
0 28 29 30 7 20 9 0
0 31 32 24 11 21 10 0
0 33 34 8 22 22 5 0
0 27 35 29 19 23 20 0
0 29 36 37 20 24 24 0
0 32 38 0 21 25 0 0
0 1 39 40 1 26 27 0
0 35 41 42 23 28 19 0
0 36 43 44 24 29 30 0
0 38 45 46 25 31 21 0
0 39 47 48 26 32 32 0
0 49 50 51 4 33 4 0
0 41 52 53 28 34 34 0
0 54 55 56 8 28 8 0
0 43 57 58 29 35 35 0
0 59 60 61 9 36 9 0
0 45 62 63 31 37 37 0
0 4 64 5 2 2 2 0
0 34 6 8 22 3 5 0
0 7 14 8 4 10 5 0
0 10 65 11 7 8 8 0
0 66 67 68 11 31 11 0
0 14 69 15 10 11 11 0
0 17 23 18 13 14 14 0
0 13 10 9 9 7 6 0
0 20 19 22 16 15 18 0
0 21 22 18 17 18 14 0
0 20 17 16 16 13 12 0
0 27 29 28 19 20 7 0
0 29 37 30 20 24 9 0
0 0 2 25 0 1 4 0
0 1 40 2 1 27 1 0
0 35 42 29 23 19 20 0
0 32 0 24 21 0 10 0
0 38 46 0 25 21 0 0
0 39 48 40 26 32 27 0
0 36 44 37 24 30 24 0
0 43 58 44 29 35 30 0
0 45 63 46 31 37 21 0
0 41 53 42 28 34 19 0
0 50 47 51 33 32 4 0
0 52 55 53 34 28 34 0
0 47 50 48 32 33 32 0
0 62 67 63 37 31 37 0
0 67 62 68 31 37 11 0
0 55 52 56 28 34 8 0
0 57 60 58 35 36 35 0
0 60 57 61 36 35 9 0
"Mesh_vanessa_Layer2_Material79" 0 79
70
0 3.395300 0.000000 -29.604700 1.000000 1.000000 2
0 3.395300 0.100000 -29.604700 1.000000 0.976275 2
0 2.604700 0.000000 -29.604700 0.000000 1.000000 2
0 3.395300 0.000000 -30.395300 1.000000 1.000000 2
0 3.395300 0.100000 -30.395300 1.000000 0.976275 2
0 3.395300 0.000000 -29.604700 0.000000 1.000000 2
0 2.604700 0.000000 -30.395300 0.000000 1.000000 2
0 2.604700 0.100000 -30.395300 0.000000 0.976275 2
0 3.395300 0.100000 -30.395300 1.000000 0.000000 2
0 3.252992 0.200000 -30.252993 0.820000 0.179999 2
0 3.395300 0.100000 -29.604700 1.000000 1.000000 2
0 2.604700 0.100000 -29.604700 0.000000 0.976275 2
0 2.604700 0.000000 -30.395300 1.000000 1.000000 2
0 3.252992 0.200000 -29.747007 0.820000 0.820001 2
0 2.604700 0.100000 -29.604700 0.000000 1.000000 2
0 2.705000 4.215000 -29.705000 0.126865 0.000000 2
0 2.705000 3.900000 -29.705000 0.126865 0.074733 2
0 3.295000 4.215000 -29.705000 0.873134 0.000000 2
0 2.747008 0.200000 -30.252993 0.180000 0.179999 2
0 2.604700 0.100000 -30.395300 0.000000 0.000000 2
0 2.747008 0.200000 -29.747007 0.180000 0.820001 2
0 2.705000 4.215000 -30.295000 0.873134 0.000000 2
0 2.705000 3.900000 -30.295000 0.873134 0.074733 2
0 3.295000 4.215000 -29.705000 0.126865 0.000000 2
0 3.295000 3.900000 -29.705000 0.126865 0.074733 2
0 3.295000 4.215000 -30.295000 0.873134 0.000000 2
0 3.295000 3.900000 -30.295000 0.873134 0.074733 2
0 2.705000 4.215000 -30.295000 0.126865 0.000000 2
0 3.188800 3.750000 -30.188801 0.738806 0.110320 2
0 2.705000 3.900000 -30.295000 0.126865 0.074733 2
0 2.811200 3.750000 -29.811199 0.261194 0.110320 2
0 3.295000 3.900000 -29.705000 0.873134 0.074733 2
0 3.188800 3.750000 -29.811199 0.261193 0.110320 2
0 3.188800 1.500000 -29.811199 0.261193 0.644128 2
0 3.188800 3.750000 -30.188801 0.738807 0.110320 2
0 2.811200 3.750000 -30.188801 0.738807 0.110320 2
0 2.811200 1.500000 -29.811199 0.261194 0.644128 2
0 3.188800 3.750000 -29.811199 0.738806 0.110320 2
0 2.747008 1.400000 -29.747007 0.180000 0.667853 2
0 3.188800 1.500000 -29.811199 0.738806 0.644128 2
0 3.188800 1.500000 -30.188801 0.738806 0.644128 2
0 2.811200 3.750000 -30.188801 0.261194 0.110320 2
0 2.811200 1.500000 -30.188801 0.738807 0.644128 2
0 2.811200 3.750000 -29.811199 0.261193 0.110320 2
0 3.252992 0.200000 -30.252993 0.820001 0.952550 2
0 3.252992 1.400000 -30.252993 0.820001 0.667853 2
0 3.252992 0.200000 -29.747007 0.179999 0.952550 2
0 3.252992 0.200000 -29.747007 0.820000 0.952550 2
0 3.252992 1.400000 -29.747007 0.820000 0.667853 2
0 2.747008 0.200000 -29.747007 0.180000 0.952550 2
0 3.252992 1.400000 -29.747007 0.179999 0.667853 2
0 3.188800 1.500000 -30.188801 0.738807 0.644128 2
0 2.747008 1.400000 -30.252993 0.820001 0.667853 2
0 2.811200 1.500000 -29.811199 0.261193 0.644128 2
0 3.252992 1.400000 -30.252993 0.820000 0.667853 2
0 2.811200 1.500000 -30.188801 0.261194 0.644128 2
0 2.747008 0.200000 -30.252993 0.180000 0.952550 2
0 2.747008 1.400000 -30.252993 0.180000 0.667853 2
0 3.252992 0.200000 -30.252993 0.820000 0.952550 2
0 3.295000 4.215000 -29.705000 0.873134 0.873135 2
0 3.295000 4.215000 -30.295000 0.873134 0.126866 2
0 2.705000 4.215000 -29.705000 0.126865 0.873135 2
0 2.604700 0.000000 -30.395300 0.000000 0.000000 2
0 3.395300 0.000000 -30.395300 1.000000 0.000000 2
0 2.747008 0.200000 -29.747007 0.179999 0.952550 2
0 2.747008 1.400000 -29.747007 0.179999 0.667853 2
0 2.747008 0.200000 -30.252993 0.820001 0.952550 2
0 3.395300 0.100000 -29.604700 0.000000 0.976275 2
0 2.705000 4.215000 -30.295000 0.126865 0.126866 2
0 2.604700 0.100000 -30.395300 1.000000 0.976275 2
38
0.000000 -0.707107 0.707107
0.000000 0.000000 1.000000
-0.333333 -0.666667 0.666667
0.447214 0.000000 -0.894427
0.894427 0.000000 -0.447214
1.000000 0.000000 0.000000
0.000000 0.000000 -1.000000
0.314649 0.895540 -0.314650
0.314649 0.895540 -0.314650
0.414991 0.885848 0.207496
-0.894427 0.000000 0.447214
-1.000000 0.000000 0.000000
0.207496 0.885848 0.414993
-0.314649 0.895540 0.314650
-0.622784 -0.410134 0.666281
-0.414991 0.885848 -0.207496
-0.207496 0.885848 -0.414993
-0.979591 -0.200999 0.000000
0.979591 -0.200999 0.000000
0.622784 -0.410134 -0.666281
0.000000 -0.401995 -0.915642
0.000000 -0.401995 0.915642
0.915641 -0.401997 0.000000
0.982405 0.186763 0.000000
-0.915641 -0.401997 0.000000
0.000000 0.186763 0.982405
0.000000 -0.200998 0.979592
0.000000 0.373526 0.927620
0.000000 0.186763 -0.982405
0.000000 -0.200998 -0.979592
-0.982405 0.186763 0.000000
0.000000 0.186763 0.982405
0.927620 0.373526 0.000000
-0.927620 0.373526 0.000000
0.000000 0.373526 -0.927620
0.000000 0.186763 -0.982405
0.000000 1.000000 0.000000
0.000000 -1.000000 0.000000
60
0 0 1 2 0 1 2 0
0 3 4 5 3 4 5 0
0 6 7 3 6 6 3 0
0 8 9 10 7 8 9 0
0 2 11 12 2 10 11 0
0 10 13 14 9 12 13 0
0 15 16 17 10 14 1 0
0 18 9 19 15 8 16 0
0 20 18 14 13 15 13 0
0 21 22 15 11 17 10 0
0 23 24 25 5 18 4 0
0 25 26 27 4 19 6 0
0 26 28 29 19 20 20 0
0 16 30 31 14 21 21 0
0 24 32 26 18 22 19 0
0 32 33 34 22 23 18 0
0 22 35 16 17 24 14 0
0 30 36 37 21 25 26 0
0 36 38 39 25 27 27 0
0 28 40 41 20 28 29 0
0 35 42 43 24 30 17 0
0 44 45 46 5 23 5 0
0 47 48 49 1 31 1 0
0 33 50 51 23 32 32 0
0 42 52 53 30 33 33 0
0 40 54 55 28 34 34 0
0 56 57 58 6 35 6 0
0 59 60 61 36 36 36 0
0 62 63 2 37 37 2 0
0 63 0 2 37 0 2 0
0 64 65 66 11 30 11 0
0 1 11 2 1 10 2 0
0 4 67 5 4 5 5 0
0 60 68 61 36 36 36 0
0 11 69 12 10 11 11 0
0 13 20 14 12 13 13 0
0 7 4 3 6 4 3 0
0 9 8 19 8 7 16 0
0 18 19 14 15 16 13 0
0 9 13 10 8 12 9 0
0 24 26 25 18 19 4 0
0 26 29 27 19 20 6 0
0 16 31 17 14 21 1 0
0 30 37 31 21 26 21 0
0 32 34 26 22 18 19 0
0 22 16 15 17 14 10 0
0 35 43 16 24 17 14 0
0 36 39 37 25 27 26 0
0 28 41 29 20 29 20 0
0 40 55 41 28 34 29 0
0 42 53 43 30 33 17 0
0 33 51 34 23 32 18 0
0 48 38 49 31 27 1 0
0 50 45 51 32 23 32 0
0 38 48 39 27 31 27 0
0 52 65 53 33 30 33 0
0 65 52 66 30 33 11 0
0 45 50 46 23 32 5 0
0 54 57 55 34 35 34 0
0 57 54 58 35 34 6 0
"Mesh_vanessa_Layer2_Material80" 0 80
70
0 3.295000 4.215000 -32.705002 0.873134 0.873130 2
0 3.295000 4.215000 -33.294998 0.873134 0.126870 2
0 2.705000 4.215000 -32.705002 0.126865 0.873130 2
0 3.395300 0.000000 -32.604698 1.000000 1.000000 2
0 3.395300 0.100000 -32.604698 1.000000 0.976275 2
0 2.604700 0.000000 -32.604698 0.000000 1.000000 2
0 3.395300 0.000000 -33.395302 1.000000 1.000000 2
0 3.395300 0.100000 -33.395302 1.000000 0.976275 2
0 3.395300 0.000000 -32.604698 0.000000 1.000000 2
0 3.395300 0.100000 -32.604698 1.000000 1.000000 2
0 3.252992 0.200000 -32.747009 0.820000 0.819997 2
0 2.604700 0.100000 -32.604698 0.000000 1.000000 2
0 2.604700 0.000000 -33.395302 0.000000 1.000000 2
0 2.604700 0.100000 -33.395302 0.000000 0.976275 2
0 2.604700 0.100000 -32.604698 0.000000 0.976275 2
0 2.604700 0.000000 -33.395302 1.000000 1.000000 2
0 2.747008 0.200000 -32.747009 0.180000 0.819997 2
0 2.747008 0.200000 -33.252991 0.180000 0.180003 2
0 3.395300 0.100000 -33.395302 1.000000 0.000000 2
0 3.252992 0.200000 -33.252991 0.820000 0.180003 2
0 2.604700 0.100000 -33.395302 0.000000 0.000000 2
0 3.295000 4.215000 -33.294998 0.873134 0.000000 2
0 3.295000 3.900000 -33.294998 0.873134 0.074733 2
0 2.705000 4.215000 -33.294998 0.126865 0.000000 2
0 2.705000 4.215000 -32.705002 0.126865 0.000000 2
0 2.705000 3.900000 -32.705002 0.126865 0.074733 2
0 3.295000 4.215000 -32.705002 0.873134 0.000000 2
0 3.295000 4.215000 -32.705002 0.126870 0.000000 2
0 3.295000 3.900000 -32.705002 0.126870 0.074733 2
0 3.295000 4.215000 -33.294998 0.873130 0.000000 2
0 3.188800 3.750000 -32.811199 0.261194 0.110320 2
0 3.295000 3.900000 -33.294998 0.873130 0.074733 2
0 2.705000 4.215000 -33.294998 0.873130 0.000000 2
0 2.705000 3.900000 -33.294998 0.873130 0.074733 2
0 2.705000 4.215000 -32.705002 0.126870 0.000000 2
0 2.811200 3.750000 -32.811199 0.261194 0.110320 2
0 3.295000 3.900000 -32.705002 0.873134 0.074733 2
0 2.811200 1.500000 -32.811199 0.261194 0.644128 2
0 3.188800 3.750000 -32.811199 0.738806 0.110320 2
0 3.188800 3.750000 -33.188801 0.738806 0.110320 2
0 2.705000 3.900000 -33.294998 0.126865 0.074733 2
0 2.811200 3.750000 -33.188801 0.738806 0.110320 2
0 2.705000 3.900000 -32.705002 0.126870 0.074733 2
0 2.811200 1.500000 -33.188801 0.738806 0.644128 2
0 3.188800 1.500000 -32.811199 0.261194 0.644128 2
0 3.188800 1.500000 -33.188801 0.738806 0.644128 2
0 2.811200 3.750000 -33.188801 0.261194 0.110320 2
0 3.252992 1.400000 -32.747009 0.180003 0.667853 2
0 2.747008 1.400000 -32.747009 0.180000 0.667853 2
0 3.188800 1.500000 -32.811199 0.738806 0.644128 2
0 3.252992 0.200000 -32.747009 0.820000 0.952550 2
0 3.252992 1.400000 -32.747009 0.820000 0.667853 2
0 2.747008 0.200000 -32.747009 0.180000 0.952550 2
0 2.747008 0.200000 -33.252991 0.180000 0.952550 2
0 2.747008 1.400000 -33.252991 0.180000 0.667853 2
0 3.252992 0.200000 -33.252991 0.820000 0.952550 2
0 3.252992 0.200000 -33.252991 0.819997 0.952550 2
0 3.252992 1.400000 -33.252991 0.819997 0.667853 2
0 3.252992 0.200000 -32.747009 0.180003 0.952550 2
0 3.252992 1.400000 -33.252991 0.820000 0.667853 2
0 2.811200 1.500000 -33.188801 0.261194 0.644128 2
0 2.604700 0.000000 -33.395302 0.000000 0.000000 2
0 3.395300 0.000000 -33.395302 1.000000 0.000000 2
0 2.747008 1.400000 -33.252991 0.819997 0.667853 2
0 2.705000 4.215000 -33.294998 0.126865 0.126870 2
0 2.747008 0.200000 -32.747009 0.180003 0.952550 2
0 2.747008 1.400000 -32.747009 0.180003 0.667853 2
0 2.747008 0.200000 -33.252991 0.819997 0.952550 2
0 3.395300 0.100000 -32.604698 0.000000 0.976275 2
0 2.604700 0.100000 -33.395302 1.000000 0.976275 2
38
0.000000 1.000000 0.000000
0.000000 -0.707107 0.707107
0.000000 0.000000 1.000000
-0.333333 -0.666667 0.666667
0.447214 0.000000 -0.894427
0.894427 0.000000 -0.447214
1.000000 0.000000 0.000000
0.414991 0.885850 0.207492
0.207495 0.885852 0.414985
-0.314648 0.895542 0.314644
0.000000 0.000000 -1.000000
-0.894427 0.000000 0.447214
-1.000000 0.000000 0.000000
-0.314648 0.895542 0.314644
-0.414991 0.885850 -0.207492
0.314648 0.895542 -0.314644
-0.207495 0.885852 -0.414985
0.000000 -0.200995 -0.979592
0.000000 -0.200995 0.979592
0.979591 -0.200999 0.000000
0.915641 -0.401997 0.000000
-0.979591 -0.200999 0.000000
-0.666281 -0.410130 0.622787
0.000000 -0.401990 0.915644
-0.634179 0.383045 0.671635
0.666281 -0.410130 -0.622787
0.000000 -0.401990 -0.915644
-0.915641 -0.401997 0.000000
-0.982405 0.186763 0.000000
0.982405 0.186763 0.000000
0.634179 0.383045 -0.671635
0.927620 0.373526 0.000000
0.000000 0.373517 0.927623
0.000000 0.186759 0.982406
0.000000 0.186759 -0.982406
0.000000 0.373517 -0.927623
0.000000 -1.000000 0.000000
-0.927620 0.373526 0.000000
60
0 0 1 2 0 0 0 0
0 3 4 5 1 2 3 0
0 6 7 8 4 5 6 0
0 9 10 11 7 8 9 0
0 12 13 6 10 10 4 0
0 5 14 15 3 11 12 0
0 16 17 11 13 14 9 0
0 18 19 9 15 15 7 0
0 17 19 20 14 15 16 0
0 21 22 23 10 17 10 0
0 24 25 26 2 18 2 0
0 27 28 29 6 19 6 0
0 28 30 31 19 20 20 0
0 32 33 34 12 21 12 0
0 25 35 36 18 22 23 0
0 35 37 38 22 24 18 0
0 22 39 40 17 25 26 0
0 33 41 42 21 27 27 0
0 41 43 35 27 28 22 0
0 30 44 39 20 29 25 0
0 39 45 46 25 30 17 0
0 44 47 45 29 31 30 0
0 37 48 49 24 32 32 0
0 50 51 52 2 33 2 0
0 53 54 55 10 34 10 0
0 56 57 58 6 29 6 0
0 45 59 60 30 35 35 0
0 61 62 5 36 36 3 0
0 43 63 37 28 37 24 0
0 1 64 2 0 0 0 0
0 65 66 67 12 28 12 0
0 66 63 67 28 37 12 0
0 4 14 5 2 11 3 0
0 7 68 8 5 6 6 0
0 62 3 5 36 1 3 0
0 14 69 15 11 12 12 0
0 10 16 11 8 13 9 0
0 13 7 6 10 5 4 0
0 19 18 20 15 15 16 0
0 17 20 11 14 16 9 0
0 19 10 9 15 8 7 0
0 28 31 29 19 20 6 0
0 22 40 23 17 26 10 0
0 25 36 26 18 23 2 0
0 35 38 36 22 18 23 0
0 30 39 31 20 25 20 0
0 33 42 34 21 27 12 0
0 39 46 40 25 17 26 0
0 41 35 42 27 22 27 0
0 37 49 38 24 32 18 0
0 44 45 39 29 30 25 0
0 45 60 46 30 35 17 0
0 43 37 35 28 24 22 0
0 48 51 49 32 33 32 0
0 51 48 52 33 32 2 0
0 47 57 45 31 29 30 0
0 57 47 58 29 31 6 0
0 54 59 55 34 35 10 0
0 63 66 37 37 28 24 0
0 59 54 60 35 34 35 0
"Mesh_vanessa_Layer2_Material81" 0 81
70
0 2.604700 0.000000 -36.395302 0.000000 1.000000 2
0 2.604700 0.100000 -36.395302 0.000000 0.976275 2
0 3.395300 0.000000 -36.395302 1.000000 1.000000 2
0 3.395300 0.100000 -36.395302 1.000000 0.976275 2
0 3.395300 0.000000 -35.604698 0.000000 1.000000 2
0 2.604700 0.000000 -36.395302 0.000000 0.000000 2
0 3.395300 0.000000 -36.395302 1.000000 0.000000 2
0 2.604700 0.000000 -35.604698 0.000000 1.000000 2
0 3.295000 4.215000 -35.705002 0.873134 0.873130 2
0 3.295000 4.215000 -36.294998 0.873134 0.126870 2
0 2.705000 4.215000 -35.705002 0.126865 0.873130 2
0 3.395300 0.000000 -35.604698 1.000000 1.000000 2
0 3.395300 0.100000 -35.604698 1.000000 0.976275 2
0 2.604700 0.100000 -35.604698 0.000000 0.976275 2
0 2.604700 0.000000 -36.395302 1.000000 1.000000 2
0 3.395300 0.100000 -35.604698 1.000000 1.000000 2
0 3.252992 0.200000 -35.747009 0.820000 0.819997 2
0 2.604700 0.100000 -35.604698 0.000000 1.000000 2
0 3.395300 0.100000 -36.395302 1.000000 0.000000 2
0 3.252992 0.200000 -36.252991 0.820000 0.180003 2
0 2.747008 0.200000 -36.252991 0.180000 0.180003 2
0 2.604700 0.100000 -36.395302 0.000000 0.000000 2
0 2.747008 0.200000 -35.747009 0.180000 0.819997 2
0 2.705000 4.215000 -35.705002 0.126865 0.000000 2
0 2.705000 3.900000 -35.705002 0.126865 0.074733 2
0 3.295000 4.215000 -35.705002 0.873134 0.000000 2
0 3.295000 4.215000 -35.705002 0.126870 0.000000 2
0 3.295000 3.900000 -35.705002 0.126870 0.074733 2
0 3.295000 4.215000 -36.294998 0.873130 0.000000 2
0 3.295000 4.215000 -36.294998 0.873134 0.000000 2
0 3.295000 3.900000 -36.294998 0.873134 0.074733 2
0 2.705000 4.215000 -36.294998 0.126865 0.000000 2
0 2.811200 3.750000 -35.811199 0.261194 0.110320 2
0 3.295000 3.900000 -35.705002 0.873134 0.074733 2
0 2.705000 4.215000 -36.294998 0.873130 0.000000 2
0 2.705000 3.900000 -36.294998 0.873130 0.074733 2
0 2.705000 4.215000 -35.705002 0.126870 0.000000 2
0 2.747008 1.400000 -35.747009 0.180003 0.667853 2
0 2.747008 1.400000 -36.252991 0.819997 0.667853 2
0 2.747008 0.200000 -36.252991 0.819997 0.952550 2
0 2.811200 3.750000 -36.188801 0.738806 0.110320 2
0 2.705000 3.900000 -35.705002 0.126870 0.074733 2
0 3.188800 3.750000 -35.811199 0.261194 0.110320 2
0 3.295000 3.900000 -36.294998 0.873130 0.074733 2
0 3.188800 3.750000 -36.188801 0.738806 0.110320 2
0 2.705000 3.900000 -36.294998 0.126865 0.074733 2
0 3.188800 1.500000 -36.188801 0.738806 0.644128 2
0 2.811200 3.750000 -36.188801 0.261194 0.110320 2
0 2.811200 1.500000 -35.811199 0.261194 0.644128 2
0 3.188800 3.750000 -35.811199 0.738806 0.110320 2
0 3.188800 1.500000 -35.811199 0.261194 0.644128 2
0 3.252992 0.200000 -35.747009 0.820000 0.952550 2
0 3.252992 1.400000 -35.747009 0.820000 0.667853 2
0 2.747008 0.200000 -35.747009 0.180000 0.952550 2
0 2.811200 1.500000 -36.188801 0.738806 0.644128 2
0 2.747008 1.400000 -35.747009 0.180000 0.667853 2
0 3.188800 1.500000 -35.811199 0.738806 0.644128 2
0 3.252992 1.400000 -36.252991 0.820000 0.667853 2
0 2.811200 1.500000 -36.188801 0.261194 0.644128 2
0 3.252992 1.400000 -35.747009 0.180003 0.667853 2
0 3.252992 0.200000 -36.252991 0.819997 0.952550 2
0 3.252992 1.400000 -36.252991 0.819997 0.667853 2
0 3.252992 0.200000 -35.747009 0.180003 0.952550 2
0 2.747008 0.200000 -35.747009 0.180003 0.952550 2
0 2.747008 0.200000 -36.252991 0.180000 0.952550 2
0 2.747008 1.400000 -36.252991 0.180000 0.667853 2
0 3.252992 0.200000 -36.252991 0.820000 0.952550 2
0 3.395300 0.100000 -35.604698 0.000000 0.976275 2
0 2.705000 4.215000 -36.294998 0.126865 0.126870 2
0 2.604700 0.100000 -36.395302 1.000000 0.976275 2
38
0.000000 0.000000 -1.000000
0.447214 0.000000 -0.894427
0.894427 0.000000 -0.447214
1.000000 0.000000 0.000000
0.000000 -1.000000 0.000000
-0.333333 -0.666667 0.666667
0.000000 1.000000 0.000000
0.000000 -0.707107 0.707107
0.000000 0.000000 1.000000
-0.894427 0.000000 0.447214
-1.000000 0.000000 0.000000
0.414991 0.885850 0.207492
0.207495 0.885852 0.414985
-0.314648 0.895542 0.314644
0.314648 0.895542 -0.314644
-0.414991 0.885850 -0.207492
-0.207495 0.885852 -0.414985
-0.314648 0.895542 0.314644
0.000000 -0.200995 0.979592
0.979591 -0.200999 0.000000
0.000000 -0.200995 -0.979592
-0.666281 -0.410130 0.622787
0.000000 -0.401990 0.915644
-0.979591 -0.200999 0.000000
-0.982405 0.186763 0.000000
-0.927620 0.373526 0.000000
-0.915641 -0.401997 0.000000
0.915641 -0.401997 0.000000
0.666281 -0.410130 -0.622787
0.000000 -0.401990 -0.915644
0.634179 0.383045 -0.671635
-0.634179 0.383045 0.671635
0.982405 0.186763 0.000000
0.000000 0.186759 0.982406
0.000000 0.373517 0.927623
0.000000 0.373517 -0.927623
0.927620 0.373526 0.000000
0.000000 0.186759 -0.982406
60
0 0 1 2 0 0 1 0
0 2 3 4 1 2 3 0
0 5 6 7 4 4 5 0
0 8 9 10 6 6 6 0
0 11 12 7 7 8 5 0
0 7 13 14 5 9 10 0
0 15 16 17 11 12 13 0
0 18 19 15 14 14 11 0
0 20 19 21 15 14 16 0
0 22 20 17 17 15 13 0
0 23 24 25 8 18 8 0
0 26 27 28 3 19 3 0
0 29 30 31 0 20 0 0
0 24 32 33 18 21 22 0
0 34 35 36 10 23 10 0
0 37 38 39 24 25 10 0
0 35 40 41 23 26 26 0
0 27 42 43 19 27 27 0
0 30 44 45 20 28 29 0
0 44 46 47 28 30 20 0
0 32 48 49 21 31 18 0
0 42 50 44 27 32 28 0
0 51 52 53 8 33 8 0
0 40 54 32 26 24 21 0
0 48 55 56 31 34 34 0
0 46 57 58 30 35 35 0
0 50 59 46 32 36 30 0
0 60 61 62 3 32 3 0
0 63 37 39 10 24 10 0
0 64 65 66 0 37 0 0
0 6 11 7 4 7 5 0
0 54 38 48 24 25 31 0
0 12 13 7 8 9 5 0
0 3 67 4 2 3 3 0
0 9 68 10 6 6 6 0
0 13 69 14 9 10 10 0
0 16 22 17 12 17 13 0
0 1 3 2 0 2 1 0
0 19 18 21 14 14 16 0
0 20 21 17 15 16 13 0
0 19 16 15 14 12 11 0
0 27 43 28 19 27 3 0
0 30 45 31 20 29 0 0
0 24 33 25 18 22 8 0
0 32 49 33 21 18 22 0
0 42 44 43 27 28 27 0
0 35 41 36 23 26 10 0
0 40 32 41 26 21 26 0
0 48 56 49 31 34 18 0
0 44 47 45 28 20 29 0
0 46 58 47 30 35 20 0
0 54 48 32 24 31 21 0
0 50 46 44 32 30 28 0
0 52 55 53 33 34 8 0
0 59 61 46 36 32 30 0
0 55 52 56 34 33 34 0
0 57 65 58 35 37 35 0
0 65 57 66 37 35 0 0
0 38 37 48 25 24 31 0
0 61 59 62 32 36 3 0
"Mesh_vanessa_Layer2_Material82" 0 82
70
0 3.395300 0.000000 -39.395302 1.000000 1.000000 2
0 3.395300 0.100000 -39.395302 1.000000 0.976275 2
0 3.395300 0.000000 -38.604698 0.000000 1.000000 2
0 2.604700 0.000000 -38.604698 0.000000 1.000000 2
0 2.604700 0.100000 -38.604698 0.000000 0.976275 2
0 2.604700 0.000000 -39.395302 1.000000 1.000000 2
0 3.295000 4.215000 -38.705002 0.873134 0.873130 2
0 3.295000 4.215000 -39.294998 0.873134 0.126870 2
0 2.705000 4.215000 -38.705002 0.126865 0.873130 2
0 3.395300 0.000000 -38.604698 1.000000 1.000000 2
0 3.395300 0.100000 -38.604698 1.000000 0.976275 2
0 2.604700 0.000000 -39.395302 0.000000 1.000000 2
0 2.604700 0.100000 -39.395302 0.000000 0.976275 2
0 2.747008 0.200000 -39.252991 0.180000 0.180003 2
0 3.252992 0.200000 -39.252991 0.820000 0.180003 2
0 2.604700 0.100000 -39.395302 0.000000 0.000000 2
0 3.395300 0.100000 -38.604698 1.000000 1.000000 2
0 3.252992 0.200000 -38.747009 0.820000 0.819997 2
0 2.604700 0.100000 -38.604698 0.000000 1.000000 2
0 3.395300 0.100000 -39.395302 1.000000 0.000000 2
0 3.295000 4.215000 -38.705002 0.126870 0.000000 2
0 3.295000 3.900000 -38.705002 0.126870 0.074733 2
0 3.295000 4.215000 -39.294998 0.873130 0.000000 2
0 2.747008 0.200000 -38.747009 0.180000 0.819997 2
0 2.705000 4.215000 -38.705002 0.126865 0.000000 2
0 2.705000 3.900000 -38.705002 0.126865 0.074733 2
0 3.295000 4.215000 -38.705002 0.873134 0.000000 2
0 3.188800 3.750000 -38.811199 0.261194 0.110320 2
0 3.295000 3.900000 -39.294998 0.873130 0.074733 2
0 3.295000 4.215000 -39.294998 0.873134 0.000000 2
0 3.295000 3.900000 -39.294998 0.873134 0.074733 2
0 2.705000 4.215000 -39.294998 0.126865 0.000000 2
0 2.705000 4.215000 -39.294998 0.873130 0.000000 2
0 2.705000 3.900000 -39.294998 0.873130 0.074733 2
0 2.705000 4.215000 -38.705002 0.126870 0.000000 2
0 2.811200 3.750000 -38.811199 0.261194 0.110320 2
0 2.811200 1.500000 -38.811199 0.261194 0.644128 2
0 3.188800 3.750000 -38.811199 0.738806 0.110320 2
0 3.188800 3.750000 -39.188801 0.738806 0.110320 2
0 2.705000 3.900000 -39.294998 0.126865 0.074733 2
0 2.811200 3.750000 -39.188801 0.738806 0.110320 2
0 2.705000 3.900000 -38.705002 0.126870 0.074733 2
0 2.811200 1.500000 -39.188801 0.738806 0.644128 2
0 3.188800 1.500000 -38.811199 0.261194 0.644128 2
0 3.188800 1.500000 -39.188801 0.738806 0.644128 2
0 2.811200 3.750000 -39.188801 0.261194 0.110320 2
0 3.252992 1.400000 -38.747009 0.180003 0.667853 2
0 2.747008 1.400000 -38.747009 0.180000 0.667853 2
0 3.188800 1.500000 -38.811199 0.738806 0.644128 2
0 3.252992 0.200000 -38.747009 0.820000 0.952550 2
0 3.252992 1.400000 -38.747009 0.820000 0.667853 2
0 2.747008 0.200000 -38.747009 0.180000 0.952550 2
0 2.747008 0.200000 -39.252991 0.180000 0.952550 2
0 2.747008 1.400000 -39.252991 0.180000 0.667853 2
0 3.252992 0.200000 -39.252991 0.820000 0.952550 2
0 3.252992 0.200000 -39.252991 0.819997 0.952550 2
0 3.252992 1.400000 -39.252991 0.819997 0.667853 2
0 3.252992 0.200000 -38.747009 0.180003 0.952550 2
0 3.252992 1.400000 -39.252991 0.820000 0.667853 2
0 2.811200 1.500000 -39.188801 0.261194 0.644128 2
0 2.604700 0.000000 -39.395302 0.000000 0.000000 2
0 3.395300 0.000000 -39.395302 1.000000 0.000000 2
0 2.747008 1.400000 -39.252991 0.819997 0.667853 2
0 2.747008 0.200000 -38.747009 0.180003 0.952550 2
0 2.747008 1.400000 -38.747009 0.180003 0.667853 2
0 2.747008 0.200000 -39.252991 0.819997 0.952550 2
0 3.295000 3.900000 -38.705002 0.873134 0.074733 2
0 2.604700 0.100000 -39.395302 1.000000 0.976275 2
0 3.395300 0.100000 -38.604698 0.000000 0.976275 2
0 2.705000 4.215000 -39.294998 0.126865 0.126870 2
38
0.447214 0.000000 -0.894427
0.894427 0.000000 -0.447214
1.000000 0.000000 0.000000
-0.333333 -0.666667 0.666667
-0.894427 0.000000 0.447214
-1.000000 0.000000 0.000000
0.000000 1.000000 0.000000
0.000000 -0.707107 0.707107
0.000000 0.000000 1.000000
0.000000 0.000000 -1.000000
-0.414991 0.885850 -0.207492
0.314648 0.895542 -0.314644
-0.207495 0.885852 -0.414985
0.414991 0.885850 0.207492
0.207495 0.885852 0.414985
-0.314648 0.895542 0.314644
0.979591 -0.200999 0.000000
-0.314648 0.895542 0.314644
0.000000 -0.200995 0.979592
0.915641 -0.401997 0.000000
0.000000 -0.200995 -0.979592
-0.979591 -0.200999 0.000000
-0.666281 -0.410130 0.622787
-0.634179 0.383045 0.671635
0.666281 -0.410130 -0.622787
0.000000 -0.401990 -0.915644
-0.915641 -0.401997 0.000000
-0.982405 0.186763 0.000000
0.982405 0.186763 0.000000
0.634179 0.383045 -0.671635
0.927620 0.373526 0.000000
0.000000 0.373517 0.927623
0.000000 0.186759 0.982406
0.000000 0.186759 -0.982406
0.000000 0.373517 -0.927623
0.000000 -1.000000 0.000000
-0.927620 0.373526 0.000000
0.000000 -0.401990 0.915644
60
0 0 1 2 0 1 2 0
0 3 4 5 3 4 5 0
0 6 7 8 6 6 6 0
0 9 10 3 7 8 3 0
0 11 12 0 9 9 0 0
0 13 14 15 10 11 12 0
0 16 17 18 13 14 15 0
0 19 14 16 11 11 13 0
0 20 21 22 2 16 2 0
0 23 13 18 17 10 15 0
0 24 25 26 8 18 8 0
0 21 27 28 16 19 19 0
0 29 30 31 9 20 9 0
0 32 33 34 5 21 5 0
0 35 36 37 22 23 18 0
0 30 38 39 20 24 25 0
0 33 40 41 21 26 26 0
0 40 42 35 26 27 22 0
0 27 43 38 19 28 24 0
0 38 44 45 24 29 20 0
0 43 46 44 28 30 29 0
0 36 47 48 23 31 31 0
0 49 50 51 8 32 8 0
0 52 53 54 9 33 9 0
0 55 56 57 2 28 2 0
0 44 58 59 29 34 34 0
0 60 61 3 35 35 3 0
0 42 62 36 27 36 23 0
0 63 64 65 5 27 5 0
0 25 35 66 18 22 37 0
0 53 58 54 33 34 9 0
0 58 53 59 34 33 34 0
0 62 64 36 36 27 23 0
0 46 56 44 30 28 29 0
0 50 47 51 32 31 8 0
0 56 46 57 28 30 2 0
0 42 36 35 27 23 22 0
0 44 59 45 29 34 20 0
0 47 50 48 31 32 31 0
0 36 48 37 23 31 18 0
0 40 35 41 26 22 26 0
0 43 44 38 28 29 24 0
0 27 38 28 19 24 19 0
0 35 37 66 22 18 37 0
0 38 45 39 24 20 25 0
0 30 39 31 20 25 9 0
0 21 28 22 16 19 2 0
0 33 41 34 21 26 5 0
0 13 15 18 10 12 15 0
0 14 19 15 11 11 12 0
0 25 66 26 18 37 8 0
0 17 23 18 14 17 15 0
0 4 67 5 4 5 5 0
0 14 17 16 11 14 13 0
0 1 68 2 1 2 2 0
0 10 4 3 8 4 3 0
0 12 1 0 9 1 0 0
0 64 62 65 27 36 5 0
0 7 69 8 6 6 6 0
0 61 9 3 35 7 3 0
"Mesh_vanessa_Layer2_Material83" 0 83
70
0 2.604700 0.000000 -42.395302 0.000000 0.000000 2
0 3.395300 0.000000 -42.395302 1.000000 0.000000 2
0 2.604700 0.000000 -41.604698 0.000000 1.000000 2
0 3.395300 0.000000 -41.604698 1.000000 1.000000 2
0 3.295000 4.215000 -42.294998 0.873134 0.126870 2
0 2.705000 4.215000 -42.294998 0.126865 0.126870 2
0 2.705000 4.215000 -41.705002 0.126865 0.873130 2
0 3.395300 0.100000 -41.604698 1.000000 0.976275 2
0 2.604700 0.100000 -41.604698 0.000000 0.976275 2
0 3.395300 0.100000 -42.395302 1.000000 0.976275 2
0 3.395300 0.100000 -41.604698 0.000000 0.976275 2
0 3.395300 0.000000 -41.604698 0.000000 1.000000 2
0 2.604700 0.100000 -42.395302 0.000000 0.976275 2
0 3.395300 0.000000 -42.395302 1.000000 1.000000 2
0 2.604700 0.100000 -42.395302 1.000000 0.976275 2
0 2.604700 0.000000 -42.395302 1.000000 1.000000 2
0 3.252992 0.200000 -41.747009 0.820000 0.819997 2
0 2.747008 0.200000 -41.747009 0.180000 0.819997 2
0 2.604700 0.100000 -41.604698 0.000000 1.000000 2
0 3.252992 0.200000 -42.252991 0.820000 0.180003 2
0 3.395300 0.100000 -41.604698 1.000000 1.000000 2
0 3.395300 0.100000 -42.395302 1.000000 0.000000 2
0 2.604700 0.100000 -42.395302 0.000000 0.000000 2
0 2.747008 0.200000 -42.252991 0.180000 0.180003 2
0 2.705000 3.900000 -41.705002 0.126865 0.074733 2
0 3.295000 3.900000 -41.705002 0.873134 0.074733 2
0 3.295000 4.215000 -41.705002 0.873134 0.000000 2
0 3.295000 3.900000 -41.705002 0.126870 0.074733 2
0 3.295000 3.900000 -42.294998 0.873130 0.074733 2
0 3.295000 4.215000 -42.294998 0.873130 0.000000 2
0 2.747008 0.200000 -41.747009 0.180003 0.952550 2
0 2.747008 1.400000 -41.747009 0.180003 0.667853 2
0 2.747008 0.200000 -42.252991 0.819997 0.952550 2
0 2.811200 1.500000 -42.188801 0.738806 0.644128 2
0 2.747008 1.400000 -42.252991 0.819997 0.667853 2
0 2.811200 1.500000 -41.811199 0.261194 0.644128 2
0 3.188800 3.750000 -41.811199 0.261194 0.110320 2
0 3.188800 3.750000 -42.188801 0.738806 0.110320 2
0 2.811200 3.750000 -42.188801 0.261194 0.110320 2
0 2.705000 3.900000 -42.294998 0.126865 0.074733 2
0 2.811200 3.750000 -42.188801 0.738806 0.110320 2
0 2.811200 3.750000 -41.811199 0.261194 0.110320 2
0 2.705000 3.900000 -41.705002 0.126870 0.074733 2
0 3.188800 1.500000 -41.811199 0.738806 0.644128 2
0 3.188800 3.750000 -41.811199 0.738806 0.110320 2
0 3.188800 1.500000 -41.811199 0.261194 0.644128 2
0 3.188800 1.500000 -42.188801 0.738806 0.644128 2
0 2.811200 1.500000 -42.188801 0.261194 0.644128 2
0 2.747008 1.400000 -41.747009 0.180000 0.667853 2
0 3.252992 1.400000 -41.747009 0.820000 0.667853 2
0 2.747008 0.200000 -41.747009 0.180000 0.952550 2
0 3.252992 1.400000 -41.747009 0.180003 0.667853 2
0 3.252992 1.400000 -42.252991 0.819997 0.667853 2
0 3.252992 0.200000 -41.747009 0.180003 0.952550 2
0 3.252992 1.400000 -42.252991 0.820000 0.667853 2
0 2.747008 1.400000 -42.252991 0.180000 0.667853 2
0 3.252992 0.200000 -42.252991 0.820000 0.952550 2
0 3.295000 4.215000 -41.705002 0.873134 0.873130 2
0 2.747008 0.200000 -42.252991 0.180000 0.952550 2
0 2.604700 0.000000 -42.395302 0.000000 1.000000 2
0 3.295000 4.215000 -41.705002 0.126870 0.000000 2
0 2.705000 4.215000 -41.705002 0.126865 0.000000 2
0 3.295000 4.215000 -42.294998 0.873134 0.000000 2
0 3.295000 3.900000 -42.294998 0.873134 0.074733 2
0 2.705000 4.215000 -42.294998 0.126865 0.000000 2
0 2.705000 4.215000 -42.294998 0.873130 0.000000 2
0 2.705000 3.900000 -42.294998 0.873130 0.074733 2
0 2.705000 4.215000 -41.705002 0.126870 0.000000 2
0 3.252992 0.200000 -41.747009 0.820000 0.952550 2
0 3.252992 0.200000 -42.252991 0.819997 0.952550 2
38
0.000000 -1.000000 0.000000
-0.333333 -0.666667 0.666667
0.000000 -0.707107 0.707107
0.000000 1.000000 0.000000
0.000000 0.000000 1.000000
-0.894427 0.000000 0.447214
0.894427 0.000000 -0.447214
1.000000 0.000000 0.000000
0.000000 0.000000 -1.000000
0.447214 0.000000 -0.894427
-1.000000 0.000000 0.000000
0.207495 0.885852 0.414985
-0.314648 0.895542 0.314644
-0.314648 0.895542 0.314644
0.314648 0.895542 -0.314644
0.414991 0.885850 0.207492
-0.207495 0.885852 -0.414985
-0.414991 0.885850 -0.207492
0.000000 -0.200995 0.979592
0.000000 -0.401990 0.915644
0.979591 -0.200999 0.000000
0.915641 -0.401997 0.000000
-0.982405 0.186763 0.000000
-0.927620 0.373526 0.000000
-0.634179 0.383045 0.671635
0.666281 -0.410130 -0.622787
0.000000 -0.200995 -0.979592
0.000000 -0.401990 -0.915644
-0.915641 -0.401997 0.000000
-0.666281 -0.410130 0.622787
0.000000 0.373517 0.927623
0.982405 0.186763 0.000000
0.634179 0.383045 -0.671635
0.000000 0.373517 -0.927623
0.000000 0.186759 0.982406
0.927620 0.373526 0.000000
0.000000 0.186759 -0.982406
-0.979591 -0.200999 0.000000
60
0 0 1 2 0 0 1 0
0 1 3 2 0 2 1 0
0 4 5 6 3 3 3 0
0 7 8 2 4 5 1 0
0 9 10 11 6 7 7 0
0 12 9 13 8 6 9 0
0 8 14 15 5 10 10 0
0 16 17 18 11 12 13 0
0 19 16 20 14 11 15 0
0 19 21 22 14 14 16 0
0 23 22 18 17 16 13 0
0 24 25 26 18 19 4 0
0 27 28 29 20 21 7 0
0 3 7 2 2 4 1 0
0 30 31 32 10 22 10 0
0 33 34 35 22 23 24 0
0 36 37 28 21 25 21 0
0 37 38 39 25 26 27 0
0 40 41 42 28 29 28 0
0 35 43 44 24 30 18 0
0 45 46 37 31 32 25 0
0 46 47 38 32 33 26 0
0 33 35 41 22 24 29 0
0 48 49 43 30 34 30 0
0 49 48 50 34 30 4 0
0 51 52 46 35 31 32 0
0 52 51 53 31 35 7 0
0 54 55 47 33 36 33 0
0 55 54 56 36 33 8 0
0 34 31 35 23 22 24 0
0 57 4 6 3 3 3 0
0 58 55 56 8 36 8 0
0 2 8 15 1 5 10 0
0 13 9 11 9 6 7 0
0 59 12 13 8 8 9 0
0 23 19 22 17 14 16 0
0 20 16 18 15 11 13 0
0 21 19 20 14 14 15 0
0 60 27 29 7 20 7 0
0 17 23 18 12 17 13 0
0 61 24 26 4 18 4 0
0 24 41 25 18 29 19 0
0 62 63 64 8 26 8 0
0 65 66 67 10 37 10 0
0 66 40 42 37 28 28 0
0 27 36 28 20 21 21 0
0 63 37 39 26 25 27 0
0 37 46 38 25 32 26 0
0 41 35 44 29 24 18 0
0 36 45 37 21 31 25 0
0 68 49 50 4 34 4 0
0 40 33 41 28 22 29 0
0 35 48 43 24 30 30 0
0 46 54 47 32 33 33 0
0 45 51 46 31 35 32 0
0 69 52 53 7 31 7 0
0 63 39 64 26 27 8 0
0 66 42 67 37 28 10 0
0 41 44 25 29 18 19 0
0 31 34 32 22 23 10 0
"Mesh_vanessa_Layer2_Material84" 0 84
4
0 2.270250 0.010000 0.000000 1.000000 4.250000 2
0 2.270250 0.010000 -45.000000 1.000000 -3.250000 2
0 -2.270250 0.010000 0.000000 0.000000 4.250000 2
0 -2.270250 0.010000 -45.000000 0.000000 -3.250000 2
1
0.000000 1.000000 0.000000
2
0 0 1 2 0 0 0 0
0 1 3 2 0 0 0 0
"Mesh_vanessa_Layer2_Material85" 0 85
4
0 -3.779750 0.010000 -45.049999 1.000000 -3.250000 2
0 -8.320251 0.010000 -45.049999 0.000000 -3.250000 2
0 -8.320251 0.010000 -0.050000 0.000000 4.250000 2
0 -3.779750 0.010000 -0.050000 1.000000 4.250000 2
1
0.000000 1.000000 0.000000
2
0 0 1 2 0 0 0 0
0 3 0 2 0 0 0 0
"Mesh_vanessa_Layer2_Material86" 0 86
4
0 3.779750 0.010000 -45.049999 0.000000 -3.250000 2
0 3.779750 0.010000 -0.050000 0.000000 4.250000 2
0 8.320251 0.010000 -0.050000 1.000000 4.250000 2
0 8.320251 0.010000 -45.049999 1.000000 -3.250000 2
1
0.000000 1.000000 0.000000
2
0 0 1 2 0 0 0 0
0 3 0 2 0 0 0 0
"Mesh_vanessa_Layer2_Material87" 0 87
8
0 -12.135000 0.000000 -45.000000 4.250000 0.894068 2
0 -12.135000 4.220000 -45.000000 4.250000 0.000000 2
0 -12.135000 0.000000 0.000000 -3.250000 0.894068 2
0 12.135000 4.220000 0.000000 -3.250000 0.000000 2
0 12.135000 4.220000 -45.000000 4.250000 0.000000 2
0 12.135000 0.000000 0.000000 -3.250000 0.894068 2
0 -12.135000 4.220000 0.000000 -3.250000 0.000000 2
0 12.135000 0.000000 -45.000000 4.250000 0.894068 2
2
1.000000 0.000000 0.000000
-1.000000 0.000000 0.000000
4
0 0 1 2 0 0 0 0
0 3 4 5 1 1 1 0
0 1 6 2 0 0 0 0
0 4 7 5 1 1 1 0
"Mesh_vanessa_Layer2_Material88" 0 88
4
0 -9.160162 0.000000 0.000000 1.000000 23.000000 2
0 -9.160162 0.000000 -45.000000 1.000000 -22.000000 2
0 -12.135000 0.000000 -45.000000 0.000000 -22.000000 2
0 -12.135000 0.000000 0.000000 0.000000 23.000000 2
1
0.000000 1.000000 0.000000
2
0 0 1 2 0 0 0 0
0 3 0 2 0 0 0 0
"Mesh_vanessa_Layer2_Material89" 0 89
4
0 9.160162 0.000000 -45.000000 1.000006 -22.000000 2
0 9.160162 0.000000 0.000000 1.000006 23.000000 2
0 12.135000 0.000000 0.000000 -0.000006 23.000000 2
0 12.135000 0.000000 -45.000000 -0.000006 -22.000000 2
1
0.000000 1.000000 0.000000
2
0 0 1 2 0 0 0 0
0 3 0 2 0 0 0 0
"Mesh_vanessa_Layer2_Material90" 0 90
8
0 -12.137601 1.510000 -3.757400 0.000000 1.000000 2
0 -12.137601 1.510000 -5.242600 1.000000 1.000000 2
0 -12.062400 1.510000 -3.757400 0.000000 1.000000 2
0 -12.062400 3.390000 -5.242600 1.000000 0.000000 2
0 -12.062400 3.390000 -3.757400 0.000000 0.000000 2
0 -12.062400 1.510000 -5.242600 1.000000 1.000000 2
0 -12.137601 3.390000 -5.242600 1.000000 0.000000 2
0 -12.137601 3.390000 -3.757400 0.000000 0.000000 2
8
-0.816497 -0.408248 0.408248
-0.408248 -0.816497 -0.408248
0.577350 -0.577350 0.577350
0.816497 0.408248 -0.408248
0.408248 0.816497 0.408248
0.408248 -0.408248 -0.816497
-0.577350 0.577350 -0.577350
-0.408248 0.408248 0.816497
12
0 0 1 2 0 1 2 0
0 3 4 2 3 4 2 0
0 1 5 2 1 5 2 0
0 6 1 0 6 1 0 0
0 6 3 5 6 3 5 0
0 3 6 4 3 6 4 0
0 4 7 2 4 7 2 0
0 6 7 4 6 7 4 0
0 7 0 2 7 0 2 0
0 7 6 0 7 6 0 0
0 5 3 2 5 3 2 0
0 1 6 5 1 6 5 0
"Mesh_vanessa_Layer2_Material91" 0 91
8
0 -12.137601 3.390000 -9.757401 0.000000 0.000000 2
0 -12.137601 1.510000 -9.757401 0.000000 1.000000 2
0 -12.062400 1.510000 -9.757401 0.000000 1.000000 2
0 -12.062400 3.390000 -11.242599 1.000000 0.000000 2
0 -12.137601 3.390000 -11.242599 1.000000 0.000000 2
0 -12.062400 3.390000 -9.757401 0.000000 0.000000 2
0 -12.137601 1.510000 -11.242599 1.000000 1.000000 2
0 -12.062400 1.510000 -11.242599 1.000000 1.000000 2
8
-0.408248 0.408248 0.816497
-0.816497 -0.408248 0.408248
0.577350 -0.577350 0.577350
0.816497 0.408248 -0.408248
-0.577350 0.577350 -0.577350
0.408248 0.816497 0.408248
-0.408248 -0.816497 -0.408248
0.408248 -0.408248 -0.816497
12
0 0 1 2 0 1 2 0
0 3 4 5 3 4 5 0
0 6 7 2 6 7 2 0
0 3 5 2 3 5 2 0
0 4 3 7 4 3 7 0
0 4 6 1 4 6 1 0
0 4 0 5 4 0 5 0
0 1 6 2 1 6 2 0
0 7 3 2 7 3 2 0
0 6 4 7 6 4 7 0
0 0 4 1 0 4 1 0
0 5 0 2 5 0 2 0
"Mesh_vanessa_Layer2_Material92" 0 92
8
0 -12.062400 1.510000 -17.242599 1.000000 1.000000 2
0 -12.062400 3.390000 -17.242599 1.000000 0.000000 2
0 -12.062400 1.510000 -15.757401 0.000000 1.000000 2
0 -12.137601 3.390000 -17.242599 1.000000 0.000000 2
0 -12.137601 3.390000 -15.757401 0.000000 0.000000 2
0 -12.062400 3.390000 -15.757401 0.000000 0.000000 2
0 -12.137601 1.510000 -15.757401 0.000000 1.000000 2
0 -12.137601 1.510000 -17.242599 1.000000 1.000000 2
8
0.408248 -0.408248 -0.816497
0.816497 0.408248 -0.408248
0.577350 -0.577350 0.577350
-0.577350 0.577350 -0.577350
-0.408248 0.408248 0.816497
0.408248 0.816497 0.408248
-0.816497 -0.408248 0.408248
-0.408248 -0.816497 -0.408248
12
0 0 1 2 0 1 2 0
0 3 4 5 3 4 5 0
0 6 7 2 6 7 2 0
0 4 6 2 4 6 2 0
0 5 4 2 5 4 2 0
0 1 3 5 1 3 5 0
0 7 3 0 7 3 0 0
0 1 5 2 1 5 2 0
0 3 7 6 3 7 6 0
0 4 3 6 4 3 6 0
0 7 0 2 7 0 2 0
0 3 1 0 3 1 0 0
"Mesh_vanessa_Layer2_Material93" 0 93
8
0 -12.062400 3.390000 -23.242599 1.000000 0.000000 2
0 -12.062400 3.390000 -21.757401 0.000000 0.000000 2
0 -12.062400 1.510000 -21.757401 0.000000 1.000000 2
0 -12.137601 3.390000 -21.757401 0.000000 0.000000 2
0 -12.137601 1.510000 -21.757401 0.000000 1.000000 2
0 -12.137601 3.390000 -23.242599 1.000000 0.000000 2
0 -12.137601 1.510000 -23.242599 1.000000 1.000000 2
0 -12.062400 1.510000 -23.242599 1.000000 1.000000 2
8
0.816497 0.408248 -0.408248
0.408248 0.816497 0.408248
0.577350 -0.577350 0.577350
-0.408248 0.408248 0.816497
-0.816497 -0.408248 0.408248
-0.577350 0.577350 -0.577350
-0.408248 -0.816497 -0.408248
0.408248 -0.408248 -0.816497
12
0 0 1 2 0 1 2 0
0 3 4 2 3 4 2 0
0 5 3 1 5 3 1 0
0 5 6 4 5 6 4 0
0 5 0 7 5 0 7 0
0 6 7 2 6 7 2 0
0 1 3 2 1 3 2 0
0 0 5 1 0 5 1 0
0 4 6 2 4 6 2 0
0 6 5 7 6 5 7 0
0 3 5 4 3 5 4 0
0 7 0 2 7 0 2 0
"Mesh_vanessa_Layer2_Material94" 0 94
8
0 -12.062400 3.390000 -27.757401 0.000000 0.000000 2
0 -12.137601 3.390000 -27.757401 0.000000 0.000000 2
0 -12.062400 1.510000 -27.757401 0.000000 1.000000 2
0 -12.137601 3.390000 -29.242599 1.000000 0.000000 2
0 -12.137601 1.510000 -27.757401 0.000000 1.000000 2
0 -12.137601 1.510000 -29.242599 1.000000 1.000000 2
0 -12.062400 1.510000 -29.242599 1.000000 1.000000 2
0 -12.062400 3.390000 -29.242599 1.000000 0.000000 2
8
0.408248 0.816497 0.408248
-0.408248 0.408248 0.816497
0.577350 -0.577350 0.577350
-0.577350 0.577350 -0.577350
-0.816497 -0.408248 0.408248
-0.408248 -0.816497 -0.408248
0.408248 -0.408248 -0.816497
0.816497 0.408248 -0.408248
12
0 0 1 2 0 1 2 0
0 1 3 4 1 3 4 0
0 4 5 2 4 5 2 0
0 3 1 0 3 1 0 0
0 5 3 6 5 3 6 0
0 5 6 2 5 6 2 0
0 7 0 2 7 0 2 0
0 3 7 6 3 7 6 0
0 3 5 4 3 5 4 0
0 1 4 2 1 4 2 0
0 7 3 0 7 3 0 0
0 6 7 2 6 7 2 0
"Mesh_vanessa_Layer2_Material95" 0 95
8
0 -12.137601 1.510000 -33.757401 0.000000 1.000000 2
0 -12.137601 1.510000 -35.242599 1.000000 1.000000 2
0 -12.062400 1.510000 -33.757401 0.000000 1.000000 2
0 -12.062400 1.510000 -35.242599 1.000000 1.000000 2
0 -12.062400 3.390000 -35.242599 1.000000 0.000000 2
0 -12.137601 3.390000 -35.242599 1.000000 0.000000 2
0 -12.137601 3.390000 -33.757401 0.000000 0.000000 2
0 -12.062400 3.390000 -33.757401 0.000000 0.000000 2
8
-0.816497 -0.408248 0.408248
-0.408248 -0.816497 -0.408248
0.577350 -0.577350 0.577350
0.408248 -0.408248 -0.816497
0.816497 0.408248 -0.408248
-0.577350 0.577350 -0.577350
-0.408248 0.408248 0.816497
0.408248 0.816497 0.408248
12
0 0 1 2 0 1 2 0
0 3 4 2 3 4 2 0
0 1 5 3 1 5 3 0
0 6 5 0 6 5 0 0
0 7 6 2 7 6 2 0
0 4 5 7 4 5 7 0
0 4 7 2 4 7 2 0
0 1 3 2 1 3 2 0
0 6 0 2 6 0 2 0
0 5 4 3 5 4 3 0
0 5 1 0 5 1 0 0
0 5 6 7 5 6 7 0
"Mesh_vanessa_Layer2_Material96" 0 96
8
0 -12.137601 1.510000 -39.757401 0.000000 1.000000 2
0 -12.137601 1.510000 -41.242599 1.000000 1.000000 2
0 -12.062400 1.510000 -39.757401 0.000000 1.000000 2
0 -12.137601 3.390000 -41.242599 1.000000 0.000000 2
0 -12.062400 1.510000 -41.242599 1.000000 1.000000 2
0 -12.137601 3.390000 -39.757401 0.000000 0.000000 2
0 -12.062400 3.390000 -39.757401 0.000000 0.000000 2
0 -12.062400 3.390000 -41.242599 1.000000 0.000000 2
8
-0.816497 -0.408248 0.408248
-0.408248 -0.816497 -0.408248
0.577350 -0.577350 0.577350
-0.577350 0.577350 -0.577350
0.408248 -0.408248 -0.816497
-0.408248 0.408248 0.816497
0.408248 0.816497 0.408248
0.816497 0.408248 -0.408248
12
0 0 1 2 0 1 2 0
0 1 3 4 1 3 4 0
0 3 5 6 3 5 6 0
0 5 0 2 5 0 2 0
0 3 1 0 3 1 0 0
0 3 7 4 3 7 4 0
0 7 6 2 7 6 2 0
0 1 4 2 1 4 2 0
0 7 3 6 7 3 6 0
0 5 3 0 5 3 0 0
0 4 7 2 4 7 2 0
0 6 5 2 6 5 2 0
"Mesh_vanessa_Layer2_Material97" 0 97
8
0 12.062400 3.390000 -3.757400 0.000000 0.000000 2
0 12.062400 3.390000 -5.242600 1.000000 0.000000 2
0 12.062400 1.510000 -3.757400 0.000000 1.000000 2
0 12.137601 3.390000 -5.242600 1.000000 0.000000 2
0 12.137601 1.510000 -5.242600 1.000000 1.000000 2
0 12.062400 1.510000 -5.242600 1.000000 1.000000 2
0 12.137601 1.510000 -3.757400 0.000000 1.000000 2
0 12.137601 3.390000 -3.757400 0.000000 0.000000 2
8
-0.408248 0.816497 0.408248
-0.816497 0.408248 -0.408248
-0.577350 -0.577350 0.577350
0.577350 0.577350 -0.577350
0.408248 -0.816497 -0.408248
-0.408248 -0.408248 -0.816497
0.816497 -0.408248 0.408248
0.408248 0.408248 0.816497
12
0 0 1 2 0 1 2 0
0 3 4 5 3 4 5 0
0 4 3 6 4 3 6 0
0 1 5 2 1 5 2 0
0 7 0 2 7 0 2 0
0 3 1 0 3 1 0 0
0 5 4 2 5 4 2 0
0 1 3 5 1 3 5 0
0 4 6 2 4 6 2 0
0 6 7 2 6 7 2 0
0 3 7 6 3 7 6 0
0 7 3 0 7 3 0 0
"Mesh_vanessa_Layer2_Material98" 0 98
8
0 12.137601 1.510000 -9.757401 0.000000 1.000000 2
0 12.137601 3.390000 -9.757401 0.000000 0.000000 2
0 12.062400 1.510000 -9.757401 0.000000 1.000000 2
0 12.137601 1.510000 -11.242599 1.000000 1.000000 2
0 12.137601 3.390000 -11.242599 1.000000 0.000000 2
0 12.062400 3.390000 -11.242599 1.000000 0.000000 2
0 12.062400 1.510000 -11.242599 1.000000 1.000000 2
0 12.062400 3.390000 -9.757401 0.000000 0.000000 2
8
0.816497 -0.408248 0.408248
0.408248 0.408248 0.816497
-0.577350 -0.577350 0.577350
0.408248 -0.816497 -0.408248
0.577350 0.577350 -0.577350
-0.816497 0.408248 -0.408248
-0.408248 -0.408248 -0.816497
-0.408248 0.816497 0.408248
12
0 0 1 2 0 1 2 0
0 3 4 0 3 4 0 0
0 5 4 6 5 4 6 0
0 7 5 2 7 5 2 0
0 4 5 7 4 5 7 0
0 1 4 7 1 4 7 0
0 6 3 2 6 3 2 0
0 1 7 2 1 7 2 0
0 4 1 0 4 1 0 0
0 4 3 6 4 3 6 0
0 5 6 2 5 6 2 0
0 3 0 2 3 0 2 0
"Mesh_vanessa_Layer2_Material99" 0 99
8
0 12.137601 3.390000 -15.757401 0.000000 0.000000 2
0 12.137601 3.390000 -17.242599 1.000000 0.000000 2
0 12.062400 3.390000 -15.757401 0.000000 0.000000 2
0 12.137601 1.510000 -15.757401 0.000000 1.000000 2
0 12.062400 1.510000 -15.757401 0.000000 1.000000 2
0 12.062400 1.510000 -17.242599 1.000000 1.000000 2
0 12.137601 1.510000 -17.242599 1.000000 1.000000 2
0 12.062400 3.390000 -17.242599 1.000000 0.000000 2
8
0.408248 0.408248 0.816497
0.577350 0.577350 -0.577350
-0.408248 0.816497 0.408248
0.816497 -0.408248 0.408248
-0.577350 -0.577350 0.577350
-0.408248 -0.408248 -0.816497
0.408248 -0.816497 -0.408248
-0.816497 0.408248 -0.408248
12
0 0 1 2 0 1 2 0
0 3 0 4 3 0 4 0
0 0 2 4 0 2 4 0
0 5 6 4 5 6 4 0
0 2 7 4 2 7 4 0
0 7 1 5 7 1 5 0
0 6 1 3 6 1 3 0
0 1 7 2 1 7 2 0
0 1 0 3 1 0 3 0
0 1 6 5 1 6 5 0
0 6 3 4 6 3 4 0
0 7 5 4 7 5 4 0
"Mesh_vanessa_Layer2_Material100" 0 100
8
0 12.137601 3.390000 -23.242599 1.000000 0.000000 2
0 12.137601 1.510000 -23.242599 1.000000 1.000000 2
0 12.062400 1.510000 -23.242599 1.000000 1.000000 2
0 12.137601 3.390000 -21.757401 0.000000 0.000000 2
0 12.062400 3.390000 -21.757401 0.000000 0.000000 2
0 12.062400 1.510000 -21.757401 0.000000 1.000000 2
0 12.062400 3.390000 -23.242599 1.000000 0.000000 2
0 12.137601 1.510000 -21.757401 0.000000 1.000000 2
8
0.577350 0.577350 -0.577350
0.408248 -0.816497 -0.408248
-0.408248 -0.408248 -0.816497
0.408248 0.408248 0.816497
-0.408248 0.816497 0.408248
-0.577350 -0.577350 0.577350
-0.816497 0.408248 -0.408248
0.816497 -0.408248 0.408248
12
0 0 1 2 0 1 2 0
0 3 4 5 3 4 5 0
0 0 6 4 0 6 4 0
0 6 2 5 6 2 5 0
0 0 3 7 0 3 7 0
0 4 6 5 4 6 5 0
0 7 3 5 7 3 5 0
0 2 1 5 2 1 5 0
0 1 7 5 1 7 5 0
0 6 0 2 6 0 2 0
0 1 0 7 1 0 7 0
0 3 0 4 3 0 4 0
"Mesh_vanessa_Layer2_Material101" 0 101
8
0 12.137601 1.510000 -27.757401 0.000000 1.000000 2
0 12.137601 3.390000 -27.757401 0.000000 0.000000 2
0 12.062400 1.510000 -27.757401 0.000000 1.000000 2
0 12.062400 1.510000 -29.242599 1.000000 1.000000 2
0 12.137601 1.510000 -29.242599 1.000000 1.000000 2
0 12.062400 3.390000 -27.757401 0.000000 0.000000 2
0 12.062400 3.390000 -29.242599 1.000000 0.000000 2
0 12.137601 3.390000 -29.242599 1.000000 0.000000 2
8
0.816497 -0.408248 0.408248
0.408248 0.408248 0.816497
-0.577350 -0.577350 0.577350
-0.408248 -0.408248 -0.816497
0.408248 -0.816497 -0.408248
-0.408248 0.816497 0.408248
-0.816497 0.408248 -0.408248
0.577350 0.577350 -0.577350
12
0 0 1 2 0 1 2 0
0 3 4 2 3 4 2 0
0 1 5 2 1 5 2 0
0 5 6 2 5 6 2 0
0 6 7 3 6 7 3 0
0 4 7 0 4 7 0 0
0 4 0 2 4 0 2 0
0 1 7 5 1 7 5 0
0 7 1 0 7 1 0 0
0 7 4 3 7 4 3 0
0 7 6 5 7 6 5 0
0 6 3 2 6 3 2 0
"Mesh_vanessa_Layer2_Material102" 0 102
8
0 12.137601 3.390000 -33.757401 0.000000 0.000000 2
0 12.137601 3.390000 -35.242599 1.000000 0.000000 2
0 12.062400 3.390000 -33.757401 0.000000 0.000000 2
0 12.062400 3.390000 -35.242599 1.000000 0.000000 2
0 12.062400 1.510000 -33.757401 0.000000 1.000000 2
0 12.137601 1.510000 -35.242599 1.000000 1.000000 2
0 12.137601 1.510000 -33.757401 0.000000 1.000000 2
0 12.062400 1.510000 -35.242599 1.000000 1.000000 2
8
0.408248 0.408248 0.816497
0.577350 0.577350 -0.577350
-0.408248 0.816497 0.408248
-0.816497 0.408248 -0.408248
-0.577350 -0.577350 0.577350
0.408248 -0.816497 -0.408248
0.816497 -0.408248 0.408248
-0.408248 -0.408248 -0.816497
12
0 0 1 2 0 1 2 0
0 1 3 2 1 3 2 0
0 0 2 4 0 2 4 0
0 5 1 6 5 1 6 0
0 3 1 7 3 1 7 0
0 7 5 4 7 5 4 0
0 2 3 4 2 3 4 0
0 6 0 4 6 0 4 0
0 1 5 7 1 5 7 0
0 3 7 4 3 7 4 0
0 5 6 4 5 6 4 0
0 1 0 6 1 0 6 0
"Mesh_vanessa_Layer2" 0 103
8
0 12.062400 3.390000 -39.757401 0.000000 0.000000 2
0 12.062400 3.390000 -41.242599 1.000000 0.000000 2
0 12.062400 1.510000 -39.757401 0.000000 1.000000 2
0 12.137601 3.390000 -41.242599 1.000000 0.000000 2
0 12.062400 1.510000 -41.242599 1.000000 1.000000 2
0 12.137601 3.390000 -39.757401 0.000000 0.000000 2
0 12.137601 1.510000 -41.242599 1.000000 1.000000 2
0 12.137601 1.510000 -39.757401 0.000000 1.000000 2
8
-0.408248 0.816497 0.408248
-0.816497 0.408248 -0.408248
-0.577350 -0.577350 0.577350
0.577350 0.577350 -0.577350
-0.408248 -0.408248 -0.816497
0.408248 0.408248 0.816497
0.408248 -0.816497 -0.408248
0.816497 -0.408248 0.408248
12
0 0 1 2 0 1 2 0
0 1 3 4 1 3 4 0
0 5 3 0 5 3 0 0
0 6 3 7 6 3 7 0
0 4 6 2 4 6 2 0
0 7 5 2 7 5 2 0
0 6 7 2 6 7 2 0
0 1 4 2 1 4 2 0
0 3 6 4 3 6 4 0
0 3 5 7 3 5 7 0
0 5 0 2 5 0 2 0
0 3 1 0 3 1 0 0

Materials: 106
"Material"
1.000000 1.000000 1.000000 1.000000
1.000000 1.000000 1.000000 1.000000
0.000000 0.000000 0.000000 1.000000
1.000000 1.000000 1.000000 1.000000
51.200001
1.000000
"ex_wall.png"
""
"Material1"
1.000000 1.000000 1.000000 1.000000
1.000000 1.000000 1.000000 1.000000
0.000000 0.000000 0.000000 1.000000
0.000000 0.000000 0.000000 1.000000
51.200001
1.000000
"hashira.png"
""
"Material2"
1.000000 1.000000 1.000000 1.000000
1.000000 1.000000 1.000000 1.000000
0.000000 0.000000 0.000000 1.000000
0.000000 0.000000 0.000000 1.000000
51.200001
1.000000
"hashira.png"
""
"Material3"
1.000000 1.000000 1.000000 1.000000
1.000000 1.000000 1.000000 1.000000
0.000000 0.000000 0.000000 1.000000
0.000000 0.000000 0.000000 1.000000
51.200001
1.000000
"hashira.png"
""
"Material4"
1.000000 1.000000 1.000000 1.000000
1.000000 1.000000 1.000000 1.000000
0.000000 0.000000 0.000000 1.000000
0.000000 0.000000 0.000000 1.000000
51.200001
1.000000
"hashira.png"
""
"Material5"
1.000000 1.000000 1.000000 1.000000
1.000000 1.000000 1.000000 1.000000
0.000000 0.000000 0.000000 1.000000
0.000000 0.000000 0.000000 1.000000
51.200001
1.000000
"hashira.png"
""
"Material6"
1.000000 1.000000 1.000000 1.000000
1.000000 1.000000 1.000000 1.000000
0.000000 0.000000 0.000000 1.000000
0.000000 0.000000 0.000000 1.000000
51.200001
1.000000
"hashira.png"
""
"Material7"
1.000000 1.000000 1.000000 1.000000
1.000000 1.000000 1.000000 1.000000
0.000000 0.000000 0.000000 1.000000
0.000000 0.000000 0.000000 1.000000
51.200001
1.000000
"hashira.png"
""
"Material8"
1.000000 1.000000 1.000000 1.000000
1.000000 1.000000 1.000000 1.000000
0.000000 0.000000 0.000000 1.000000
0.000000 0.000000 0.000000 1.000000
51.200001
1.000000
"hashira.png"
""
"Material9"
1.000000 1.000000 1.000000 1.000000
1.000000 1.000000 1.000000 1.000000
0.000000 0.000000 0.000000 1.000000
0.000000 0.000000 0.000000 1.000000
51.200001
1.000000
"hashira.png"
""
"Material10"
1.000000 1.000000 1.000000 1.000000
1.000000 1.000000 1.000000 1.000000
0.000000 0.000000 0.000000 1.000000
0.000000 0.000000 0.000000 1.000000
51.200001
1.000000
"hashira.png"
""
"Material11"
1.000000 1.000000 1.000000 1.000000
1.000000 1.000000 1.000000 1.000000
0.000000 0.000000 0.000000 1.000000
0.000000 0.000000 0.000000 1.000000
51.200001
1.000000
"hashira.png"
""
"Material12"
1.000000 1.000000 1.000000 1.000000
1.000000 1.000000 1.000000 1.000000
0.000000 0.000000 0.000000 1.000000
0.000000 0.000000 0.000000 1.000000
51.200001
1.000000
"hashira.png"
""
"Material13"
1.000000 1.000000 1.000000 1.000000
1.000000 1.000000 1.000000 1.000000
0.000000 0.000000 0.000000 1.000000
0.000000 0.000000 0.000000 1.000000
51.200001
1.000000
"hashira.png"
""
"Material14"
1.000000 1.000000 1.000000 1.000000
1.000000 1.000000 1.000000 1.000000
0.000000 0.000000 0.000000 1.000000
0.000000 0.000000 0.000000 1.000000
51.200001
1.000000
"hashira.png"
""
"Material15"
1.000000 1.000000 1.000000 1.000000
1.000000 1.000000 1.000000 1.000000
0.000000 0.000000 0.000000 1.000000
0.000000 0.000000 0.000000 1.000000
51.200001
1.000000
"hashira.png"
""
"Material16"
1.000000 1.000000 1.000000 1.000000
1.000000 1.000000 1.000000 1.000000
0.000000 0.000000 0.000000 1.000000
0.000000 0.000000 0.000000 1.000000
51.200001
1.000000
"hashira.png"
""
"Material17"
1.000000 1.000000 1.000000 1.000000
1.000000 1.000000 1.000000 1.000000
0.000000 0.000000 0.000000 1.000000
0.000000 0.000000 0.000000 1.000000
51.200001
1.000000
"hashira.png"
""
"Material18"
1.000000 1.000000 1.000000 1.000000
1.000000 1.000000 1.000000 1.000000
0.000000 0.000000 0.000000 1.000000
0.000000 0.000000 0.000000 1.000000
51.200001
1.000000
"hashira.png"
""
"Material19"
1.000000 1.000000 1.000000 1.000000
1.000000 1.000000 1.000000 1.000000
0.000000 0.000000 0.000000 1.000000
0.000000 0.000000 0.000000 1.000000
51.200001
1.000000
"hashira.png"
""
"Material20"
1.000000 1.000000 1.000000 1.000000
1.000000 1.000000 1.000000 1.000000
0.000000 0.000000 0.000000 1.000000
0.000000 0.000000 0.000000 1.000000
51.200001
1.000000
"hashira.png"
""
"Material21"
1.000000 1.000000 1.000000 1.000000
1.000000 1.000000 1.000000 1.000000
0.000000 0.000000 0.000000 1.000000
0.000000 0.000000 0.000000 1.000000
51.200001
1.000000
"hashira.png"
""
"Material22"
1.000000 1.000000 1.000000 1.000000
1.000000 1.000000 1.000000 1.000000
0.000000 0.000000 0.000000 1.000000
0.000000 0.000000 0.000000 1.000000
51.200001
1.000000
"hashira.png"
""
"Material23"
1.000000 1.000000 1.000000 1.000000
1.000000 1.000000 1.000000 1.000000
0.000000 0.000000 0.000000 1.000000
0.000000 0.000000 0.000000 1.000000
51.200001
1.000000
"hashira.png"
""
"Material24"
1.000000 1.000000 1.000000 1.000000
1.000000 1.000000 1.000000 1.000000
0.000000 0.000000 0.000000 1.000000
0.000000 0.000000 0.000000 1.000000
51.200001
1.000000
"hashira.png"
""
"Material25"
1.000000 1.000000 1.000000 1.000000
1.000000 1.000000 1.000000 1.000000
0.000000 0.000000 0.000000 1.000000
0.000000 0.000000 0.000000 1.000000
51.200001
1.000000
"hashira.png"
""
"Material26"
1.000000 1.000000 1.000000 1.000000
1.000000 1.000000 1.000000 1.000000
0.000000 0.000000 0.000000 1.000000
0.000000 0.000000 0.000000 1.000000
51.200001
1.000000
"hashira.png"
""
"Material27"
1.000000 1.000000 1.000000 1.000000
1.000000 1.000000 1.000000 1.000000
0.000000 0.000000 0.000000 1.000000
0.000000 0.000000 0.000000 1.000000
51.200001
1.000000
"hashira.png"
""
"Material28"
1.000000 1.000000 1.000000 1.000000
1.000000 1.000000 1.000000 1.000000
0.000000 0.000000 0.000000 1.000000
0.000000 0.000000 0.000000 1.000000
51.200001
1.000000
"hashira.png"
""
"Material29"
1.000000 1.000000 1.000000 1.000000
1.000000 1.000000 1.000000 1.000000
0.000000 0.000000 0.000000 1.000000
0.000000 0.000000 0.000000 1.000000
51.200001
1.000000
"hashira.png"
""
"Material30"
1.000000 1.000000 1.000000 1.000000
1.000000 1.000000 1.000000 1.000000
0.000000 0.000000 0.000000 1.000000
0.000000 0.000000 0.000000 1.000000
51.200001
1.000000
"hashira.png"
""
"Material31"
1.000000 1.000000 1.000000 1.000000
1.000000 1.000000 1.000000 1.000000
0.000000 0.000000 0.000000 1.000000
1.000000 1.000000 1.000000 1.000000
51.200001
1.000000
"jutan.png"
""
"Material32"
1.000000 1.000000 1.000000 1.000000
1.000000 1.000000 1.000000 1.000000
0.000000 0.000000 0.000000 1.000000
1.000000 1.000000 1.000000 1.000000
51.200001
1.000000
"jutan.png"
""
"Material33"
1.000000 1.000000 1.000000 1.000000
1.000000 1.000000 1.000000 1.000000
0.000000 0.000000 0.000000 1.000000
1.000000 1.000000 1.000000 1.000000
51.200001
1.000000
"jutan.png"
""
"Material34"
1.000000 1.000000 1.000000 1.000000
1.000000 1.000000 1.000000 1.000000
0.000000 0.000000 0.000000 1.000000
1.000000 1.000000 1.000000 1.000000
51.200001
1.000000
"rouka.png"
""
"Material35"
1.000000 1.000000 1.000000 1.000000
1.000000 1.000000 1.000000 1.000000
0.000000 0.000000 0.000000 1.000000
1.000000 1.000000 1.000000 1.000000
51.200001
1.000000
"ex_wall_side.png"
""
"Material36"
1.000000 1.000000 1.000000 1.000000
1.000000 1.000000 1.000000 1.000000
0.000000 0.000000 0.000000 1.000000
1.000000 1.000000 1.000000 1.000000
51.200001
1.000000
"ex_wall_side.png"
""
"Material37"
1.000000 1.000000 1.000000 1.000000
1.000000 1.000000 1.000000 1.000000
0.000000 0.000000 0.000000 1.000000
1.000000 1.000000 1.000000 1.000000
51.200001
1.000000
"vanessa_l.png"
""
"Material38"
1.000000 1.000000 1.000000 1.000000
1.000000 1.000000 1.000000 1.000000
0.000000 0.000000 0.000000 1.000000
1.000000 1.000000 1.000000 1.000000
51.200001
1.000000
"vanessa_l.png"
""
"Material39"
1.000000 1.000000 1.000000 1.000000
1.000000 1.000000 1.000000 1.000000
0.000000 0.000000 0.000000 1.000000
1.000000 1.000000 1.000000 1.000000
51.200001
1.000000
"vanessa_l.png"
""
"Material40"
1.000000 1.000000 1.000000 1.000000
1.000000 1.000000 1.000000 1.000000
0.000000 0.000000 0.000000 1.000000
1.000000 1.000000 1.000000 1.000000
51.200001
1.000000
"vanessa_l.png"
""
"Material41"
1.000000 1.000000 1.000000 1.000000
1.000000 1.000000 1.000000 1.000000
0.000000 0.000000 0.000000 1.000000
1.000000 1.000000 1.000000 1.000000
51.200001
1.000000
"vanessa_l.png"
""
"Material42"
1.000000 1.000000 1.000000 1.000000
1.000000 1.000000 1.000000 1.000000
0.000000 0.000000 0.000000 1.000000
1.000000 1.000000 1.000000 1.000000
51.200001
1.000000
"vanessa_l.png"
""
"Material43"
1.000000 1.000000 1.000000 1.000000
1.000000 1.000000 1.000000 1.000000
0.000000 0.000000 0.000000 1.000000
1.000000 1.000000 1.000000 1.000000
51.200001
1.000000
"vanessa_l.png"
""
"Material44"
1.000000 1.000000 1.000000 1.000000
1.000000 1.000000 1.000000 1.000000
0.000000 0.000000 0.000000 1.000000
1.000000 1.000000 1.000000 1.000000
51.200001
1.000000
"vanessa_r.png"
""
"Material45"
1.000000 1.000000 1.000000 1.000000
1.000000 1.000000 1.000000 1.000000
0.000000 0.000000 0.000000 1.000000
1.000000 1.000000 1.000000 1.000000
51.200001
1.000000
"vanessa_r.png"
""
"Material46"
1.000000 1.000000 1.000000 1.000000
1.000000 1.000000 1.000000 1.000000
0.000000 0.000000 0.000000 1.000000
1.000000 1.000000 1.000000 1.000000
51.200001
1.000000
"vanessa_r.png"
""
"Material47"
1.000000 1.000000 1.000000 1.000000
1.000000 1.000000 1.000000 1.000000
0.000000 0.000000 0.000000 1.000000
1.000000 1.000000 1.000000 1.000000
51.200001
1.000000
"vanessa_r.png"
""
"Material48"
1.000000 1.000000 1.000000 1.000000
1.000000 1.000000 1.000000 1.000000
0.000000 0.000000 0.000000 1.000000
1.000000 1.000000 1.000000 1.000000
51.200001
1.000000
"vanessa_r.png"
""
"Material49"
1.000000 1.000000 1.000000 1.000000
1.000000 1.000000 1.000000 1.000000
0.000000 0.000000 0.000000 1.000000
1.000000 1.000000 1.000000 1.000000
51.200001
1.000000
"vanessa_r.png"
""
"Material50"
1.000000 1.000000 1.000000 1.000000
1.000000 1.000000 1.000000 1.000000
0.000000 0.000000 0.000000 1.000000
1.000000 1.000000 1.000000 1.000000
51.200001
1.000000
"vanessa_r.png"
""
"Material51"
1.000000 1.000000 1.000000 1.000000
1.000000 1.000000 1.000000 1.000000
0.000000 0.000000 0.000000 1.000000
1.000000 1.000000 1.000000 1.000000
51.200001
1.000000
"vanessa.png"
""
"Material52"
1.000000 1.000000 1.000000 1.000000
1.000000 1.000000 1.000000 1.000000
0.000000 0.000000 0.000000 1.000000
0.000000 0.000000 0.000000 1.000000
51.200001
1.000000
"vanessa_ura.png"
""
"Material53"
1.000000 1.000000 1.000000 1.000000
1.000000 1.000000 1.000000 1.000000
0.000000 0.000000 0.000000 1.000000
1.000000 1.000000 1.000000 1.000000
51.200001
1.000000
"ex_wall.png"
""
"Material54"
1.000000 1.000000 1.000000 1.000000
1.000000 1.000000 1.000000 1.000000
0.000000 0.000000 0.000000 1.000000
0.000000 0.000000 0.000000 1.000000
51.200001
1.000000
"hashira.png"
""
"Material55"
1.000000 1.000000 1.000000 1.000000
1.000000 1.000000 1.000000 1.000000
0.000000 0.000000 0.000000 1.000000
0.000000 0.000000 0.000000 1.000000
51.200001
1.000000
"hashira.png"
""
"Material56"
1.000000 1.000000 1.000000 1.000000
1.000000 1.000000 1.000000 1.000000
0.000000 0.000000 0.000000 1.000000
0.000000 0.000000 0.000000 1.000000
51.200001
1.000000
"hashira.png"
""
"Material57"
1.000000 1.000000 1.000000 1.000000
1.000000 1.000000 1.000000 1.000000
0.000000 0.000000 0.000000 1.000000
0.000000 0.000000 0.000000 1.000000
51.200001
1.000000
"hashira.png"
""
"Material58"
1.000000 1.000000 1.000000 1.000000
1.000000 1.000000 1.000000 1.000000
0.000000 0.000000 0.000000 1.000000
0.000000 0.000000 0.000000 1.000000
51.200001
1.000000
"hashira.png"
""
"Material59"
1.000000 1.000000 1.000000 1.000000
1.000000 1.000000 1.000000 1.000000
0.000000 0.000000 0.000000 1.000000
0.000000 0.000000 0.000000 1.000000
51.200001
1.000000
"hashira.png"
""
"Material60"
1.000000 1.000000 1.000000 1.000000
1.000000 1.000000 1.000000 1.000000
0.000000 0.000000 0.000000 1.000000
0.000000 0.000000 0.000000 1.000000
51.200001
1.000000
"hashira.png"
""
"Material61"
1.000000 1.000000 1.000000 1.000000
1.000000 1.000000 1.000000 1.000000
0.000000 0.000000 0.000000 1.000000
0.000000 0.000000 0.000000 1.000000
51.200001
1.000000
"hashira.png"
""
"Material62"
1.000000 1.000000 1.000000 1.000000
1.000000 1.000000 1.000000 1.000000
0.000000 0.000000 0.000000 1.000000
0.000000 0.000000 0.000000 1.000000
51.200001
1.000000
"hashira.png"
""
"Material63"
1.000000 1.000000 1.000000 1.000000
1.000000 1.000000 1.000000 1.000000
0.000000 0.000000 0.000000 1.000000
0.000000 0.000000 0.000000 1.000000
51.200001
1.000000
"hashira.png"
""
"Material64"
1.000000 1.000000 1.000000 1.000000
1.000000 1.000000 1.000000 1.000000
0.000000 0.000000 0.000000 1.000000
0.000000 0.000000 0.000000 1.000000
51.200001
1.000000
"hashira.png"
""
"Material65"
1.000000 1.000000 1.000000 1.000000
1.000000 1.000000 1.000000 1.000000
0.000000 0.000000 0.000000 1.000000
0.000000 0.000000 0.000000 1.000000
51.200001
1.000000
"hashira.png"
""
"Material66"
1.000000 1.000000 1.000000 1.000000
1.000000 1.000000 1.000000 1.000000
0.000000 0.000000 0.000000 1.000000
0.000000 0.000000 0.000000 1.000000
51.200001
1.000000
"hashira.png"
""
"Material67"
1.000000 1.000000 1.000000 1.000000
1.000000 1.000000 1.000000 1.000000
0.000000 0.000000 0.000000 1.000000
0.000000 0.000000 0.000000 1.000000
51.200001
1.000000
"hashira.png"
""
"Material68"
1.000000 1.000000 1.000000 1.000000
1.000000 1.000000 1.000000 1.000000
0.000000 0.000000 0.000000 1.000000
0.000000 0.000000 0.000000 1.000000
51.200001
1.000000
"hashira.png"
""
"Material69"
1.000000 1.000000 1.000000 1.000000
1.000000 1.000000 1.000000 1.000000
0.000000 0.000000 0.000000 1.000000
0.000000 0.000000 0.000000 1.000000
51.200001
1.000000
"hashira.png"
""
"Material70"
1.000000 1.000000 1.000000 1.000000
1.000000 1.000000 1.000000 1.000000
0.000000 0.000000 0.000000 1.000000
0.000000 0.000000 0.000000 1.000000
51.200001
1.000000
"hashira.png"
""
"Material71"
1.000000 1.000000 1.000000 1.000000
1.000000 1.000000 1.000000 1.000000
0.000000 0.000000 0.000000 1.000000
0.000000 0.000000 0.000000 1.000000
51.200001
1.000000
"hashira.png"
""
"Material72"
1.000000 1.000000 1.000000 1.000000
1.000000 1.000000 1.000000 1.000000
0.000000 0.000000 0.000000 1.000000
0.000000 0.000000 0.000000 1.000000
51.200001
1.000000
"hashira.png"
""
"Material73"
1.000000 1.000000 1.000000 1.000000
1.000000 1.000000 1.000000 1.000000
0.000000 0.000000 0.000000 1.000000
0.000000 0.000000 0.000000 1.000000
51.200001
1.000000
"hashira.png"
""
"Material74"
1.000000 1.000000 1.000000 1.000000
1.000000 1.000000 1.000000 1.000000
0.000000 0.000000 0.000000 1.000000
0.000000 0.000000 0.000000 1.000000
51.200001
1.000000
"hashira.png"
""
"Material75"
1.000000 1.000000 1.000000 1.000000
1.000000 1.000000 1.000000 1.000000
0.000000 0.000000 0.000000 1.000000
0.000000 0.000000 0.000000 1.000000
51.200001
1.000000
"hashira.png"
""
"Material76"
1.000000 1.000000 1.000000 1.000000
1.000000 1.000000 1.000000 1.000000
0.000000 0.000000 0.000000 1.000000
0.000000 0.000000 0.000000 1.000000
51.200001
1.000000
"hashira.png"
""
"Material77"
1.000000 1.000000 1.000000 1.000000
1.000000 1.000000 1.000000 1.000000
0.000000 0.000000 0.000000 1.000000
0.000000 0.000000 0.000000 1.000000
51.200001
1.000000
"hashira.png"
""
"Material78"
1.000000 1.000000 1.000000 1.000000
1.000000 1.000000 1.000000 1.000000
0.000000 0.000000 0.000000 1.000000
0.000000 0.000000 0.000000 1.000000
51.200001
1.000000
"hashira.png"
""
"Material79"
1.000000 1.000000 1.000000 1.000000
1.000000 1.000000 1.000000 1.000000
0.000000 0.000000 0.000000 1.000000
0.000000 0.000000 0.000000 1.000000
51.200001
1.000000
"hashira.png"
""
"Material80"
1.000000 1.000000 1.000000 1.000000
1.000000 1.000000 1.000000 1.000000
0.000000 0.000000 0.000000 1.000000
0.000000 0.000000 0.000000 1.000000
51.200001
1.000000
"hashira.png"
""
"Material81"
1.000000 1.000000 1.000000 1.000000
1.000000 1.000000 1.000000 1.000000
0.000000 0.000000 0.000000 1.000000
0.000000 0.000000 0.000000 1.000000
51.200001
1.000000
"hashira.png"
""
"Material82"
1.000000 1.000000 1.000000 1.000000
1.000000 1.000000 1.000000 1.000000
0.000000 0.000000 0.000000 1.000000
0.000000 0.000000 0.000000 1.000000
51.200001
1.000000
"hashira.png"
""
"Material83"
1.000000 1.000000 1.000000 1.000000
1.000000 1.000000 1.000000 1.000000
0.000000 0.000000 0.000000 1.000000
0.000000 0.000000 0.000000 1.000000
51.200001
1.000000
"hashira.png"
""
"Material84"
1.000000 1.000000 1.000000 1.000000
1.000000 1.000000 1.000000 1.000000
0.000000 0.000000 0.000000 1.000000
1.000000 1.000000 1.000000 1.000000
51.200001
1.000000
"jutan.png"
""
"Material85"
1.000000 1.000000 1.000000 1.000000
1.000000 1.000000 1.000000 1.000000
0.000000 0.000000 0.000000 1.000000
1.000000 1.000000 1.000000 1.000000
51.200001
1.000000
"jutan.png"
""
"Material86"
1.000000 1.000000 1.000000 1.000000
1.000000 1.000000 1.000000 1.000000
0.000000 0.000000 0.000000 1.000000
1.000000 1.000000 1.000000 1.000000
51.200001
1.000000
"jutan.png"
""
"Material87"
1.000000 1.000000 1.000000 1.000000
1.000000 1.000000 1.000000 1.000000
0.000000 0.000000 0.000000 1.000000
1.000000 1.000000 1.000000 1.000000
51.200001
1.000000
"rouka.png"
""
"Material88"
1.000000 1.000000 1.000000 1.000000
1.000000 1.000000 1.000000 1.000000
0.000000 0.000000 0.000000 1.000000
1.000000 1.000000 1.000000 1.000000
51.200001
1.000000
"ex_wall_side.png"
""
"Material89"
1.000000 1.000000 1.000000 1.000000
1.000000 1.000000 1.000000 1.000000
0.000000 0.000000 0.000000 1.000000
1.000000 1.000000 1.000000 1.000000
51.200001
1.000000
"ex_wall_side.png"
""
"Material90"
1.000000 1.000000 1.000000 1.000000
1.000000 1.000000 1.000000 1.000000
0.000000 0.000000 0.000000 1.000000
1.000000 1.000000 1.000000 1.000000
51.200001
1.000000
"vanessa_l.png"
""
"Material91"
1.000000 1.000000 1.000000 1.000000
1.000000 1.000000 1.000000 1.000000
0.000000 0.000000 0.000000 1.000000
1.000000 1.000000 1.000000 1.000000
51.200001
1.000000
"vanessa_l.png"
""
"Material92"
1.000000 1.000000 1.000000 1.000000
1.000000 1.000000 1.000000 1.000000
0.000000 0.000000 0.000000 1.000000
1.000000 1.000000 1.000000 1.000000
51.200001
1.000000
"vanessa_l.png"
""
"Material93"
1.000000 1.000000 1.000000 1.000000
1.000000 1.000000 1.000000 1.000000
0.000000 0.000000 0.000000 1.000000
1.000000 1.000000 1.000000 1.000000
51.200001
1.000000
"vanessa_l.png"
""
"Material94"
1.000000 1.000000 1.000000 1.000000
1.000000 1.000000 1.000000 1.000000
0.000000 0.000000 0.000000 1.000000
1.000000 1.000000 1.000000 1.000000
51.200001
1.000000
"vanessa_l.png"
""
"Material95"
1.000000 1.000000 1.000000 1.000000
1.000000 1.000000 1.000000 1.000000
0.000000 0.000000 0.000000 1.000000
1.000000 1.000000 1.000000 1.000000
51.200001
1.000000
"vanessa_l.png"
""
"Material96"
1.000000 1.000000 1.000000 1.000000
1.000000 1.000000 1.000000 1.000000
0.000000 0.000000 0.000000 1.000000
1.000000 1.000000 1.000000 1.000000
51.200001
1.000000
"vanessa_l.png"
""
"Material97"
1.000000 1.000000 1.000000 1.000000
1.000000 1.000000 1.000000 1.000000
0.000000 0.000000 0.000000 1.000000
1.000000 1.000000 1.000000 1.000000
51.200001
1.000000
"vanessa_r.png"
""
"Material98"
1.000000 1.000000 1.000000 1.000000
1.000000 1.000000 1.000000 1.000000
0.000000 0.000000 0.000000 1.000000
1.000000 1.000000 1.000000 1.000000
51.200001
1.000000
"vanessa_r.png"
""
"Material99"
1.000000 1.000000 1.000000 1.000000
1.000000 1.000000 1.000000 1.000000
0.000000 0.000000 0.000000 1.000000
1.000000 1.000000 1.000000 1.000000
51.200001
1.000000
"vanessa_r.png"
""
"Material100"
1.000000 1.000000 1.000000 1.000000
1.000000 1.000000 1.000000 1.000000
0.000000 0.000000 0.000000 1.000000
1.000000 1.000000 1.000000 1.000000
51.200001
1.000000
"vanessa_r.png"
""
"Material101"
1.000000 1.000000 1.000000 1.000000
1.000000 1.000000 1.000000 1.000000
0.000000 0.000000 0.000000 1.000000
1.000000 1.000000 1.000000 1.000000
51.200001
1.000000
"vanessa_r.png"
""
"Material102"
1.000000 1.000000 1.000000 1.000000
1.000000 1.000000 1.000000 1.000000
0.000000 0.000000 0.000000 1.000000
1.000000 1.000000 1.000000 1.000000
51.200001
1.000000
"vanessa_r.png"
""
"Material103"
1.000000 1.000000 1.000000 1.000000
1.000000 1.000000 1.000000 1.000000
0.000000 0.000000 0.000000 1.000000
1.000000 1.000000 1.000000 1.000000
51.200001
1.000000
"vanessa_r.png"
""
"Material104"
1.000000 1.000000 1.000000 1.000000
1.000000 1.000000 1.000000 1.000000
0.000000 0.000000 0.000000 1.000000
1.000000 1.000000 1.000000 1.000000
51.200001
1.000000
"vanessa.png"
""
"Material105"
1.000000 1.000000 1.000000 1.000000
1.000000 1.000000 1.000000 1.000000
0.000000 0.000000 0.000000 1.000000
0.000000 0.000000 0.000000 1.000000
51.200001
1.000000
"vanessa_ura.png"
""

Bones: 3
"Frame_SCENE_ROOT"
""
8 0.000000 0.000000 0.000000 0.000000 -0.000000 0.000000
2
1.000000 0.000000 0.000000 0.000000
361.000000 0.000000 0.000000 0.000000
2
1.000000 0.000000 -0.000000 0.000000
361.000000 0.000000 -0.000000 0.000000
"Frame1_vanessa_Layer1"
"Frame_SCENE_ROOT"
8 0.000000 2.089999 -2.500000 0.000000 -0.000000 0.000000
361
1.000000 0.000000 0.000000 -0.000000
2.000000 -0.001521 -0.000079 -0.000000
3.000000 -0.003074 -0.000147 -0.000000
4.000000 -0.004657 -0.000205 -0.000000
5.000000 -0.006269 -0.000253 -0.000000
6.000000 -0.007910 -0.000292 -0.000000
7.000000 -0.009577 -0.000322 -0.000000
8.000000 -0.011271 -0.000344 -0.000000
9.000000 -0.012990 -0.000357 -0.000000
10.000000 -0.014733 -0.000362 -0.000000
11.000000 -0.016498 -0.000359 -0.000000
12.000000 -0.018286 -0.000349 -0.000000
13.000000 -0.020095 -0.000333 -0.000000
14.000000 -0.021923 -0.000309 -0.000000
15.000000 -0.023770 -0.000280 -0.000000
16.000000 -0.025635 -0.000244 -0.000000
17.000000 -0.027517 -0.000203 -0.000000
18.000000 -0.029414 -0.000157 -0.000000
19.000000 -0.031326 -0.000106 -0.000000
20.000000 -0.033252 -0.000050 -0.000000
21.000000 -0.035190 0.000009 -0.000000
22.000000 -0.037139 0.000073 -0.000000
23.000000 -0.039099 0.000140 -0.000000
24.000000 -0.041069 0.000210 -0.000000
25.000000 -0.043047 0.000283 -0.000000
26.000000 -0.045032 0.000359 -0.000000
27.000000 -0.047023 0.000436 -0.000000
28.000000 -0.049020 0.000515 -0.000000
29.000000 -0.051020 0.000596 -0.000000
30.000000 -0.053024 0.000677 -0.000000
31.000000 -0.055030 0.000759 -0.000000
32.000000 -0.057037 0.000842 -0.000000
33.000000 -0.059044 0.000925 -0.000000
34.000000 -0.061050 0.001007 -0.000000
35.000000 -0.063054 0.001088 -0.000000
36.000000 -0.065055 0.001169 -0.000000
37.000000 -0.067051 0.001248 -0.000000
38.000000 -0.069042 0.001326 -0.000000
39.000000 -0.071028 0.001401 -0.000000
40.000000 -0.073005 0.001474 -0.000000
41.000000 -0.074975 0.001544 -0.000000
42.000000 -0.076935 0.001611 -0.000000
43.000000 -0.078884 0.001675 -0.000000
44.000000 -0.080822 0.001734 -0.000000
45.000000 -0.082748 0.001790 -0.000000
46.000000 -0.084660 0.001841 -0.000000
47.000000 -0.086557 0.001887 -0.000000
48.000000 -0.088439 0.001928 -0.000000
49.000000 -0.090304 0.001964 -0.000000
50.000000 -0.092151 0.001993 -0.000000
51.000000 -0.093979 0.002017 -0.000000
52.000000 -0.095788 0.002033 -0.000000
53.000000 -0.097576 0.002043 -0.000000
54.000000 -0.099341 0.002046 -0.000000
55.000000 -0.101084 0.002041 -0.000000
56.000000 -0.102803 0.002028 -0.000000
57.000000 -0.104497 0.002006 -0.000000
58.000000 -0.106164 0.001976 -0.000000
59.000000 -0.107805 0.001937 -0.000000
60.000000 -0.109417 0.001889 -0.000000
61.000000 -0.111000 0.001831 -0.000000
62.000000 -0.112553 0.001763 -0.000000
63.000000 -0.114074 0.001684 -0.000000
64.000000 -0.115563 0.001595 -0.000000
65.000000 -0.117019 0.001495 -0.000000
66.000000 -0.118440 0.001383 -0.000000
67.000000 -0.119825 0.001259 -0.000000
68.000000 -0.121175 0.001124 -0.000000
69.000000 -0.122486 0.000976 -0.000000
70.000000 -0.123759 0.000814 -0.000000
71.000000 -0.124992 0.000640 -0.000000
72.000000 -0.126184 0.000453 -0.000000
73.000000 -0.127335 0.000251 -0.000000
74.000000 -0.128443 0.000035 -0.000000
75.000000 -0.129507 -0.000195 -0.000000
76.000000 -0.130526 -0.000440 -0.000000
77.000000 -0.131499 -0.000701 -0.000000
78.000000 -0.132425 -0.000977 -0.000000
79.000000 -0.133303 -0.001269 -0.000000
80.000000 -0.134132 -0.001577 -0.000000
81.000000 -0.134911 -0.001902 -0.000000
82.000000 -0.135639 -0.002244 -0.000000
83.000000 -0.136314 -0.002603 -0.000000
84.000000 -0.136937 -0.002980 -0.000000
85.000000 -0.137505 -0.003375 -0.000000
86.000000 -0.138017 -0.003788 -0.000000
87.000000 -0.138473 -0.004220 -0.000000
88.000000 -0.138872 -0.004671 -0.000000
89.000000 -0.139212 -0.005141 -0.000000
90.000000 -0.139493 -0.005631 -0.000000
91.000000 -0.139713 -0.006142 -0.000000
92.000000 -0.139872 -0.006672 -0.000000
93.000000 -0.139968 -0.007224 -0.000000
94.000000 -0.140000 -0.007797 -0.000000
95.000000 -0.139956 -0.008396 -0.000000
96.000000 -0.139824 -0.009029 -0.000000
97.000000 -0.139607 -0.009694 -0.000000
98.000000 -0.139307 -0.010389 -0.000000
99.000000 -0.138924 -0.011116 -0.000000
100.000000 -0.138461 -0.011872 -0.000000
101.000000 -0.137920 -0.012657 -0.000000
102.000000 -0.137303 -0.013470 -0.000000
103.000000 -0.136610 -0.014311 -0.000000
104.000000 -0.135845 -0.015179 -0.000000
105.000000 -0.135009 -0.016073 -0.000000
106.000000 -0.134104 -0.016992 -0.000000
107.000000 -0.133130 -0.017936 -0.000000
108.000000 -0.132092 -0.018904 -0.000000
109.000000 -0.130989 -0.019895 -0.000000
110.000000 -0.129824 -0.020909 -0.000000
111.000000 -0.128599 -0.021945 -0.000000
112.000000 -0.127315 -0.023001 -0.000000
113.000000 -0.125974 -0.024077 -0.000000
114.000000 -0.124579 -0.025174 -0.000000
115.000000 -0.123130 -0.026289 -0.000000
116.000000 -0.121630 -0.027422 -0.000000
117.000000 -0.120081 -0.028573 -0.000000
118.000000 -0.118483 -0.029740 -0.000000
119.000000 -0.116840 -0.030923 -0.000000
120.000000 -0.115152 -0.032121 -0.000000
121.000000 -0.113422 -0.033334 -0.000000
122.000000 -0.111652 -0.034561 -0.000000
123.000000 -0.109843 -0.035800 -0.000000
124.000000 -0.107996 -0.037052 -0.000000
125.000000 -0.106115 -0.038315 -0.000000
126.000000 -0.104200 -0.039589 -0.000000
127.000000 -0.102254 -0.040874 -0.000000
128.000000 -0.100277 -0.042167 -0.000000
129.000000 -0.098273 -0.043469 -0.000000
130.000000 -0.096243 -0.044780 -0.000000
131.000000 -0.094188 -0.046097 -0.000000
132.000000 -0.092110 -0.047421 -0.000000
133.000000 -0.090012 -0.048750 -0.000000
134.000000 -0.087894 -0.050085 -0.000000
135.000000 -0.085760 -0.051423 -0.000000
136.000000 -0.083610 -0.052766 -0.000000
137.000000 -0.081446 -0.054111 -0.000000
138.000000 -0.079270 -0.055458 -0.000000
139.000000 -0.077085 -0.056806 -0.000000
140.000000 -0.074891 -0.058155 -0.000000
141.000000 -0.072691 -0.059504 -0.000000
142.000000 -0.070486 -0.060853 -0.000000
143.000000 -0.068278 -0.062199 -0.000000
144.000000 -0.066069 -0.063543 -0.000000
145.000000 -0.063861 -0.064884 -0.000000
146.000000 -0.061655 -0.066222 -0.000000
147.000000 -0.059454 -0.067555 -0.000000
148.000000 -0.057258 -0.068883 -0.000000
149.000000 -0.055071 -0.070204 -0.000000
150.000000 -0.052893 -0.071520 -0.000000
151.000000 -0.050727 -0.072827 -0.000000
152.000000 -0.048574 -0.074127 -0.000000
153.000000 -0.046437 -0.075418 -0.000000
154.000000 -0.044316 -0.076699 -0.000000
155.000000 -0.042214 -0.077970 -0.000000
156.000000 -0.040132 -0.079229 -0.000000
157.000000 -0.038072 -0.080477 -0.000000
158.000000 -0.036037 -0.081713 -0.000000
159.000000 -0.034028 -0.082935 -0.000000
160.000000 -0.032046 -0.084143 -0.000000
161.000000 -0.030094 -0.085337 -0.000000
162.000000 -0.028172 -0.086515 -0.000000
163.000000 -0.026284 -0.087677 -0.000000
164.000000 -0.024431 -0.088822 -0.000000
165.000000 -0.022615 -0.089950 -0.000000
166.000000 -0.020837 -0.091059 -0.000000
167.000000 -0.019099 -0.092149 -0.000000
168.000000 -0.017403 -0.093220 -0.000000
169.000000 -0.015751 -0.094269 -0.000000
170.000000 -0.014145 -0.095298 -0.000000
171.000000 -0.012586 -0.096305 -0.000000
172.000000 -0.011076 -0.097288 -0.000000
173.000000 -0.009617 -0.098249 -0.000000
174.000000 -0.008212 -0.099185 -0.000000
175.000000 -0.006860 -0.100097 -0.000000
176.000000 -0.005565 -0.100982 -0.000000
177.000000 -0.004329 -0.101842 -0.000000
178.000000 -0.003152 -0.102674 -0.000000
179.000000 -0.002037 -0.103479 -0.000000
180.000000 -0.000986 -0.104255 -0.000000
181.000000 0.000000 -0.105001 -0.000000
182.000000 0.000945 -0.105736 -0.000000
183.000000 0.001877 -0.106477 -0.000000
184.000000 0.002794 -0.107224 -0.000000
185.000000 0.003697 -0.107976 -0.000000
186.000000 0.004587 -0.108733 -0.000000
187.000000 0.005462 -0.109495 -0.000000
188.000000 0.006324 -0.110260 -0.000000
189.000000 0.007173 -0.111030 -0.000000
190.000000 0.008008 -0.111803 -0.000000
191.000000 0.008829 -0.112579 -0.000000
192.000000 0.009637 -0.113357 -0.000000
193.000000 0.010432 -0.114138 -0.000000
194.000000 0.011214 -0.114921 -0.000000
195.000000 0.011983 -0.115705 -0.000000
196.000000 0.012739 -0.116491 -0.000000
197.000000 0.013482 -0.117277 -0.000000
198.000000 0.014212 -0.118064 -0.000000
199.000000 0.014930 -0.118850 -0.000000
200.000000 0.015635 -0.119636 -0.000000
201.000000 0.016328 -0.120422 -0.000000
202.000000 0.017009 -0.121206 -0.000000
203.000000 0.017677 -0.121989 -0.000000
204.000000 0.018333 -0.122770 -0.000000
205.000000 0.018977 -0.123549 -0.000000
206.000000 0.019609 -0.124324 -0.000000
207.000000 0.020229 -0.125097 -0.000000
208.000000 0.020838 -0.125867 -0.000000
209.000000 0.021435 -0.126633 -0.000000
210.000000 0.022020 -0.127394 -0.000000
211.000000 0.022594 -0.128151 -0.000000
212.000000 0.023156 -0.128903 -0.000000
213.000000 0.023708 -0.129650 -0.000000
214.000000 0.024248 -0.130391 -0.000000
215.000000 0.024776 -0.131126 -0.000000
216.000000 0.025294 -0.131855 -0.000000
217.000000 0.025802 -0.132577 -0.000000
218.000000 0.026298 -0.133291 -0.000000
219.000000 0.026783 -0.133998 -0.000000
220.000000 0.027258 -0.134697 -0.000000
221.000000 0.027723 -0.135388 -0.000000
222.000000 0.028177 -0.136070 -0.000000
223.000000 0.028621 -0.136742 -0.000000
224.000000 0.029054 -0.137406 -0.000000
225.000000 0.029478 -0.138059 -0.000000
226.000000 0.029891 -0.138702 -0.000000
227.000000 0.030295 -0.139335 -0.000000
228.000000 0.030689 -0.139957 -0.000000
229.000000 0.031073 -0.140567 -0.000000
230.000000 0.031447 -0.141166 -0.000000
231.000000 0.031812 -0.141752 -0.000000
232.000000 0.032167 -0.142326 -0.000000
233.000000 0.032513 -0.142887 -0.000000
234.000000 0.032850 -0.143434 -0.000000
235.000000 0.033178 -0.143968 -0.000000
236.000000 0.033496 -0.144488 -0.000000
237.000000 0.033806 -0.144994 -0.000000
238.000000 0.034107 -0.145485 -0.000000
239.000000 0.034399 -0.145960 -0.000000
240.000000 0.034682 -0.146420 -0.000000
241.000000 0.034957 -0.146865 -0.000000
242.000000 0.035224 -0.147292 -0.000000
243.000000 0.035481 -0.147704 -0.000000
244.000000 0.035731 -0.148098 -0.000000
245.000000 0.035973 -0.148474 -0.000000
246.000000 0.036206 -0.148833 -0.000000
247.000000 0.036432 -0.149174 -0.000000
248.000000 0.036649 -0.149496 -0.000000
249.000000 0.036859 -0.149799 -0.000000
250.000000 0.037061 -0.150083 -0.000000
251.000000 0.037255 -0.150347 -0.000000
252.000000 0.037442 -0.150591 -0.000000
253.000000 0.037622 -0.150814 -0.000000
254.000000 0.037794 -0.151017 -0.000000
255.000000 0.037959 -0.151198 -0.000000
256.000000 0.038117 -0.151358 -0.000000
257.000000 0.038268 -0.151495 -0.000000
258.000000 0.038412 -0.151611 -0.000000
259.000000 0.038549 -0.151703 -0.000000
260.000000 0.038680 -0.151773 -0.000000
261.000000 0.038803 -0.151819 -0.000000
262.000000 0.038921 -0.151841 -0.000000
263.000000 0.039031 -0.151838 -0.000000
264.000000 0.039136 -0.151812 -0.000000
265.000000 0.039234 -0.151760 -0.000000
266.000000 0.039326 -0.151682 -0.000000
267.000000 0.039412 -0.151579 -0.000000
268.000000 0.039492 -0.151450 -0.000000
269.000000 0.039566 -0.151294 -0.000000
270.000000 0.039635 -0.151112 -0.000000
271.000000 0.039697 -0.150901 -0.000000
272.000000 0.039754 -0.150664 -0.000000
273.000000 0.039806 -0.150398 -0.000000
274.000000 0.039852 -0.150104 -0.000000
275.000000 0.039893 -0.149781 -0.000000
276.000000 0.039929 -0.149429 -0.000000
277.000000 0.039960 -0.149047 -0.000000
278.000000 0.039986 -0.148635 -0.000000
279.000000 0.040007 -0.148193 -0.000000
280.000000 0.040023 -0.147720 -0.000000
281.000000 0.040034 -0.147216 -0.000000
282.000000 0.040041 -0.146681 -0.000000
283.000000 0.040043 -0.146113 -0.000000
284.000000 0.040023 -0.145473 -0.000000
285.000000 0.039965 -0.144722 -0.000000
286.000000 0.039870 -0.143863 -0.000000
287.000000 0.039738 -0.142900 -0.000000
288.000000 0.039570 -0.141834 -0.000000
289.000000 0.039369 -0.140670 -0.000000
290.000000 0.039133 -0.139411 -0.000000
291.000000 0.038866 -0.138059 -0.000000
292.000000 0.038567 -0.136618 -0.000000
293.000000 0.038237 -0.135091 -0.000000
294.000000 0.037878 -0.133480 -0.000000
295.000000 0.037491 -0.131791 -0.000000
296.000000 0.037077 -0.130024 -0.000000
297.000000 0.036636 -0.128183 -0.000000
298.000000 0.036170 -0.126272 -0.000000
299.000000 0.035679 -0.124294 -0.000000
300.000000 0.035166 -0.122252 -0.000000
301.000000 0.034630 -0.120148 -0.000000
302.000000 0.034073 -0.117986 -0.000000
303.000000 0.033495 -0.115770 -0.000000
304.000000 0.032898 -0.113501 -0.000000
305.000000 0.032283 -0.111184 -0.000000
306.000000 0.031651 -0.108821 -0.000000
307.000000 0.031003 -0.106416 -0.000000
308.000000 0.030339 -0.103972 -0.000000
309.000000 0.029661 -0.101491 -0.000000
310.000000 0.028971 -0.098978 -0.000000
311.000000 0.028267 -0.096434 -0.000000
312.000000 0.027553 -0.093864 -0.000000
313.000000 0.026829 -0.091269 -0.000000
314.000000 0.026096 -0.088655 -0.000000
315.000000 0.025354 -0.086022 -0.000000
316.000000 0.024605 -0.083376 -0.000000
317.000000 0.023851 -0.080718 -0.000000
318.000000 0.023091 -0.078052 -0.000000
319.000000 0.022327 -0.075381 -0.000000
320.000000 0.021560 -0.072708 -0.000000
321.000000 0.020791 -0.070036 -0.000000
322.000000 0.020021 -0.067369 -0.000000
323.000000 0.019252 -0.064709 -0.000000
324.000000 0.018483 -0.062060 -0.000000
325.000000 0.017716 -0.059425 -0.000000
326.000000 0.016952 -0.056806 -0.000000
327.000000 0.016192 -0.054208 -0.000000
328.000000 0.015438 -0.051632 -0.000000
329.000000 0.014689 -0.049083 -0.000000
330.000000 0.013947 -0.046562 -0.000000
331.000000 0.013214 -0.044075 -0.000000
332.000000 0.012490 -0.041623 -0.000000
333.000000 0.011775 -0.039209 -0.000000
334.000000 0.011072 -0.036838 -0.000000
335.000000 0.010382 -0.034511 -0.000000
336.000000 0.009704 -0.032232 -0.000000
337.000000 0.009040 -0.030005 -0.000000
338.000000 0.008392 -0.027832 -0.000000
339.000000 0.007760 -0.025716 -0.000000
340.000000 0.007145 -0.023660 -0.000000
341.000000 0.006548 -0.021669 -0.000000
342.000000 0.005970 -0.019744 -0.000000
343.000000 0.005413 -0.017889 -0.000000
344.000000 0.004877 -0.016106 -0.000000
345.000000 0.004363 -0.014401 -0.000000
346.000000 0.003873 -0.012774 -0.000000
347.000000 0.003407 -0.011229 -0.000000
348.000000 0.002966 -0.009770 -0.000000
349.000000 0.002552 -0.008400 -0.000000
350.000000 0.002165 -0.007121 -0.000000
351.000000 0.001806 -0.005937 -0.000000
352.000000 0.001476 -0.004851 -0.000000
353.000000 0.001177 -0.003866 -0.000000
354.000000 0.000910 -0.002986 -0.000000
355.000000 0.000674 -0.002213 -0.000000
356.000000 0.000473 -0.001550 -0.000000
357.000000 0.000305 -0.001000 -0.000000
358.000000 0.000173 -0.000567 -0.000000
359.000000 0.000078 -0.000254 -0.000000
360.000000 0.000020 -0.000064 -0.000000
361.000000 0.000000 0.000000 -0.000000
361
1.000000 0.000000 -0.000000 0.000000
2.000000 0.005351 -0.001321 -0.001202
3.000000 0.010813 -0.002657 -0.002404
4.000000 0.016387 -0.004005 -0.003607
5.000000 0.022068 -0.005365 -0.004812
6.000000 0.027849 -0.006735 -0.006014
7.000000 0.033729 -0.008113 -0.007220
8.000000 0.039705 -0.009501 -0.008424
9.000000 0.045774 -0.010895 -0.009628
10.000000 0.051930 -0.012295 -0.010833
11.000000 0.058171 -0.013698 -0.012038
12.000000 0.064492 -0.015103 -0.013240
13.000000 0.070890 -0.016513 -0.014443
14.000000 0.077363 -0.017921 -0.015643
15.000000 0.083904 -0.019330 -0.016844
16.000000 0.090512 -0.020738 -0.018042
17.000000 0.097181 -0.022141 -0.019240
18.000000 0.103912 -0.023544 -0.020434
19.000000 0.110695 -0.024940 -0.021627
20.000000 0.117531 -0.026332 -0.022818
21.000000 0.124415 -0.027716 -0.024006
22.000000 0.131342 -0.029093 -0.025191
23.000000 0.138309 -0.030462 -0.026374
24.000000 0.145313 -0.031823 -0.027551
25.000000 0.152351 -0.033171 -0.028726
26.000000 0.159417 -0.034511 -0.029898
27.000000 0.166508 -0.035838 -0.031065
28.000000 0.173621 -0.037151 -0.032231
29.000000 0.180752 -0.038450 -0.033389
30.000000 0.187896 -0.039736 -0.034544
31.000000 0.195051 -0.041007 -0.035695
32.000000 0.202214 -0.042261 -0.036839
33.000000 0.209379 -0.043500 -0.037980
34.000000 0.216544 -0.044721 -0.039114
35.000000 0.223702 -0.045922 -0.040243
36.000000 0.230853 -0.047107 -0.041367
37.000000 0.237992 -0.048271 -0.042485
38.000000 0.245115 -0.049416 -0.043597
39.000000 0.252217 -0.050539 -0.044703
40.000000 0.259298 -0.051641 -0.045802
41.000000 0.266349 -0.052723 -0.046896
42.000000 0.273371 -0.053780 -0.047982
43.000000 0.280358 -0.054817 -0.049062
44.000000 0.287305 -0.055829 -0.050138
45.000000 0.294209 -0.056816 -0.051205
46.000000 0.301068 -0.057781 -0.052266
47.000000 0.307876 -0.058718 -0.053318
48.000000 0.314632 -0.059632 -0.054367
49.000000 0.321328 -0.060519 -0.055408
50.000000 0.327964 -0.061381 -0.056441
51.000000 0.334534 -0.062215 -0.057469
52.000000 0.341038 -0.063022 -0.058489
53.000000 0.347465 -0.063802 -0.059504
54.000000 0.353817 -0.064553 -0.060512
55.000000 0.360089 -0.065277 -0.061514
56.000000 0.366277 -0.065973 -0.062509
57.000000 0.372376 -0.066639 -0.063500
58.000000 0.378383 -0.067275 -0.064483
59.000000 0.384295 -0.067882 -0.065461
60.000000 0.390108 -0.068460 -0.066433
61.000000 0.395817 -0.069007 -0.067399
62.000000 0.401419 -0.069523 -0.068361
63.000000 0.406911 -0.070009 -0.069317
64.000000 0.412287 -0.070465 -0.070270
65.000000 0.417546 -0.070887 -0.071219
66.000000 0.422682 -0.071280 -0.072161
67.000000 0.427694 -0.071641 -0.073103
68.000000 0.432574 -0.071969 -0.074039
69.000000 0.437322 -0.072267 -0.074974
70.000000 0.441932 -0.072531 -0.075904
71.000000 0.446401 -0.072761 -0.076832
72.000000 0.450726 -0.072960 -0.077760
73.000000 0.454902 -0.073128 -0.078685
74.000000 0.458926 -0.073260 -0.079610
75.000000 0.462793 -0.073361 -0.080533
76.000000 0.466501 -0.073427 -0.081457
77.000000 0.470045 -0.073461 -0.082380
78.000000 0.473421 -0.073462 -0.083305
79.000000 0.476627 -0.073428 -0.084230
80.000000 0.479657 -0.073362 -0.085158
81.000000 0.482508 -0.073261 -0.086089
82.000000 0.485177 -0.073127 -0.087021
83.000000 0.487662 -0.072958 -0.087957
84.000000 0.489953 -0.072757 -0.088896
85.000000 0.492052 -0.072521 -0.089841
86.000000 0.493956 -0.072252 -0.090790
87.000000 0.495655 -0.071948 -0.091746
88.000000 0.497149 -0.071611 -0.092706
89.000000 0.498437 -0.071240 -0.093675
90.000000 0.499510 -0.070834 -0.094649
91.000000 0.500367 -0.070397 -0.095631
92.000000 0.501003 -0.069926 -0.096621
93.000000 0.501416 -0.069421 -0.097623
94.000000 0.501602 -0.068881 -0.098632
95.000000 0.501484 -0.068286 -0.099672
96.000000 0.500997 -0.067609 -0.100769
97.000000 0.500152 -0.066855 -0.101917
98.000000 0.498953 -0.066027 -0.103116
99.000000 0.497409 -0.065130 -0.104368
100.000000 0.495531 -0.064164 -0.105668
101.000000 0.493323 -0.063138 -0.107016
102.000000 0.490797 -0.062053 -0.108411
103.000000 0.487960 -0.060911 -0.109852
104.000000 0.484817 -0.059717 -0.111337
105.000000 0.481379 -0.058476 -0.112865
106.000000 0.477656 -0.057191 -0.114433
107.000000 0.473652 -0.055866 -0.116044
108.000000 0.469379 -0.054502 -0.117691
109.000000 0.464843 -0.053105 -0.119377
110.000000 0.460052 -0.051681 -0.121097
111.000000 0.455015 -0.050229 -0.122851
112.000000 0.449740 -0.048755 -0.124638
113.000000 0.444236 -0.047262 -0.126455
114.000000 0.438508 -0.045752 -0.128300
115.000000 0.432570 -0.044231 -0.130173
116.000000 0.426426 -0.042702 -0.132069
117.000000 0.420085 -0.041166 -0.133990
118.000000 0.413555 -0.039628 -0.135931
119.000000 0.406845 -0.038091 -0.137889
120.000000 0.399965 -0.036555 -0.139866
121.000000 0.392920 -0.035027 -0.141856
122.000000 0.385721 -0.033509 -0.143858
123.000000 0.378378 -0.032003 -0.145872
124.000000 0.370894 -0.030511 -0.147893
125.000000 0.363282 -0.029035 -0.149920
126.000000 0.355548 -0.027579 -0.151952
127.000000 0.347704 -0.026144 -0.153983
128.000000 0.339753 -0.024734 -0.156012
129.000000 0.331709 -0.023348 -0.158038
130.000000 0.323579 -0.021991 -0.160059
131.000000 0.315370 -0.020662 -0.162072
132.000000 0.307092 -0.019366 -0.164074
133.000000 0.298756 -0.018101 -0.166061
134.000000 0.290365 -0.016870 -0.168033
135.000000 0.281933 -0.015674 -0.169988
136.000000 0.273466 -0.014514 -0.171922
137.000000 0.264972 -0.013392 -0.173832
138.000000 0.256462 -0.012307 -0.175718
139.000000 0.247946 -0.011261 -0.177578
140.000000 0.239429 -0.010257 -0.179407
141.000000 0.230923 -0.009291 -0.181205
142.000000 0.222434 -0.008364 -0.182968
143.000000 0.213973 -0.007480 -0.184696
144.000000 0.205549 -0.006636 -0.186382
145.000000 0.197168 -0.005834 -0.188033
146.000000 0.188844 -0.005071 -0.189638
147.000000 0.180580 -0.004350 -0.191200
148.000000 0.172388 -0.003670 -0.192715
149.000000 0.164279 -0.003029 -0.194182
150.000000 0.156257 -0.002429 -0.195600
151.000000 0.148333 -0.001869 -0.196965
152.000000 0.140518 -0.001347 -0.198279
153.000000 0.132817 -0.000863 -0.199537
154.000000 0.125243 -0.000418 -0.200738
155.000000 0.117800 -0.000008 -0.201881
156.000000 0.110502 0.000365 -0.202965
157.000000 0.103354 0.000701 -0.203989
158.000000 0.096368 0.001005 -0.204952
159.000000 0.089549 0.001274 -0.205851
160.000000 0.082908 0.001510 -0.206685
161.000000 0.076454 0.001713 -0.207454
162.000000 0.070195 0.001884 -0.208156
163.000000 0.064141 0.002027 -0.208792
164.000000 0.058298 0.002139 -0.209359
165.000000 0.052679 0.002222 -0.209857
166.000000 0.047289 0.002278 -0.210284
167.000000 0.042138 0.002305 -0.210642
168.000000 0.037236 0.002307 -0.210927
169.000000 0.032589 0.002281 -0.211137
170.000000 0.028209 0.002229 -0.211277
171.000000 0.024102 0.002152 -0.211341
172.000000 0.020277 0.002050 -0.211329
173.000000 0.016745 0.001924 -0.211242
174.000000 0.013511 0.001773 -0.211076
175.000000 0.010587 0.001597 -0.210835
176.000000 0.007980 0.001396 -0.210515
177.000000 0.005697 0.001170 -0.210114
178.000000 0.003751 0.000917 -0.209632
179.000000 0.002145 0.000639 -0.209070
180.000000 0.000892 0.000333 -0.208423
181.000000 0.000000 0.000000 -0.207695
182.000000 -0.000589 -0.000365 -0.206879
183.000000 -0.000943 -0.000763 -0.205980
184.000000 -0.001062 -0.001193 -0.204996
185.000000 -0.000954 -0.001658 -0.203931
186.000000 -0.000623 -0.002154 -0.202787
187.000000 -0.000074 -0.002683 -0.201563
188.000000 0.000688 -0.003247 -0.200264
189.000000 0.001660 -0.003844 -0.198887
190.000000 0.002833 -0.004473 -0.197440
191.000000 0.004205 -0.005137 -0.195917
192.000000 0.005771 -0.005836 -0.194326
193.000000 0.007527 -0.006571 -0.192665
194.000000 0.009467 -0.007339 -0.190936
195.000000 0.011583 -0.008143 -0.189140
196.000000 0.013875 -0.008984 -0.187280
197.000000 0.016337 -0.009863 -0.185358
198.000000 0.018963 -0.010778 -0.183373
199.000000 0.021746 -0.011730 -0.181327
200.000000 0.024685 -0.012723 -0.179224
201.000000 0.027772 -0.013754 -0.177063
202.000000 0.031005 -0.014824 -0.174847
203.000000 0.034378 -0.015935 -0.172576
204.000000 0.037883 -0.017087 -0.170251
205.000000 0.041519 -0.018280 -0.167876
206.000000 0.045279 -0.019515 -0.165453
207.000000 0.049159 -0.020793 -0.162980
208.000000 0.053152 -0.022112 -0.160462
209.000000 0.057257 -0.023477 -0.157897
210.000000 0.061465 -0.024881 -0.155291
211.000000 0.065774 -0.026332 -0.152643
212.000000 0.070175 -0.027825 -0.149956
213.000000 0.074668 -0.029363 -0.147230
214.000000 0.079246 -0.030943 -0.144468
215.000000 0.083903 -0.032570 -0.141672
216.000000 0.088636 -0.034238 -0.138843
217.000000 0.093439 -0.035953 -0.135982
218.000000 0.098307 -0.037710 -0.133091
219.000000 0.103235 -0.039511 -0.130175
220.000000 0.108218 -0.041356 -0.127231
221.000000 0.113252 -0.043243 -0.124264
222.000000 0.118333 -0.045173 -0.121275
223.000000 0.123455 -0.047143 -0.118268
224.000000 0.128611 -0.049155 -0.115240
225.000000 0.133800 -0.051207 -0.112196
226.000000 0.139018 -0.053299 -0.109138
227.000000 0.144255 -0.055430 -0.106068
228.000000 0.149511 -0.057598 -0.102987
229.000000 0.154779 -0.059802 -0.099896
230.000000 0.160054 -0.062041 -0.096799
231.000000 0.165334 -0.064315 -0.093696
232.000000 0.170613 -0.066623 -0.090590
233.000000 0.175886 -0.068959 -0.087483
234.000000 0.181149 -0.071328 -0.084377
235.000000 0.186397 -0.073723 -0.081274
236.000000 0.191627 -0.076144 -0.078174
237.000000 0.196834 -0.078588 -0.075081
238.000000 0.202013 -0.081055 -0.071995
239.000000 0.207160 -0.083545 -0.068919
240.000000 0.212269 -0.086050 -0.065855
241.000000 0.217339 -0.088573 -0.062806
242.000000 0.222364 -0.091110 -0.059770
243.000000 0.227338 -0.093657 -0.056752
244.000000 0.232261 -0.096213 -0.053752
245.000000 0.237126 -0.098777 -0.050773
246.000000 0.241930 -0.101344 -0.047815
247.000000 0.246670 -0.103912 -0.044881
248.000000 0.251337 -0.106480 -0.041974
249.000000 0.255935 -0.109041 -0.039092
250.000000 0.260452 -0.111596 -0.036239
251.000000 0.264890 -0.114141 -0.033417
252.000000 0.269242 -0.116673 -0.030626
253.000000 0.273506 -0.119188 -0.027869
254.000000 0.277678 -0.121685 -0.025145
255.000000 0.281751 -0.124157 -0.022460
256.000000 0.285726 -0.126605 -0.019810
257.000000 0.289595 -0.129025 -0.017201
258.000000 0.293358 -0.131410 -0.014632
259.000000 0.297010 -0.133760 -0.012106
260.000000 0.300547 -0.136072 -0.009622
261.000000 0.303963 -0.138340 -0.007183
262.000000 0.307260 -0.140563 -0.004790
263.000000 0.310428 -0.142737 -0.002445
264.000000 0.313471 -0.144856 -0.000148
265.000000 0.316378 -0.146921 0.002100
266.000000 0.319149 -0.148923 0.004297
267.000000 0.321780 -0.150863 0.006440
268.000000 0.324268 -0.152736 0.008531
269.000000 0.326610 -0.154539 0.010566
270.000000 0.328798 -0.156266 0.012545
271.000000 0.330836 -0.157916 0.014467
272.000000 0.332713 -0.159485 0.016330
273.000000 0.334432 -0.160968 0.018136
274.000000 0.335985 -0.162364 0.019878
275.000000 0.337369 -0.163666 0.021559
276.000000 0.338583 -0.164875 0.023176
277.000000 0.339622 -0.165984 0.024730
278.000000 0.340481 -0.166991 0.026217
279.000000 0.341158 -0.167892 0.027638
280.000000 0.341651 -0.168686 0.028990
281.000000 0.341953 -0.169366 0.030272
282.000000 0.342063 -0.169932 0.031483
283.000000 0.341974 -0.170379 0.032624
284.000000 0.341627 -0.170666 0.033683
285.000000 0.340965 -0.170760 0.034661
286.000000 0.339999 -0.170662 0.035557
287.000000 0.338735 -0.170379 0.036373
288.000000 0.337183 -0.169913 0.037111
289.000000 0.335351 -0.169270 0.037774
290.000000 0.333248 -0.168456 0.038363
291.000000 0.330882 -0.167473 0.038878
292.000000 0.328264 -0.166329 0.039324
293.000000 0.325397 -0.165029 0.039702
294.000000 0.322293 -0.163575 0.040012
295.000000 0.318958 -0.161978 0.040256
296.000000 0.315404 -0.160238 0.040438
297.000000 0.311635 -0.158363 0.040554
298.000000 0.307661 -0.156359 0.040612
299.000000 0.303488 -0.154231 0.040611
300.000000 0.299127 -0.151985 0.040553
301.000000 0.294586 -0.149626 0.040436
302.000000 0.289869 -0.147159 0.040268
303.000000 0.284987 -0.144595 0.040046
304.000000 0.279948 -0.141932 0.039771
305.000000 0.274761 -0.139181 0.039449
306.000000 0.269429 -0.136346 0.039078
307.000000 0.263965 -0.133435 0.038660
308.000000 0.258374 -0.130451 0.038198
309.000000 0.252667 -0.127401 0.037694
310.000000 0.246849 -0.124290 0.037147
311.000000 0.240928 -0.121125 0.036563
312.000000 0.234914 -0.117909 0.035938
313.000000 0.228813 -0.114652 0.035279
314.000000 0.222636 -0.111357 0.034585
315.000000 0.216387 -0.108028 0.033859
316.000000 0.210078 -0.104674 0.033101
317.000000 0.203714 -0.101297 0.032316
318.000000 0.197302 -0.097906 0.031502
319.000000 0.190855 -0.094502 0.030665
320.000000 0.184379 -0.091093 0.029802
321.000000 0.177881 -0.087684 0.028920
322.000000 0.171370 -0.084278 0.028019
323.000000 0.164854 -0.080883 0.027100
324.000000 0.158341 -0.077503 0.026167
325.000000 0.151842 -0.074140 0.025221
326.000000 0.145363 -0.070802 0.024262
327.000000 0.138914 -0.067492 0.023295
328.000000 0.132502 -0.064217 0.022321
329.000000 0.126136 -0.060977 0.021342
330.000000 0.119825 -0.057779 0.020360
331.000000 0.113578 -0.054629 0.019377
332.000000 0.107403 -0.051527 0.018396
333.000000 0.101307 -0.048482 0.017419
334.000000 0.095304 -0.045494 0.016446
335.000000 0.089397 -0.042569 0.015483
336.000000 0.083599 -0.039709 0.014528
337.000000 0.077918 -0.036920 0.013587
338.000000 0.072361 -0.034204 0.012657
339.000000 0.066939 -0.031567 0.011746
340.000000 0.061660 -0.029010 0.010852
341.000000 0.056533 -0.026538 0.009979
342.000000 0.051568 -0.024152 0.009127
343.000000 0.046773 -0.021861 0.008302
344.000000 0.042158 -0.019661 0.007504
345.000000 0.037731 -0.017562 0.006732
346.000000 0.033502 -0.015563 0.005992
347.000000 0.029480 -0.013670 0.005287
348.000000 0.025674 -0.011884 0.004616
349.000000 0.022092 -0.010209 0.003982
350.000000 0.018746 -0.008648 0.003385
351.000000 0.015642 -0.007206 0.002832
352.000000 0.012791 -0.005885 0.002320
353.000000 0.010202 -0.004688 0.001854
354.000000 0.007885 -0.003620 0.001436
355.000000 0.005847 -0.002681 0.001068
356.000000 0.004097 -0.001878 0.000750
357.000000 0.002646 -0.001211 0.000484
358.000000 0.001502 -0.000686 0.000275
359.000000 0.000674 -0.000308 0.000124
360.000000 0.000170 -0.000078 0.000032
361.000000 0.000000 -0.000000 0.000000
"Frame2_vanessa_Layer2"
"Frame_SCENE_ROOT"
8 0.000000 0.000000 0.000000 0.000000 -0.000000 0.000000
361
1.000000 0.000000 0.000000 -0.000000
2.000000 0.000000 0.000000 0.016667
3.000000 0.000000 0.000000 0.033333
4.000000 0.000000 0.000000 0.050000
5.000000 0.000000 0.000000 0.066667
6.000000 0.000000 0.000000 0.083333
7.000000 0.000000 0.000000 0.100000
8.000000 0.000000 0.000000 0.116667
9.000000 0.000000 0.000000 0.133333
10.000000 0.000000 0.000000 0.150000
11.000000 0.000000 0.000000 0.166667
12.000000 0.000000 0.000000 0.183333
13.000000 0.000000 0.000000 0.200000
14.000000 0.000000 0.000000 0.216667
15.000000 0.000000 0.000000 0.233333
16.000000 0.000000 0.000000 0.250000
17.000000 0.000000 0.000000 0.266667
18.000000 0.000000 0.000000 0.283333
19.000000 0.000000 0.000000 0.300000
20.000000 0.000000 0.000000 0.316667
21.000000 0.000000 0.000000 0.333333
22.000000 0.000000 0.000000 0.350000
23.000000 0.000000 0.000000 0.366667
24.000000 0.000000 0.000000 0.383333
25.000000 0.000000 0.000000 0.400000
26.000000 0.000000 0.000000 0.416667
27.000000 0.000000 0.000000 0.433333
28.000000 0.000000 0.000000 0.450000
29.000000 0.000000 0.000000 0.466667
30.000000 0.000000 0.000000 0.483333
31.000000 0.000000 0.000000 0.500000
32.000000 0.000000 0.000000 0.516667
33.000000 0.000000 0.000000 0.533333
34.000000 0.000000 0.000000 0.550000
35.000000 0.000000 0.000000 0.566667
36.000000 0.000000 0.000000 0.583333
37.000000 0.000000 0.000000 0.600000
38.000000 0.000000 0.000000 0.616667
39.000000 0.000000 0.000000 0.633333
40.000000 0.000000 0.000000 0.650000
41.000000 0.000000 0.000000 0.666667
42.000000 0.000000 0.000000 0.683333
43.000000 0.000000 0.000000 0.700000
44.000000 0.000000 0.000000 0.716667
45.000000 0.000000 0.000000 0.733333
46.000000 0.000000 0.000000 0.750000
47.000000 0.000000 0.000000 0.766667
48.000000 0.000000 0.000000 0.783333
49.000000 0.000000 0.000000 0.800000
50.000000 0.000000 0.000000 0.816667
51.000000 0.000000 0.000000 0.833333
52.000000 0.000000 0.000000 0.850000
53.000000 0.000000 0.000000 0.866667
54.000000 0.000000 0.000000 0.883333
55.000000 0.000000 0.000000 0.900000
56.000000 0.000000 0.000000 0.916667
57.000000 0.000000 0.000000 0.933333
58.000000 0.000000 0.000000 0.950000
59.000000 0.000000 0.000000 0.966667
60.000000 0.000000 0.000000 0.983333
61.000000 0.000000 0.000000 1.000000
62.000000 0.000000 0.000000 1.016667
63.000000 0.000000 0.000000 1.033333
64.000000 0.000000 0.000000 1.050000
65.000000 0.000000 0.000000 1.066667
66.000000 0.000000 0.000000 1.083333
67.000000 0.000000 0.000000 1.100000
68.000000 0.000000 0.000000 1.116667
69.000000 0.000000 0.000000 1.133333
70.000000 0.000000 0.000000 1.150000
71.000000 0.000000 0.000000 1.166667
72.000000 0.000000 0.000000 1.183333
73.000000 0.000000 0.000000 1.200000
74.000000 0.000000 0.000000 1.216667
75.000000 0.000000 0.000000 1.233333
76.000000 0.000000 0.000000 1.250000
77.000000 0.000000 0.000000 1.266667
78.000000 0.000000 0.000000 1.283333
79.000000 0.000000 0.000000 1.300000
80.000000 0.000000 0.000000 1.316667
81.000000 0.000000 0.000000 1.333333
82.000000 0.000000 0.000000 1.350000
83.000000 0.000000 0.000000 1.366667
84.000000 0.000000 0.000000 1.383333
85.000000 0.000000 0.000000 1.400000
86.000000 0.000000 0.000000 1.416667
87.000000 0.000000 0.000000 1.433333
88.000000 0.000000 0.000000 1.450000
89.000000 0.000000 0.000000 1.466667
90.000000 0.000000 0.000000 1.483333
91.000000 0.000000 0.000000 1.500000
92.000000 0.000000 0.000000 1.516667
93.000000 0.000000 0.000000 1.533333
94.000000 0.000000 0.000000 1.550000
95.000000 0.000000 0.000000 1.566667
96.000000 0.000000 0.000000 1.583333
97.000000 0.000000 0.000000 1.600000
98.000000 0.000000 0.000000 1.616667
99.000000 0.000000 0.000000 1.633333
100.000000 0.000000 0.000000 1.650000
101.000000 0.000000 0.000000 1.666667
102.000000 0.000000 0.000000 1.683333
103.000000 0.000000 0.000000 1.700000
104.000000 0.000000 0.000000 1.716667
105.000000 0.000000 0.000000 1.733333
106.000000 0.000000 0.000000 1.750000
107.000000 0.000000 0.000000 1.766667
108.000000 0.000000 0.000000 1.783333
109.000000 0.000000 0.000000 1.800000
110.000000 0.000000 0.000000 1.816667
111.000000 0.000000 0.000000 1.833333
112.000000 0.000000 0.000000 1.850000
113.000000 0.000000 0.000000 1.866667
114.000000 0.000000 0.000000 1.883333
115.000000 0.000000 0.000000 1.900000
116.000000 0.000000 0.000000 1.916667
117.000000 0.000000 0.000000 1.933333
118.000000 0.000000 0.000000 1.950000
119.000000 0.000000 0.000000 1.966667
120.000000 0.000000 0.000000 1.983333
121.000000 0.000000 0.000000 2.000000
122.000000 0.000000 0.000000 2.016667
123.000000 0.000000 0.000000 2.033333
124.000000 0.000000 0.000000 2.050000
125.000000 0.000000 0.000000 2.066667
126.000000 0.000000 0.000000 2.083333
127.000000 0.000000 0.000000 2.100000
128.000000 0.000000 0.000000 2.116667
129.000000 0.000000 0.000000 2.133333
130.000000 0.000000 0.000000 2.150000
131.000000 0.000000 0.000000 2.166667
132.000000 0.000000 0.000000 2.183333
133.000000 0.000000 0.000000 2.200000
134.000000 0.000000 0.000000 2.216667
135.000000 0.000000 0.000000 2.233333
136.000000 0.000000 0.000000 2.250000
137.000000 0.000000 0.000000 2.266667
138.000000 0.000000 0.000000 2.283333
139.000000 0.000000 0.000000 2.300000
140.000000 0.000000 0.000000 2.316667
141.000000 0.000000 0.000000 2.333333
142.000000 0.000000 0.000000 2.350000
143.000000 0.000000 0.000000 2.366667
144.000000 0.000000 0.000000 2.383333
145.000000 0.000000 0.000000 2.400000
146.000000 0.000000 0.000000 2.416667
147.000000 0.000000 0.000000 2.433333
148.000000 0.000000 0.000000 2.450000
149.000000 0.000000 0.000000 2.466667
150.000000 0.000000 0.000000 2.483333
151.000000 0.000000 0.000000 2.500000
152.000000 0.000000 0.000000 2.516667
153.000000 0.000000 0.000000 2.533333
154.000000 0.000000 0.000000 2.550000
155.000000 0.000000 0.000000 2.566667
156.000000 0.000000 0.000000 2.583333
157.000000 0.000000 0.000000 2.600000
158.000000 0.000000 0.000000 2.616667
159.000000 0.000000 0.000000 2.633333
160.000000 0.000000 0.000000 2.650000
161.000000 0.000000 0.000000 2.666667
162.000000 0.000000 0.000000 2.683333
163.000000 0.000000 0.000000 2.700000
164.000000 0.000000 0.000000 2.716667
165.000000 0.000000 0.000000 2.733333
166.000000 0.000000 0.000000 2.750000
167.000000 0.000000 0.000000 2.766667
168.000000 0.000000 0.000000 2.783333
169.000000 0.000000 0.000000 2.800000
170.000000 0.000000 0.000000 2.816667
171.000000 0.000000 0.000000 2.833333
172.000000 0.000000 0.000000 2.850000
173.000000 0.000000 0.000000 2.866667
174.000000 0.000000 0.000000 2.883333
175.000000 0.000000 0.000000 2.900000
176.000000 0.000000 0.000000 2.916667
177.000000 0.000000 0.000000 2.933333
178.000000 0.000000 0.000000 2.950000
179.000000 0.000000 0.000000 2.966667
180.000000 0.000000 0.000000 2.983333
181.000000 0.000000 0.000000 3.000000
182.000000 0.000000 0.000000 3.016667
183.000000 0.000000 0.000000 3.033333
184.000000 0.000000 0.000000 3.050000
185.000000 0.000000 0.000000 3.066667
186.000000 0.000000 0.000000 3.083333
187.000000 0.000000 0.000000 3.100000
188.000000 0.000000 0.000000 3.116667
189.000000 0.000000 0.000000 3.133333
190.000000 0.000000 0.000000 3.150000
191.000000 0.000000 0.000000 3.166667
192.000000 0.000000 0.000000 3.183333
193.000000 0.000000 0.000000 3.200000
194.000000 0.000000 0.000000 3.216667
195.000000 0.000000 0.000000 3.233333
196.000000 0.000000 0.000000 3.250000
197.000000 0.000000 0.000000 3.266667
198.000000 0.000000 0.000000 3.283333
199.000000 0.000000 0.000000 3.300000
200.000000 0.000000 0.000000 3.316667
201.000000 0.000000 0.000000 3.333333
202.000000 0.000000 0.000000 3.350000
203.000000 0.000000 0.000000 3.366667
204.000000 0.000000 0.000000 3.383333
205.000000 0.000000 0.000000 3.400000
206.000000 0.000000 0.000000 3.416667
207.000000 0.000000 0.000000 3.433333
208.000000 0.000000 0.000000 3.450000
209.000000 0.000000 0.000000 3.466667
210.000000 0.000000 0.000000 3.483333
211.000000 0.000000 0.000000 3.500000
212.000000 0.000000 0.000000 3.516667
213.000000 0.000000 0.000000 3.533333
214.000000 0.000000 0.000000 3.550000
215.000000 0.000000 0.000000 3.566667
216.000000 0.000000 0.000000 3.583333
217.000000 0.000000 0.000000 3.600000
218.000000 0.000000 0.000000 3.616667
219.000000 0.000000 0.000000 3.633333
220.000000 0.000000 0.000000 3.650000
221.000000 0.000000 0.000000 3.666667
222.000000 0.000000 0.000000 3.683333
223.000000 0.000000 0.000000 3.700000
224.000000 0.000000 0.000000 3.716667
225.000000 0.000000 0.000000 3.733333
226.000000 0.000000 0.000000 3.750000
227.000000 0.000000 0.000000 3.766667
228.000000 0.000000 0.000000 3.783333
229.000000 0.000000 0.000000 3.800000
230.000000 0.000000 0.000000 3.816667
231.000000 0.000000 0.000000 3.833333
232.000000 0.000000 0.000000 3.850000
233.000000 0.000000 0.000000 3.866667
234.000000 0.000000 0.000000 3.883333
235.000000 0.000000 0.000000 3.900000
236.000000 0.000000 0.000000 3.916667
237.000000 0.000000 0.000000 3.933333
238.000000 0.000000 0.000000 3.950000
239.000000 0.000000 0.000000 3.966667
240.000000 0.000000 0.000000 3.983333
241.000000 0.000000 0.000000 4.000000
242.000000 0.000000 0.000000 4.016667
243.000000 0.000000 0.000000 4.033333
244.000000 0.000000 0.000000 4.050000
245.000000 0.000000 0.000000 4.066667
246.000000 0.000000 0.000000 4.083333
247.000000 0.000000 0.000000 4.100000
248.000000 0.000000 0.000000 4.116667
249.000000 0.000000 0.000000 4.133333
250.000000 0.000000 0.000000 4.150000
251.000000 0.000000 0.000000 4.166667
252.000000 0.000000 0.000000 4.183333
253.000000 0.000000 0.000000 4.200000
254.000000 0.000000 0.000000 4.216667
255.000000 0.000000 0.000000 4.233333
256.000000 0.000000 0.000000 4.250000
257.000000 0.000000 0.000000 4.266667
258.000000 0.000000 0.000000 4.283333
259.000000 0.000000 0.000000 4.300000
260.000000 0.000000 0.000000 4.316667
261.000000 0.000000 0.000000 4.333333
262.000000 0.000000 0.000000 4.350000
263.000000 0.000000 0.000000 4.366667
264.000000 0.000000 0.000000 4.383333
265.000000 0.000000 0.000000 4.400000
266.000000 0.000000 0.000000 4.416667
267.000000 0.000000 0.000000 4.433333
268.000000 0.000000 0.000000 4.450000
269.000000 0.000000 0.000000 4.466667
270.000000 0.000000 0.000000 4.483333
271.000000 0.000000 0.000000 4.500000
272.000000 0.000000 0.000000 4.516667
273.000000 0.000000 0.000000 4.533333
274.000000 0.000000 0.000000 4.550000
275.000000 0.000000 0.000000 4.566667
276.000000 0.000000 0.000000 4.583333
277.000000 0.000000 0.000000 4.600000
278.000000 0.000000 0.000000 4.616667
279.000000 0.000000 0.000000 4.633333
280.000000 0.000000 0.000000 4.650000
281.000000 0.000000 0.000000 4.666667
282.000000 0.000000 0.000000 4.683333
283.000000 0.000000 0.000000 4.700000
284.000000 0.000000 0.000000 4.716667
285.000000 0.000000 0.000000 4.733333
286.000000 0.000000 0.000000 4.750000
287.000000 0.000000 0.000000 4.766667
288.000000 0.000000 0.000000 4.783333
289.000000 0.000000 0.000000 4.800000
290.000000 0.000000 0.000000 4.816667
291.000000 0.000000 0.000000 4.833333
292.000000 0.000000 0.000000 4.850000
293.000000 0.000000 0.000000 4.866667
294.000000 0.000000 0.000000 4.883333
295.000000 0.000000 0.000000 4.900000
296.000000 0.000000 0.000000 4.916667
297.000000 0.000000 0.000000 4.933333
298.000000 0.000000 0.000000 4.950000
299.000000 0.000000 0.000000 4.966667
300.000000 0.000000 0.000000 4.983333
301.000000 0.000000 0.000000 5.000000
302.000000 0.000000 0.000000 5.016667
303.000000 0.000000 0.000000 5.033333
304.000000 0.000000 0.000000 5.050000
305.000000 0.000000 0.000000 5.066667
306.000000 0.000000 0.000000 5.083333
307.000000 0.000000 0.000000 5.100000
308.000000 0.000000 0.000000 5.116667
309.000000 0.000000 0.000000 5.133333
310.000000 0.000000 0.000000 5.150000
311.000000 0.000000 0.000000 5.166667
312.000000 0.000000 0.000000 5.183333
313.000000 0.000000 0.000000 5.200000
314.000000 0.000000 0.000000 5.216667
315.000000 0.000000 0.000000 5.233333
316.000000 0.000000 0.000000 5.250000
317.000000 0.000000 0.000000 5.266667
318.000000 0.000000 0.000000 5.283333
319.000000 0.000000 0.000000 5.300000
320.000000 0.000000 0.000000 5.316667
321.000000 0.000000 0.000000 5.333333
322.000000 0.000000 0.000000 5.350000
323.000000 0.000000 0.000000 5.366667
324.000000 0.000000 0.000000 5.383333
325.000000 0.000000 0.000000 5.400000
326.000000 0.000000 0.000000 5.416667
327.000000 0.000000 0.000000 5.433333
328.000000 0.000000 0.000000 5.450000
329.000000 0.000000 0.000000 5.466667
330.000000 0.000000 0.000000 5.483333
331.000000 0.000000 0.000000 5.500000
332.000000 0.000000 0.000000 5.516667
333.000000 0.000000 0.000000 5.533333
334.000000 0.000000 0.000000 5.550000
335.000000 0.000000 0.000000 5.566667
336.000000 0.000000 0.000000 5.583333
337.000000 0.000000 0.000000 5.600000
338.000000 0.000000 0.000000 5.616667
339.000000 0.000000 0.000000 5.633333
340.000000 0.000000 0.000000 5.650000
341.000000 0.000000 0.000000 5.666667
342.000000 0.000000 0.000000 5.683333
343.000000 0.000000 0.000000 5.700000
344.000000 0.000000 0.000000 5.716667
345.000000 0.000000 0.000000 5.733333
346.000000 0.000000 0.000000 5.750000
347.000000 0.000000 0.000000 5.766667
348.000000 0.000000 0.000000 5.783333
349.000000 0.000000 0.000000 5.800000
350.000000 0.000000 0.000000 5.816667
351.000000 0.000000 0.000000 5.833333
352.000000 0.000000 0.000000 5.850000
353.000000 0.000000 0.000000 5.866667
354.000000 0.000000 0.000000 5.883333
355.000000 0.000000 0.000000 5.900000
356.000000 0.000000 0.000000 5.916667
357.000000 0.000000 0.000000 5.933333
358.000000 0.000000 0.000000 5.950000
359.000000 0.000000 0.000000 5.966667
360.000000 0.000000 0.000000 5.983333
361.000000 0.000000 0.000000 6.000000
361
1.000000 0.000000 -0.000000 0.000000
2.000000 0.000000 -0.000000 0.000000
3.000000 0.000000 -0.000000 0.000000
4.000000 0.000000 -0.000000 0.000000
5.000000 0.000000 -0.000000 0.000000
6.000000 0.000000 -0.000000 0.000000
7.000000 0.000000 -0.000000 0.000000
8.000000 0.000000 -0.000000 0.000000
9.000000 0.000000 -0.000000 0.000000
10.000000 0.000000 -0.000000 0.000000
11.000000 0.000000 -0.000000 0.000000
12.000000 0.000000 -0.000000 0.000000
13.000000 0.000000 -0.000000 0.000000
14.000000 0.000000 -0.000000 0.000000
15.000000 0.000000 -0.000000 0.000000
16.000000 0.000000 -0.000000 0.000000
17.000000 0.000000 -0.000000 0.000000
18.000000 0.000000 -0.000000 0.000000
19.000000 0.000000 -0.000000 0.000000
20.000000 0.000000 -0.000000 0.000000
21.000000 0.000000 -0.000000 0.000000
22.000000 0.000000 -0.000000 0.000000
23.000000 0.000000 -0.000000 0.000000
24.000000 0.000000 -0.000000 0.000000
25.000000 0.000000 -0.000000 0.000000
26.000000 0.000000 -0.000000 0.000000
27.000000 0.000000 -0.000000 0.000000
28.000000 0.000000 -0.000000 0.000000
29.000000 0.000000 -0.000000 0.000000
30.000000 0.000000 -0.000000 0.000000
31.000000 0.000000 -0.000000 0.000000
32.000000 0.000000 -0.000000 0.000000
33.000000 0.000000 -0.000000 0.000000
34.000000 0.000000 -0.000000 0.000000
35.000000 0.000000 -0.000000 0.000000
36.000000 0.000000 -0.000000 0.000000
37.000000 0.000000 -0.000000 0.000000
38.000000 0.000000 -0.000000 0.000000
39.000000 0.000000 -0.000000 0.000000
40.000000 0.000000 -0.000000 0.000000
41.000000 0.000000 -0.000000 0.000000
42.000000 0.000000 -0.000000 0.000000
43.000000 0.000000 -0.000000 0.000000
44.000000 0.000000 -0.000000 0.000000
45.000000 0.000000 -0.000000 0.000000
46.000000 0.000000 -0.000000 0.000000
47.000000 0.000000 -0.000000 0.000000
48.000000 0.000000 -0.000000 0.000000
49.000000 0.000000 -0.000000 0.000000
50.000000 0.000000 -0.000000 0.000000
51.000000 0.000000 -0.000000 0.000000
52.000000 0.000000 -0.000000 0.000000
53.000000 0.000000 -0.000000 0.000000
54.000000 0.000000 -0.000000 0.000000
55.000000 0.000000 -0.000000 0.000000
56.000000 0.000000 -0.000000 0.000000
57.000000 0.000000 -0.000000 0.000000
58.000000 0.000000 -0.000000 0.000000
59.000000 0.000000 -0.000000 0.000000
60.000000 0.000000 -0.000000 0.000000
61.000000 0.000000 -0.000000 0.000000
62.000000 0.000000 -0.000000 0.000000
63.000000 0.000000 -0.000000 0.000000
64.000000 0.000000 -0.000000 0.000000
65.000000 0.000000 -0.000000 0.000000
66.000000 0.000000 -0.000000 0.000000
67.000000 0.000000 -0.000000 0.000000
68.000000 0.000000 -0.000000 0.000000
69.000000 0.000000 -0.000000 0.000000
70.000000 0.000000 -0.000000 0.000000
71.000000 0.000000 -0.000000 0.000000
72.000000 0.000000 -0.000000 0.000000
73.000000 0.000000 -0.000000 0.000000
74.000000 0.000000 -0.000000 0.000000
75.000000 0.000000 -0.000000 0.000000
76.000000 0.000000 -0.000000 0.000000
77.000000 0.000000 -0.000000 0.000000
78.000000 0.000000 -0.000000 0.000000
79.000000 0.000000 -0.000000 0.000000
80.000000 0.000000 -0.000000 0.000000
81.000000 0.000000 -0.000000 0.000000
82.000000 0.000000 -0.000000 0.000000
83.000000 0.000000 -0.000000 0.000000
84.000000 0.000000 -0.000000 0.000000
85.000000 0.000000 -0.000000 0.000000
86.000000 0.000000 -0.000000 0.000000
87.000000 0.000000 -0.000000 0.000000
88.000000 0.000000 -0.000000 0.000000
89.000000 0.000000 -0.000000 0.000000
90.000000 0.000000 -0.000000 0.000000
91.000000 0.000000 -0.000000 0.000000
92.000000 0.000000 -0.000000 0.000000
93.000000 0.000000 -0.000000 0.000000
94.000000 0.000000 -0.000000 0.000000
95.000000 0.000000 -0.000000 0.000000
96.000000 0.000000 -0.000000 0.000000
97.000000 0.000000 -0.000000 0.000000
98.000000 0.000000 -0.000000 0.000000
99.000000 0.000000 -0.000000 0.000000
100.000000 0.000000 -0.000000 0.000000
101.000000 0.000000 -0.000000 0.000000
102.000000 0.000000 -0.000000 0.000000
103.000000 0.000000 -0.000000 0.000000
104.000000 0.000000 -0.000000 0.000000
105.000000 0.000000 -0.000000 0.000000
106.000000 0.000000 -0.000000 0.000000
107.000000 0.000000 -0.000000 0.000000
108.000000 0.000000 -0.000000 0.000000
109.000000 0.000000 -0.000000 0.000000
110.000000 0.000000 -0.000000 0.000000
111.000000 0.000000 -0.000000 0.000000
112.000000 0.000000 -0.000000 0.000000
113.000000 0.000000 -0.000000 0.000000
114.000000 0.000000 -0.000000 0.000000
115.000000 0.000000 -0.000000 0.000000
116.000000 0.000000 -0.000000 0.000000
117.000000 0.000000 -0.000000 0.000000
118.000000 0.000000 -0.000000 0.000000
119.000000 0.000000 -0.000000 0.000000
120.000000 0.000000 -0.000000 0.000000
121.000000 0.000000 -0.000000 0.000000
122.000000 0.000000 -0.000000 0.000000
123.000000 0.000000 -0.000000 0.000000
124.000000 0.000000 -0.000000 0.000000
125.000000 0.000000 -0.000000 0.000000
126.000000 0.000000 -0.000000 0.000000
127.000000 0.000000 -0.000000 0.000000
128.000000 0.000000 -0.000000 0.000000
129.000000 0.000000 -0.000000 0.000000
130.000000 0.000000 -0.000000 0.000000
131.000000 0.000000 -0.000000 0.000000
132.000000 0.000000 -0.000000 0.000000
133.000000 0.000000 -0.000000 0.000000
134.000000 0.000000 -0.000000 0.000000
135.000000 0.000000 -0.000000 0.000000
136.000000 0.000000 -0.000000 0.000000
137.000000 0.000000 -0.000000 0.000000
138.000000 0.000000 -0.000000 0.000000
139.000000 0.000000 -0.000000 0.000000
140.000000 0.000000 -0.000000 0.000000
141.000000 0.000000 -0.000000 0.000000
142.000000 0.000000 -0.000000 0.000000
143.000000 0.000000 -0.000000 0.000000
144.000000 0.000000 -0.000000 0.000000
145.000000 0.000000 -0.000000 0.000000
146.000000 0.000000 -0.000000 0.000000
147.000000 0.000000 -0.000000 0.000000
148.000000 0.000000 -0.000000 0.000000
149.000000 0.000000 -0.000000 0.000000
150.000000 0.000000 -0.000000 0.000000
151.000000 0.000000 -0.000000 0.000000
152.000000 0.000000 -0.000000 0.000000
153.000000 0.000000 -0.000000 0.000000
154.000000 0.000000 -0.000000 0.000000
155.000000 0.000000 -0.000000 0.000000
156.000000 0.000000 -0.000000 0.000000
157.000000 0.000000 -0.000000 0.000000
158.000000 0.000000 -0.000000 0.000000
159.000000 0.000000 -0.000000 0.000000
160.000000 0.000000 -0.000000 0.000000
161.000000 0.000000 -0.000000 0.000000
162.000000 0.000000 -0.000000 0.000000
163.000000 0.000000 -0.000000 0.000000
164.000000 0.000000 -0.000000 0.000000
165.000000 0.000000 -0.000000 0.000000
166.000000 0.000000 -0.000000 0.000000
167.000000 0.000000 -0.000000 0.000000
168.000000 0.000000 -0.000000 0.000000
169.000000 0.000000 -0.000000 0.000000
170.000000 0.000000 -0.000000 0.000000
171.000000 0.000000 -0.000000 0.000000
172.000000 0.000000 -0.000000 0.000000
173.000000 0.000000 -0.000000 0.000000
174.000000 0.000000 -0.000000 0.000000
175.000000 0.000000 -0.000000 0.000000
176.000000 0.000000 -0.000000 0.000000
177.000000 0.000000 -0.000000 0.000000
178.000000 0.000000 -0.000000 0.000000
179.000000 0.000000 -0.000000 0.000000
180.000000 0.000000 -0.000000 0.000000
181.000000 0.000000 -0.000000 0.000000
182.000000 0.000000 -0.000000 0.000000
183.000000 0.000000 -0.000000 0.000000
184.000000 0.000000 -0.000000 0.000000
185.000000 0.000000 -0.000000 0.000000
186.000000 0.000000 -0.000000 0.000000
187.000000 0.000000 -0.000000 0.000000
188.000000 0.000000 -0.000000 0.000000
189.000000 0.000000 -0.000000 0.000000
190.000000 0.000000 -0.000000 0.000000
191.000000 0.000000 -0.000000 0.000000
192.000000 0.000000 -0.000000 0.000000
193.000000 0.000000 -0.000000 0.000000
194.000000 0.000000 -0.000000 0.000000
195.000000 0.000000 -0.000000 0.000000
196.000000 0.000000 -0.000000 0.000000
197.000000 0.000000 -0.000000 0.000000
198.000000 0.000000 -0.000000 0.000000
199.000000 0.000000 -0.000000 0.000000
200.000000 0.000000 -0.000000 0.000000
201.000000 0.000000 -0.000000 0.000000
202.000000 0.000000 -0.000000 0.000000
203.000000 0.000000 -0.000000 0.000000
204.000000 0.000000 -0.000000 0.000000
205.000000 0.000000 -0.000000 0.000000
206.000000 0.000000 -0.000000 0.000000
207.000000 0.000000 -0.000000 0.000000
208.000000 0.000000 -0.000000 0.000000
209.000000 0.000000 -0.000000 0.000000
210.000000 0.000000 -0.000000 0.000000
211.000000 0.000000 -0.000000 0.000000
212.000000 0.000000 -0.000000 0.000000
213.000000 0.000000 -0.000000 0.000000
214.000000 0.000000 -0.000000 0.000000
215.000000 0.000000 -0.000000 0.000000
216.000000 0.000000 -0.000000 0.000000
217.000000 0.000000 -0.000000 0.000000
218.000000 0.000000 -0.000000 0.000000
219.000000 0.000000 -0.000000 0.000000
220.000000 0.000000 -0.000000 0.000000
221.000000 0.000000 -0.000000 0.000000
222.000000 0.000000 -0.000000 0.000000
223.000000 0.000000 -0.000000 0.000000
224.000000 0.000000 -0.000000 0.000000
225.000000 0.000000 -0.000000 0.000000
226.000000 0.000000 -0.000000 0.000000
227.000000 0.000000 -0.000000 0.000000
228.000000 0.000000 -0.000000 0.000000
229.000000 0.000000 -0.000000 0.000000
230.000000 0.000000 -0.000000 0.000000
231.000000 0.000000 -0.000000 0.000000
232.000000 0.000000 -0.000000 0.000000
233.000000 0.000000 -0.000000 0.000000
234.000000 0.000000 -0.000000 0.000000
235.000000 0.000000 -0.000000 0.000000
236.000000 0.000000 -0.000000 0.000000
237.000000 0.000000 -0.000000 0.000000
238.000000 0.000000 -0.000000 0.000000
239.000000 0.000000 -0.000000 0.000000
240.000000 0.000000 -0.000000 0.000000
241.000000 0.000000 -0.000000 0.000000
242.000000 0.000000 -0.000000 0.000000
243.000000 0.000000 -0.000000 0.000000
244.000000 0.000000 -0.000000 0.000000
245.000000 0.000000 -0.000000 0.000000
246.000000 0.000000 -0.000000 0.000000
247.000000 0.000000 -0.000000 0.000000
248.000000 0.000000 -0.000000 0.000000
249.000000 0.000000 -0.000000 0.000000
250.000000 0.000000 -0.000000 0.000000
251.000000 0.000000 -0.000000 0.000000
252.000000 0.000000 -0.000000 0.000000
253.000000 0.000000 -0.000000 0.000000
254.000000 0.000000 -0.000000 0.000000
255.000000 0.000000 -0.000000 0.000000
256.000000 0.000000 -0.000000 0.000000
257.000000 0.000000 -0.000000 0.000000
258.000000 0.000000 -0.000000 0.000000
259.000000 0.000000 -0.000000 0.000000
260.000000 0.000000 -0.000000 0.000000
261.000000 0.000000 -0.000000 0.000000
262.000000 0.000000 -0.000000 0.000000
263.000000 0.000000 -0.000000 0.000000
264.000000 0.000000 -0.000000 0.000000
265.000000 0.000000 -0.000000 0.000000
266.000000 0.000000 -0.000000 0.000000
267.000000 0.000000 -0.000000 0.000000
268.000000 0.000000 -0.000000 0.000000
269.000000 0.000000 -0.000000 0.000000
270.000000 0.000000 -0.000000 0.000000
271.000000 0.000000 -0.000000 0.000000
272.000000 0.000000 -0.000000 0.000000
273.000000 0.000000 -0.000000 0.000000
274.000000 0.000000 -0.000000 0.000000
275.000000 0.000000 -0.000000 0.000000
276.000000 0.000000 -0.000000 0.000000
277.000000 0.000000 -0.000000 0.000000
278.000000 0.000000 -0.000000 0.000000
279.000000 0.000000 -0.000000 0.000000
280.000000 0.000000 -0.000000 0.000000
281.000000 0.000000 -0.000000 0.000000
282.000000 0.000000 -0.000000 0.000000
283.000000 0.000000 -0.000000 0.000000
284.000000 0.000000 -0.000000 0.000000
285.000000 0.000000 -0.000000 0.000000
286.000000 0.000000 -0.000000 0.000000
287.000000 0.000000 -0.000000 0.000000
288.000000 0.000000 -0.000000 0.000000
289.000000 0.000000 -0.000000 0.000000
290.000000 0.000000 -0.000000 0.000000
291.000000 0.000000 -0.000000 0.000000
292.000000 0.000000 -0.000000 0.000000
293.000000 0.000000 -0.000000 0.000000
294.000000 0.000000 -0.000000 0.000000
295.000000 0.000000 -0.000000 0.000000
296.000000 0.000000 -0.000000 0.000000
297.000000 0.000000 -0.000000 0.000000
298.000000 0.000000 -0.000000 0.000000
299.000000 0.000000 -0.000000 0.000000
300.000000 0.000000 -0.000000 0.000000
301.000000 0.000000 -0.000000 0.000000
302.000000 0.000000 -0.000000 0.000000
303.000000 0.000000 -0.000000 0.000000
304.000000 0.000000 -0.000000 0.000000
305.000000 0.000000 -0.000000 0.000000
306.000000 0.000000 -0.000000 0.000000
307.000000 0.000000 -0.000000 0.000000
308.000000 0.000000 -0.000000 0.000000
309.000000 0.000000 -0.000000 0.000000
310.000000 0.000000 -0.000000 0.000000
311.000000 0.000000 -0.000000 0.000000
312.000000 0.000000 -0.000000 0.000000
313.000000 0.000000 -0.000000 0.000000
314.000000 0.000000 -0.000000 0.000000
315.000000 0.000000 -0.000000 0.000000
316.000000 0.000000 -0.000000 0.000000
317.000000 0.000000 -0.000000 0.000000
318.000000 0.000000 -0.000000 0.000000
319.000000 0.000000 -0.000000 0.000000
320.000000 0.000000 -0.000000 0.000000
321.000000 0.000000 -0.000000 0.000000
322.000000 0.000000 -0.000000 0.000000
323.000000 0.000000 -0.000000 0.000000
324.000000 0.000000 -0.000000 0.000000
325.000000 0.000000 -0.000000 0.000000
326.000000 0.000000 -0.000000 0.000000
327.000000 0.000000 -0.000000 0.000000
328.000000 0.000000 -0.000000 0.000000
329.000000 0.000000 -0.000000 0.000000
330.000000 0.000000 -0.000000 0.000000
331.000000 0.000000 -0.000000 0.000000
332.000000 0.000000 -0.000000 0.000000
333.000000 0.000000 -0.000000 0.000000
334.000000 0.000000 -0.000000 0.000000
335.000000 0.000000 -0.000000 0.000000
336.000000 0.000000 -0.000000 0.000000
337.000000 0.000000 -0.000000 0.000000
338.000000 0.000000 -0.000000 0.000000
339.000000 0.000000 -0.000000 0.000000
340.000000 0.000000 -0.000000 0.000000
341.000000 0.000000 -0.000000 0.000000
342.000000 0.000000 -0.000000 0.000000
343.000000 0.000000 -0.000000 0.000000
344.000000 0.000000 -0.000000 0.000000
345.000000 0.000000 -0.000000 0.000000
346.000000 0.000000 -0.000000 0.000000
347.000000 0.000000 -0.000000 0.000000
348.000000 0.000000 -0.000000 0.000000
349.000000 0.000000 -0.000000 0.000000
350.000000 0.000000 -0.000000 0.000000
351.000000 0.000000 -0.000000 0.000000
352.000000 0.000000 -0.000000 0.000000
353.000000 0.000000 -0.000000 0.000000
354.000000 0.000000 -0.000000 0.000000
355.000000 0.000000 -0.000000 0.000000
356.000000 0.000000 -0.000000 0.000000
357.000000 0.000000 -0.000000 0.000000
358.000000 0.000000 -0.000000 0.000000
359.000000 0.000000 -0.000000 0.000000
360.000000 0.000000 -0.000000 0.000000
361.000000 0.000000 -0.000000 0.000000
GroupComments: 0
MaterialComments: 0
BoneComments: 0
ModelComment: 0
